DELETE FROM "public"."lineas_transaccion";
DELETE FROM "public"."incidencias_barra";
DELETE FROM "public"."transacciones";
DELETE FROM "public"."wallet";
DELETE FROM "public"."usuario";
DELETE FROM "public"."asignaciones_camareros";
DELETE FROM "public"."camareros";
DELETE FROM "public"."productos";
DELETE FROM "public"."barras";

-- TABLA BARRAS
INSERT INTO "public"."barras" ("id_barra", "nombre_localizacion", "estado_cola") VALUES
	(1, 'Barra Escenario Principal', 'alta'),
	(2, 'Barra Escenario Indie', 'baja'),
	(3, 'Food Truck Hamburguesas', 'media'),
	(4, 'Food Truck Vegano', 'baja'),
	(5, 'Barra Zona VIP', 'baja');

-- TABLA CAMAREROS
INSERT INTO "public"."camareros" ("id_camarero", "nombre", "apellidos", "activo", "id_barra_actual") VALUES
	(1, 'Carmen', 'Sánchez', true, 3),
	(2, 'Carmen', 'Suárez', true, 1),
	(3, 'Marta', 'Molina', true, 1),
	(4, 'Alba', 'Gil', true, 5),
	(5, 'Diego', 'Ramos', true, 3),
	(6, 'Daniel', 'Alonso', true, 3),
	(7, 'Daniel', 'Ramos', true, 5),
	(8, 'Javier', 'Ortega', true, 3),
	(9, 'Sofía', 'Delgado', true, 1),
	(10, 'Sofía', 'Torres', true, 1),
	(11, 'Pablo', 'Ramos', true, 1),
	(12, 'Carmen', 'Suárez', true, 4),
	(13, 'María', 'Sánchez', true, 4),
	(14, 'Hugo', 'Gil', true, 4),
	(15, 'Julia', 'Sánchez', true, 4),
	(16, 'Laura', 'Martínez', true, 3),
	(17, 'Javier', 'Serrano', true, 1),
	(18, 'David', 'Fernández', true, 2),
	(19, 'Daniel', 'Suárez', true, 5),
	(20, 'Lucía', 'Delgado', true, 1);

-- TABLA ASIGNACIONES_CAMAREROS
INSERT INTO "public"."asignaciones_camareros" ("id_asignacion", "id_camarero", "id_barra", "fecha_inicio", "fecha_fin", "horas_imputadas") VALUES
	(1, 1, 2, '2026-04-19 21:00:00', '2026-04-20 01:00:00', 4.00),
	(2, 1, 5, '2026-04-19 01:00:00', '2026-04-19 04:00:00', 3.00),
	(3, 1, 1, '2026-04-20 16:00:00', '2026-04-21 04:00:00', 12.00),
	(4, 1, 3, '2026-04-21 16:00:00', '2026-04-21 20:00:00', 4.00),
	(5, 2, 1, '2026-04-19 16:00:00', '2026-04-20 04:00:00', 12.00),
	(6, 2, 4, '2026-04-20 16:00:00', '2026-04-21 02:00:00', 10.00),
	(7, 2, 1, '2026-04-20 02:00:00', '2026-04-20 03:00:00', 1.00),
	(8, 2, 4, '2026-04-20 03:00:00', '2026-04-20 04:00:00', 1.00),
	(9, 2, 1, '2026-04-21 16:00:00', '2026-04-21 20:00:00', 4.00),
	(10, 3, 1, '2026-04-19 16:00:00', '2026-04-20 04:00:00', 12.00),
	(11, 3, 5, '2026-04-20 16:00:00', '2026-04-21 04:00:00', 12.00),
	(12, 3, 1, '2026-04-21 16:00:00', '2026-04-21 18:00:00', 2.00),
	(13, 3, 1, '2026-04-21 18:00:00', '2026-04-21 20:00:00', 2.00),
	(14, 4, 1, '2026-04-19 16:00:00', '2026-04-20 04:00:00', 12.00),
	(15, 4, 4, '2026-04-20 16:00:00', '2026-04-20 21:00:00', 5.00),
	(16, 4, 5, '2026-04-20 21:00:00', '2026-04-21 02:00:00', 5.00),
	(17, 4, 1, '2026-04-20 02:00:00', '2026-04-20 04:00:00', 2.00),
	(18, 4, 5, '2026-04-21 16:00:00', '2026-04-21 20:00:00', 4.00),
	(19, 5, 4, '2026-04-19 16:00:00', '2026-04-19 19:00:00', 3.00),
	(20, 5, 3, '2026-04-19 19:00:00', '2026-04-20 00:00:00', 5.00),
	(21, 5, 2, '2026-04-19 00:00:00', '2026-04-19 04:00:00', 4.00),
	(22, 5, 4, '2026-04-20 16:00:00', '2026-04-20 19:00:00', 3.00),
	(23, 5, 2, '2026-04-20 19:00:00', '2026-04-21 02:00:00', 7.00),
	(24, 5, 1, '2026-04-20 02:00:00', '2026-04-20 04:00:00', 2.00),
	(25, 5, 3, '2026-04-21 16:00:00', '2026-04-21 17:00:00', 1.00),
	(26, 5, 3, '2026-04-21 17:00:00', '2026-04-21 20:00:00', 3.00),
	(27, 6, 3, '2026-04-19 16:00:00', '2026-04-20 04:00:00', 12.00),
	(28, 6, 4, '2026-04-20 16:00:00', '2026-04-21 04:00:00', 12.00),
	(29, 6, 3, '2026-04-21 16:00:00', '2026-04-21 20:00:00', 4.00),
	(30, 7, 5, '2026-04-19 18:00:00', '2026-04-20 04:00:00', 10.00),
	(31, 7, 3, '2026-04-20 16:00:00', '2026-04-20 19:00:00', 3.00),
	(32, 7, 2, '2026-04-20 19:00:00', '2026-04-21 04:00:00', 9.00),
	(33, 7, 5, '2026-04-21 16:00:00', '2026-04-21 20:00:00', 4.00),
	(34, 8, 3, '2026-04-19 18:00:00', '2026-04-20 04:00:00', 10.00),
	(35, 8, 5, '2026-04-20 16:00:00', '2026-04-21 04:00:00', 12.00),
	(36, 8, 3, '2026-04-21 16:00:00', '2026-04-21 20:00:00', 4.00),
	(37, 9, 5, '2026-04-19 20:00:00', '2026-04-20 04:00:00', 8.00),
	(38, 9, 3, '2026-04-20 16:00:00', '2026-04-21 04:00:00', 12.00),
	(39, 9, 5, '2026-04-21 16:00:00', '2026-04-21 19:00:00', 3.00),
	(40, 9, 1, '2026-04-21 19:00:00', '2026-04-21 20:00:00', 1.00),
	(41, 10, 1, '2026-04-19 19:00:00', '2026-04-20 04:00:00', 9.00),
	(42, 10, 4, '2026-04-20 16:00:00', '2026-04-21 04:00:00', 12.00),
	(43, 10, 1, '2026-04-21 16:00:00', '2026-04-21 20:00:00', 4.00),
	(44, 11, 4, '2026-04-19 16:00:00', '2026-04-20 04:00:00', 12.00),
	(45, 11, 3, '2026-04-20 16:00:00', '2026-04-21 04:00:00', 12.00),
	(46, 11, 1, '2026-04-21 16:00:00', '2026-04-21 17:00:00', 1.00),
	(47, 11, 1, '2026-04-21 17:00:00', '2026-04-21 20:00:00', 3.00),
	(48, 12, 5, '2026-04-19 17:00:00', '2026-04-20 04:00:00', 11.00),
	(49, 12, 5, '2026-04-20 16:00:00', '2026-04-21 00:00:00', 8.00),
	(50, 12, 1, '2026-04-20 00:00:00', '2026-04-20 04:00:00', 4.00),
	(51, 12, 4, '2026-04-21 16:00:00', '2026-04-21 20:00:00', 4.00),
	(52, 13, 1, '2026-04-19 16:00:00', '2026-04-19 17:00:00', 1.00),
	(53, 13, 4, '2026-04-19 17:00:00', '2026-04-19 18:00:00', 1.00),
	(54, 13, 1, '2026-04-19 18:00:00', '2026-04-19 23:00:00', 5.00),
	(55, 13, 1, '2026-04-19 23:00:00', '2026-04-20 00:00:00', 1.00),
	(56, 13, 1, '2026-04-19 00:00:00', '2026-04-19 04:00:00', 4.00),
	(57, 13, 3, '2026-04-20 16:00:00', '2026-04-20 19:00:00', 3.00),
	(58, 13, 3, '2026-04-20 19:00:00', '2026-04-21 02:00:00', 7.00),
	(59, 13, 4, '2026-04-20 02:00:00', '2026-04-20 04:00:00', 2.00),
	(60, 13, 4, '2026-04-21 16:00:00', '2026-04-21 20:00:00', 4.00),
	(61, 14, 3, '2026-04-19 16:00:00', '2026-04-20 04:00:00', 12.00),
	(62, 14, 3, '2026-04-20 16:00:00', '2026-04-21 04:00:00', 12.00),
	(63, 14, 4, '2026-04-21 16:00:00', '2026-04-21 20:00:00', 4.00),
	(64, 15, 4, '2026-04-19 16:00:00', '2026-04-19 22:00:00', 6.00),
	(65, 15, 3, '2026-04-19 22:00:00', '2026-04-20 01:00:00', 3.00),
	(66, 15, 1, '2026-04-19 01:00:00', '2026-04-19 04:00:00', 3.00),
	(67, 15, 3, '2026-04-20 16:00:00', '2026-04-21 04:00:00', 12.00),
	(68, 15, 2, '2026-04-21 16:00:00', '2026-04-21 18:00:00', 2.00),
	(69, 15, 4, '2026-04-21 18:00:00', '2026-04-21 20:00:00', 2.00),
	(70, 16, 1, '2026-04-19 16:00:00', '2026-04-20 04:00:00', 12.00),
	(71, 16, 5, '2026-04-20 16:00:00', '2026-04-20 20:00:00', 4.00),
	(72, 16, 2, '2026-04-20 20:00:00', '2026-04-21 04:00:00', 8.00),
	(73, 16, 3, '2026-04-21 16:00:00', '2026-04-21 20:00:00', 4.00),
	(74, 17, 1, '2026-04-19 21:00:00', '2026-04-19 23:00:00', 2.00),
	(75, 17, 3, '2026-04-19 23:00:00', '2026-04-20 00:00:00', 1.00),
	(76, 17, 2, '2026-04-19 00:00:00', '2026-04-19 04:00:00', 4.00),
	(77, 17, 3, '2026-04-20 16:00:00', '2026-04-21 04:00:00', 12.00),
	(78, 17, 1, '2026-04-21 16:00:00', '2026-04-21 20:00:00', 4.00),
	(79, 18, 4, '2026-04-19 16:00:00', '2026-04-19 20:00:00', 4.00),
	(80, 18, 5, '2026-04-19 20:00:00', '2026-04-20 04:00:00', 8.00),
	(81, 18, 2, '2026-04-20 16:00:00', '2026-04-20 17:00:00', 1.00),
	(82, 18, 3, '2026-04-20 17:00:00', '2026-04-21 04:00:00', 11.00),
	(83, 18, 3, '2026-04-21 16:00:00', '2026-04-21 19:00:00', 3.00),
	(84, 18, 2, '2026-04-21 19:00:00', '2026-04-21 20:00:00', 1.00),
	(85, 19, 3, '2026-04-19 16:00:00', '2026-04-20 01:00:00', 9.00),
	(86, 19, 4, '2026-04-19 01:00:00', '2026-04-19 04:00:00', 3.00),
	(87, 19, 2, '2026-04-20 16:00:00', '2026-04-21 04:00:00', 12.00),
	(88, 19, 5, '2026-04-21 16:00:00', '2026-04-21 20:00:00', 4.00),
	(89, 20, 1, '2026-04-19 19:00:00', '2026-04-20 01:00:00', 6.00),
	(90, 20, 3, '2026-04-19 01:00:00', '2026-04-19 03:00:00', 2.00),
	(91, 20, 3, '2026-04-19 03:00:00', '2026-04-19 04:00:00', 1.00),
	(92, 20, 3, '2026-04-20 16:00:00', '2026-04-20 18:00:00', 2.00),
	(93, 20, 1, '2026-04-20 18:00:00', '2026-04-20 21:00:00', 3.00),
	(94, 20, 3, '2026-04-20 21:00:00', '2026-04-21 04:00:00', 7.00),
	(95, 20, 1, '2026-04-21 16:00:00', '2026-04-21 20:00:00', 4.00);

-- TABLA PRODUCTOS
INSERT INTO "public"."productos" ("id_producto", "id_barra", "nombre", "precio", "categoria") VALUES
	(1, 1, 'Cerveza (Caña)', 4.00, 'bebida'),
	(2, 1, 'Cerveza (Litro)', 9.00, 'bebida'),
	(3, 1, 'Agua', 2.50, 'bebida'),
	(4, 1, 'Refresco', 3.50, 'bebida'),
	(5, 1, 'Copa Nacional', 8.00, 'bebida'),
	(6, 1, 'Copa Premium', 12.00, 'bebida'),
	(7, 1, 'Bebida Energética', 4.50, 'bebida'),
	(8, 1, 'Snack Salado', 2.00, 'comida'),
	(9, 2, 'Cerveza (Caña)', 4.00, 'bebida'),
	(10, 2, 'Agua', 2.50, 'bebida'),
	(11, 2, 'Tinto de Verano', 5.00, 'bebida'),
	(12, 2, 'Refresco', 3.50, 'bebida'),
	(13, 2, 'Copa Nacional', 8.00, 'bebida'),
	(14, 3, 'Doble Smash', 9.50, 'comida'),
	(15, 3, 'Burger Pollo Crujiente', 8.50, 'comida'),
	(16, 3, 'Patatas Fritas', 4.00, 'comida'),
	(17, 3, 'Cerveza (Caña)', 4.00, 'bebida'),
	(18, 3, 'Agua', 2.50, 'bebida'),
	(19, 3, 'Refresco', 3.50, 'bebida'),
	(20, 4, 'Wrap de Heura', 9.00, 'comida'),
	(21, 4, 'Hummus con Nachos', 6.00, 'comida'),
	(22, 4, 'Poke de Verduras', 8.50, 'comida'),
	(23, 4, 'Kombucha', 4.50, 'bebida'),
	(24, 4, 'Cerveza Artesanal', 5.50, 'bebida'),
	(25, 4, 'Agua', 2.50, 'bebida'),
	(26, 5, 'Copa Premium', 12.00, 'bebida'),
	(27, 5, 'Cocktail de Autor', 10.00, 'bebida'),
	(28, 5, 'Botella Champagne', 90.00, 'bebida'),
	(29, 5, 'Cerveza Artesanal', 6.00, 'bebida'),
	(30, 5, 'Agua Premium', 3.50, 'bebida');

-- TABLA USUARIO
INSERT INTO "public"."usuario" ("id_usuario", "nombre", "apellidos", "edad", "correo", "telefono", "token_pago", "preferencia_musica", "preferencia_comida") VALUES
	(1, 'Alejandro', 'Ruiz', 32, 'alejandro.ruiz_9389@hotmail.com', '+34 659 28 51 52', 'tok_1A2B', 'Techno', 'Pizza'),
	(2, 'Hugo', 'Domínguez', 34, 'hugo.domínguez_9914@hotmail.com', '+34 685 21 74 20', 'tok_3T7H', 'Pop', 'Sushi'),
	(3, 'Raúl', 'Delgado', 28, 'raúl.delgado_7513@icloud.com', '+34 677 60 23 40', 'tok_8Y1C', 'Pop', 'Paella'),
	(4, 'Javier', 'Moreno', 30, 'javier.moreno_6701@icloud.com', '+34 653 55 37 55', 'tok_2O2Y', 'Pop', 'Sushi'),
	(5, 'Sergio', 'Romero', 18, 'sergio.romero_3932@outlook.com', '+34 637 41 95 22', 'tok_4Q5H', 'Rock', 'Paella'),
	(6, 'Daniel', 'Díaz', 30, 'daniel.díaz_5665@gmail.com', '+34 677 33 07 40', 'tok_4N9A', 'Indie', 'Pizza'),
	(7, 'David', 'Torres', 25, 'david.torres_1707@icloud.com', '+34 645 76 38 41', 'tok_1O0A', 'Indie', 'Hot Dogs'),
	(8, 'Alejandro', 'Molina', 19, 'alejandro.molina_3942@hotmail.com', '+34 647 63 56 65', 'tok_3C7H', 'Pop', 'Pizza'),
	(9, 'Mario', 'López', 31, 'mario.lópez_8702@hotmail.com', '+34 680 59 63 65', 'tok_0N5A', 'Pop', 'Paella'),
	(10, 'Sara', 'Álvarez', 20, 'sara.álvarez_7626@hotmail.com', '+34 698 63 57 98', 'tok_8P5F', 'Reggaetón', 'Kebab'),
	(11, 'Julia', 'Ruiz', 23, 'julia.ruiz_7821@hotmail.com', '+34 665 06 08 46', 'tok_7E0M', 'Rock', 'Hamburguesas'),
	(12, 'Claudia', 'Vázquez', 33, 'claudia.vázquez_0035@hotmail.com', '+34 602 27 21 21', 'tok_4M8Q', 'Indie', 'Hamburguesas'),
	(13, 'Claudia', 'Alonso', 20, 'claudia.alonso_1176@outlook.com', '+34 615 61 60 97', 'tok_5E9H', 'Reggaetón', 'Hot Dogs'),
	(14, 'Julia', 'Alonso', 31, 'julia.alonso_5580@gmail.com', '+34 668 33 41 27', 'tok_8F5Z', 'Urban', 'Tacos'),
	(15, 'María', 'Delgado', 20, 'maría.delgado_9514@outlook.com', '+34 682 20 76 08', 'tok_0E9T', 'Pop', 'Paella'),
	(16, 'Raúl', 'Serrano', 25, 'raúl.serrano_8231@icloud.com', '+34 634 62 13 84', 'tok_3Y6O', 'Metal', 'Hamburguesas'),
	(17, 'Julia', 'Romero', 30, 'julia.romero_3465@hotmail.com', '+34 624 41 05 91', 'tok_7D0S', 'Techno', 'Paella'),
	(18, 'Laura', 'Fernández', 25, 'laura.fernández_3140@outlook.com', '+34 645 80 13 59', 'tok_1A4C', 'Reggaetón', 'Kebab'),
	(19, 'Hugo', 'Navarro', 19, 'hugo.navarro_1318@hotmail.com', '+34 627 33 94 68', 'tok_4Q8V', 'Urban', 'Vegano'),
	(20, 'Pablo', 'Blanco', 21, 'pablo.blanco_8195@icloud.com', '+34 629 63 82 95', 'tok_1L9S', 'Metal', 'Tacos'),
	(21, 'David', 'Sánchez', 22, 'david.sánchez_2152@yahoo.es', '+34 659 47 05 06', 'tok_5Z3L', 'Reggaetón', 'Pizza'),
	(22, 'Lucía', 'Alonso', 18, 'lucía.alonso_6961@yahoo.es', '+34 679 48 80 04', 'tok_2W2L', 'Pop', 'Paella'),
	(23, 'Raúl', 'Alonso', 32, 'raúl.alonso_3411@yahoo.es', '+34 626 20 52 24', 'tok_4W7Y', 'Pop', 'Sushi'),
	(24, 'Elena', 'Martín', 32, 'elena.martín_2153@yahoo.es', '+34 646 27 82 09', 'tok_5R6E', 'Electrónica', 'Kebab'),
	(25, 'María', 'Gómez', 28, 'maría.gómez_2745@icloud.com', '+34 630 00 58 24', 'tok_2R5W', 'Electrónica', 'Pizza'),
	(26, 'Irene', 'Ramos', 26, 'irene.ramos_4786@yahoo.es', '+34 642 35 29 24', 'tok_8U6H', 'Rock', 'Sushi'),
	(27, 'Álvaro', 'García', 18, 'álvaro.garcía_4186@yahoo.es', '+34 644 76 10 29', 'tok_1W8R', 'Reggaetón', 'Paella'),
	(28, 'Sofía', 'Gil', 21, 'sofía.gil_5606@yahoo.es', '+34 615 31 47 85', 'tok_8P4Y', 'Urban', 'Vegano'),
	(29, 'Javier', 'Díaz', 24, 'javier.díaz_6494@icloud.com', '+34 690 03 81 82', 'tok_3W2A', 'Urban', 'Pizza'),
	(30, 'Laura', 'Blanco', 18, 'laura.blanco_3641@gmail.com', '+34 643 80 31 48', 'tok_9I7U', 'Electrónica', 'Sushi'),
	(31, 'Paula', 'Díaz', 25, 'paula.díaz_5140@hotmail.com', '+34 665 83 79 17', 'tok_4Z2O', 'Urban', 'Pizza'),
	(32, 'Lucía', 'Molina', 32, 'lucía.molina_3803@hotmail.com', '+34 664 09 39 65', 'tok_3Q5G', 'Urban', 'Hot Dogs'),
	(33, 'Noelia', 'Ruiz', 26, 'noelia.ruiz_3690@outlook.com', '+34 642 29 70 34', 'tok_3F4J', 'Rock', 'Sushi'),
	(34, 'Irene', 'Morales', 34, 'irene.morales_9428@gmail.com', '+34 601 35 45 62', 'tok_0W8I', 'Reggaetón', 'Hot Dogs'),
	(35, 'Mario', 'Sánchez', 25, 'mario.sánchez_7770@outlook.com', '+34 629 63 14 23', 'tok_8W2W', 'Rock', 'Hamburguesas'),
	(36, 'Julia', 'Pérez', 20, 'julia.pérez_8264@gmail.com', '+34 622 00 92 98', 'tok_0W6J', 'Pop', 'Sushi'),
	(37, 'Jorge', 'Blanco', 31, 'jorge.blanco_4338@yahoo.es', '+34 647 69 00 50', 'tok_7F0U', 'Rock', 'Kebab'),
	(38, 'Carmen', 'Gutiérrez', 25, 'carmen.gutiérrez_2791@gmail.com', '+34 608 57 73 79', 'tok_7Q7F', 'Rock', 'Pizza'),
	(39, 'Marta', 'Navarro', 29, 'marta.navarro_3265@icloud.com', '+34 669 72 80 79', 'tok_8G7G', 'Techno', 'Hot Dogs'),
	(40, 'Raúl', 'Ortega', 29, 'raúl.ortega_0460@hotmail.com', '+34 629 17 67 60', 'tok_0F7U', 'Metal', 'Kebab'),
	(41, 'María', 'Blanco', 23, 'maría.blanco_7750@outlook.com', '+34 617 95 68 17', 'tok_7I2W', 'Pop', 'Hot Dogs'),
	(42, 'Ana', 'Alonso', 30, 'ana.alonso_3054@outlook.com', '+34 663 74 14 33', 'tok_7B8R', 'Urban', 'Hamburguesas'),
	(43, 'Noelia', 'Ramos', 23, 'noelia.ramos_8524@yahoo.es', '+34 669 44 06 89', 'tok_8Y9Y', 'Indie', 'Vegano'),
	(44, 'Mario', 'Torres', 27, 'mario.torres_2382@outlook.com', '+34 669 87 13 18', 'tok_8K2L', 'Pop', 'Hot Dogs'),
	(45, 'Diego', 'Ramos', 18, 'diego.ramos_1983@outlook.com', '+34 660 15 68 52', 'tok_7F3F', 'Rock', 'Pizza'),
	(46, 'Hugo', 'Martín', 30, 'hugo.martín_0438@hotmail.com', '+34 658 79 59 19', 'tok_9V1M', 'Urban', 'Sushi'),
	(47, 'Lucía', 'Morales', 19, 'lucía.morales_0039@hotmail.com', '+34 656 32 37 27', 'tok_8K1D', 'Electrónica', 'Pizza'),
	(48, 'Iván', 'Ramos', 23, 'iván.ramos_7262@gmail.com', '+34 638 45 44 74', 'tok_4W2T', 'Reggaetón', 'Hot Dogs'),
	(49, 'Alba', 'Martínez', 19, 'alba.martínez_2551@gmail.com', '+34 643 01 32 41', 'tok_1X0P', 'Techno', 'Paella'),
	(50, 'Laura', 'Ramírez', 21, 'laura.ramírez_0326@icloud.com', '+34 647 54 52 62', 'tok_4K0W', 'Rock', 'Sushi'),
	(51, 'Raúl', 'Pérez', 27, 'raúl.pérez_4318@outlook.com', '+34 684 09 07 30', 'tok_5D7U', 'Techno', 'Paella'),
	(52, 'Julia', 'Moreno', 32, 'julia.moreno_7842@gmail.com', '+34 641 10 90 53', 'tok_4V2J', 'Pop', 'Vegano'),
	(53, 'Julia', 'Sánchez', 32, 'julia.sánchez_4900@outlook.com', '+34 690 09 08 85', 'tok_9D9X', 'Metal', 'Kebab'),
	(54, 'Álvaro', 'Gómez', 29, 'álvaro.gómez_1854@yahoo.es', '+34 619 95 38 61', 'tok_7O8G', 'Rock', 'Hamburguesas'),
	(55, 'María', 'Torres', 29, 'maría.torres_4361@icloud.com', '+34 648 04 61 09', 'tok_8T6Q', 'Rock', 'Pizza'),
	(56, 'María', 'Domínguez', 35, 'maría.domínguez_1427@outlook.com', '+34 668 36 10 76', 'tok_8T3H', 'Electrónica', 'Hamburguesas'),
	(57, 'Laura', 'Ortega', 35, 'laura.ortega_3735@hotmail.com', '+34 689 43 28 14', 'tok_3L5Z', 'Urban', 'Hamburguesas'),
	(58, 'Ana', 'Suárez', 18, 'ana.suárez_1321@icloud.com', '+34 617 75 21 98', 'tok_6K8V', 'Techno', 'Hamburguesas'),
	(59, 'Elena', 'Serrano', 28, 'elena.serrano_7299@gmail.com', '+34 658 87 45 71', 'tok_2I1N', 'Reggaetón', 'Sushi'),
	(60, 'Mario', 'Domínguez', 20, 'mario.domínguez_0777@hotmail.com', '+34 608 32 44 26', 'tok_9U8N', 'Rock', 'Paella'),
	(61, 'Ana', 'Ortega', 21, 'ana.ortega_4966@hotmail.com', '+34 694 64 44 69', 'tok_8Z2A', 'Urban', 'Hamburguesas'),
	(62, 'Hugo', 'Moreno', 22, 'hugo.moreno_6526@icloud.com', '+34 683 03 65 07', 'tok_7K8J', 'Metal', 'Tacos'),
	(63, 'Álvaro', 'Suárez', 31, 'álvaro.suárez_6107@gmail.com', '+34 673 12 80 99', 'tok_7P9X', 'Pop', 'Vegano'),
	(64, 'Mario', 'Suárez', 34, 'mario.suárez_7866@yahoo.es', '+34 669 42 39 77', 'tok_6U3A', 'Indie', 'Sushi'),
	(65, 'Noelia', 'Morales', 30, 'noelia.morales_1620@hotmail.com', '+34 625 19 51 76', 'tok_4S2Z', 'Urban', 'Kebab'),
	(66, 'Marcos', 'Molina', 31, 'marcos.molina_0224@hotmail.com', '+34 646 43 12 12', 'tok_1P0Z', 'Reggaetón', 'Hot Dogs'),
	(67, 'Diego', 'Gil', 30, 'diego.gil_8075@icloud.com', '+34 672 90 89 92', 'tok_8S2S', 'Pop', 'Hamburguesas'),
	(68, 'Lucía', 'Álvarez', 26, 'lucía.álvarez_7046@outlook.com', '+34 694 97 88 14', 'tok_4B6W', 'Reggaetón', 'Sushi'),
	(69, 'Paula', 'Morales', 18, 'paula.morales_6715@icloud.com', '+34 690 21 94 62', 'tok_7E3I', 'Metal', 'Tacos'),
	(70, 'Daniel', 'Ortega', 27, 'daniel.ortega_3806@icloud.com', '+34 640 84 35 86', 'tok_0B6U', 'Indie', 'Pizza'),
	(71, 'Daniel', 'Muñoz', 20, 'daniel.muñoz_8608@hotmail.com', '+34 664 35 81 11', 'tok_5Z4U', 'Indie', 'Kebab'),
	(72, 'Alba', 'García', 21, 'alba.garcía_2631@outlook.com', '+34 639 20 91 56', 'tok_2U4G', 'Electrónica', 'Hot Dogs'),
	(73, 'Álvaro', 'Álvarez', 24, 'álvaro.álvarez_5957@outlook.com', '+34 665 27 54 93', 'tok_1A0E', 'Metal', 'Tacos'),
	(74, 'Daniel', 'Torres', 33, 'daniel.torres_9277@icloud.com', '+34 615 06 43 53', 'tok_0C9W', 'Electrónica', 'Hot Dogs'),
	(75, 'Álvaro', 'Fernández', 24, 'álvaro.fernández_9993@gmail.com', '+34 609 03 89 46', 'tok_8V8A', 'Electrónica', 'Pizza');

-- TABLA WALLET
INSERT INTO "public"."wallet" ("id_wallet", "id_usuario", "saldo") VALUES
	(1, 1, 73.42),
	(2, 2, 33.41),
	(3, 3, 191.32),
	(4, 4, 0.00),
	(5, 5, 40.94),
	(6, 6, 104.17),
	(7, 7, 124.73),
	(8, 8, 91.94),
	(9, 9, 58.93),
	(10, 10, 121.52),
	(11, 11, 47.36),
	(12, 12, 129.81),
	(13, 13, 199.41),
	(14, 14, 184.19),
	(15, 15, 121.03),
	(16, 16, 110.70),
	(17, 17, 69.82),
	(18, 18, 92.29),
	(19, 19, 184.37),
	(20, 20, 92.81),
	(21, 21, 113.24),
	(22, 22, 76.38),
	(23, 23, 90.34),
	(24, 24, 130.61),
	(25, 25, 69.16),
	(26, 26, 196.97),
	(27, 27, 0.00),
	(28, 28, 190.97),
	(29, 29, 0.00),
	(30, 30, 133.77),
	(31, 31, 156.87),
	(32, 32, 42.95),
	(33, 33, 122.98),
	(34, 34, 20.71),
	(35, 35, 77.51),
	(36, 36, 49.12),
	(37, 37, 199.34),
	(38, 38, 103.30),
	(39, 39, 118.38),
	(40, 40, 0.00),
	(41, 41, 95.47),
	(42, 42, 25.78),
	(43, 43, 0.00),
	(44, 44, 76.33),
	(45, 45, 0.00),
	(46, 46, 198.58),
	(47, 47, 0.00),
	(48, 48, 105.29),
	(49, 49, 53.71),
	(50, 50, 85.96),
	(51, 51, 22.67),
	(52, 52, 116.73),
	(53, 53, 110.91),
	(54, 54, 0.00),
	(55, 55, 20.10),
	(56, 56, 178.83),
	(57, 57, 0.00),
	(58, 58, 47.30),
	(59, 59, 102.70),
	(60, 60, 186.19),
	(61, 61, 41.21),
	(62, 62, 86.09),
	(63, 63, 128.72),
	(64, 64, 73.50),
	(65, 65, 63.21),
	(66, 66, 23.32),
	(67, 67, 199.45),
	(68, 68, 189.75),
	(69, 69, 36.25),
	(70, 70, 0.00),
	(71, 71, 174.79),
	(72, 72, 122.98),
	(73, 73, 53.30),
	(74, 74, 174.45),
	(75, 75, 170.79);

-- TABLA TRANSACCIONES
INSERT INTO "public"."transacciones" ("id_transaccion", "id_wallet", "id_barra", "tipo_movimiento", "monto", "fecha") VALUES
	(1, 1, 5, 'pago_bebida', 20.50, '2026-04-21 19:00:00'),
	(2, 1, 1, 'pago_bebida', 9.00, '2026-04-19 21:00:00'),
	(3, 1, 3, 'compra', 20.50, '2026-04-21 19:00:00'),
	(4, 1, 1, 'pago_bebida', 15.50, '2026-04-21 16:00:00'),
	(5, 1, 2, 'pago_bebida', 7.50, '2026-04-20 20:00:00'),
	(6, 2, 1, 'pago_bebida', 13.00, '2026-04-20 23:00:00'),
	(7, 2, 5, 'pago_bebida', 56.00, '2026-04-20 02:00:00'),
	(8, 2, 2, 'pago_bebida', 11.00, '2026-04-19 19:00:00'),
	(9, 2, 3, 'pago_bebida', 8.00, '2026-04-20 02:00:00'),
	(10, 2, 5, 'pago_bebida', 36.00, '2026-04-19 23:00:00'),
	(11, 2, 4, 'pago_bebida', 11.00, '2026-04-20 02:00:00'),
	(12, 2, 3, 'pago_bebida', 4.00, '2026-04-19 18:00:00'),
	(13, 3, 1, 'pago_bebida', 30.50, '2026-04-21 16:00:00'),
	(14, 3, 1, 'pago_bebida', 26.00, '2026-04-19 16:00:00'),
	(15, 3, 4, 'pago_bebida', 7.50, '2026-04-21 19:00:00'),
	(16, 3, 2, 'pago_bebida', 25.00, '2026-04-20 22:00:00'),
	(17, 3, 5, 'pago_bebida', 6.00, '2026-04-20 02:00:00'),
	(18, 3, 3, 'pago_bebida', 3.50, '2026-04-19 23:00:00'),
	(19, 4, 3, 'pago_bebida', 2.50, '2026-04-19 17:00:00'),
	(20, 4, 3, 'recharge', 16.60, '2026-04-20 23:00:00'),
	(21, 4, 4, 'compra', 15.00, '2026-04-19 19:00:00'),
	(22, 4, 1, 'pago_bebida', 4.00, '2026-04-21 19:00:00'),
	(23, 5, 2, 'pago_bebida', 6.00, '2026-04-20 18:00:00'),
	(24, 5, 1, 'pago_bebida', 22.50, '2026-04-20 21:00:00'),
	(25, 5, 1, 'pago_bebida', 2.50, '2026-04-20 19:00:00'),
	(26, 5, 1, 'recharge', 29.09, '2026-04-19 19:00:00'),
	(27, 5, 1, 'pago_bebida', 18.00, '2026-04-19 18:00:00'),
	(28, 5, 3, 'compra', 21.50, '2026-04-19 21:00:00'),
	(29, 6, 4, 'pago_comida', 17.50, '2026-04-19 23:00:00'),
	(30, 6, 1, 'pago_bebida', 2.50, '2026-04-19 03:00:00'),
	(31, 6, 1, 'pago_bebida', 2.50, '2026-04-19 00:00:00'),
	(32, 6, 1, 'recharge', 12.81, '2026-04-20 00:00:00'),
	(33, 6, 5, 'pago_bebida', 56.00, '2026-04-20 21:00:00'),
	(34, 6, 5, 'pago_bebida', 12.00, '2026-04-20 01:00:00'),
	(35, 6, 4, 'pago_bebida', 19.00, '2026-04-20 22:00:00'),
	(36, 7, 5, 'pago_bebida', 9.50, '2026-04-19 19:00:00'),
	(37, 7, 3, 'compra', 16.50, '2026-04-20 03:00:00'),
	(38, 7, 1, 'pago_bebida', 9.00, '2026-04-19 02:00:00'),
	(39, 7, 3, 'pago_bebida', 2.50, '2026-04-19 02:00:00'),
	(40, 7, 3, 'pago_comida', 16.50, '2026-04-19 19:00:00'),
	(41, 7, 3, 'pago_bebida', 7.00, '2026-04-20 19:00:00'),
	(42, 7, 3, 'recharge', 19.07, '2026-04-20 21:00:00'),
	(43, 8, 3, 'compra', 21.50, '2026-04-19 00:00:00'),
	(44, 8, 2, 'pago_bebida', 12.50, '2026-04-20 01:00:00'),
	(45, 8, 5, 'pago_bebida', 43.00, '2026-04-21 16:00:00'),
	(46, 8, 1, 'pago_bebida', 16.00, '2026-04-21 18:00:00'),
	(47, 9, 1, 'recharge', 46.57, '2026-04-20 16:00:00'),
	(48, 9, 2, 'pago_bebida', 12.00, '2026-04-20 20:00:00'),
	(49, 9, 1, 'pago_bebida', 9.00, '2026-04-20 17:00:00'),
	(50, 9, 2, 'pago_bebida', 11.50, '2026-04-19 20:00:00'),
	(51, 9, 5, 'recharge', 16.89, '2026-04-20 01:00:00'),
	(52, 9, 3, 'pago_bebida', 10.00, '2026-04-21 18:00:00'),
	(53, 9, 4, 'compra', 11.00, '2026-04-19 03:00:00'),
	(54, 10, 1, 'pago_bebida', 23.50, '2026-04-20 00:00:00'),
	(55, 10, 2, 'recharge', 39.42, '2026-04-21 18:00:00'),
	(56, 10, 3, 'compra', 16.50, '2026-04-19 22:00:00'),
	(57, 10, 1, 'recharge', 41.16, '2026-04-19 00:00:00'),
	(58, 10, 3, 'recharge', 24.84, '2026-04-19 17:00:00'),
	(59, 10, 1, 'pago_bebida', 8.00, '2026-04-19 19:00:00'),
	(60, 11, 4, 'pago_comida', 9.00, '2026-04-19 03:00:00'),
	(61, 11, 1, 'pago_bebida', 9.00, '2026-04-19 18:00:00'),
	(62, 11, 1, 'pago_bebida', 12.00, '2026-04-20 17:00:00'),
	(63, 11, 1, 'recharge', 35.47, '2026-04-19 23:00:00'),
	(64, 11, 5, 'recharge', 48.94, '2026-04-21 18:00:00'),
	(65, 11, 4, 'compra', 14.00, '2026-04-21 18:00:00'),
	(66, 12, 3, 'compra', 32.50, '2026-04-20 17:00:00'),
	(67, 12, 3, 'pago_bebida', 3.50, '2026-04-20 20:00:00'),
	(68, 12, 3, 'pago_bebida', 11.50, '2026-04-19 17:00:00'),
	(69, 12, 4, 'pago_comida', 8.50, '2026-04-19 03:00:00'),
	(70, 12, 1, 'pago_bebida', 20.00, '2026-04-19 21:00:00'),
	(71, 12, 3, 'pago_bebida', 3.50, '2026-04-19 22:00:00'),
	(72, 12, 1, 'pago_bebida', 14.00, '2026-04-20 03:00:00'),
	(73, 13, 1, 'pago_bebida', 32.50, '2026-04-19 22:00:00'),
	(74, 13, 1, 'pago_bebida', 11.00, '2026-04-21 16:00:00'),
	(75, 13, 3, 'pago_comida', 9.50, '2026-04-20 17:00:00'),
	(76, 13, 2, 'pago_bebida', 5.00, '2026-04-19 01:00:00'),
	(77, 14, 4, 'recharge', 35.31, '2026-04-21 17:00:00'),
	(78, 14, 5, 'recharge', 16.11, '2026-04-19 23:00:00'),
	(79, 14, 1, 'pago_bebida', 27.50, '2026-04-19 01:00:00'),
	(80, 14, 5, 'pago_bebida', 12.00, '2026-04-19 17:00:00'),
	(81, 14, 2, 'recharge', 41.49, '2026-04-20 23:00:00'),
	(82, 14, 1, 'pago_bebida', 16.00, '2026-04-19 01:00:00'),
	(83, 14, 1, 'pago_bebida', 10.50, '2026-04-20 02:00:00'),
	(84, 15, 1, 'pago_bebida', 3.50, '2026-04-20 00:00:00'),
	(85, 15, 2, 'pago_bebida', 19.50, '2026-04-20 23:00:00'),
	(86, 15, 2, 'pago_bebida', 31.00, '2026-04-19 18:00:00'),
	(87, 15, 5, 'pago_bebida', 12.00, '2026-04-20 23:00:00'),
	(88, 15, 4, 'pago_comida', 18.00, '2026-04-20 17:00:00'),
	(89, 15, 4, 'pago_bebida', 4.50, '2026-04-20 02:00:00'),
	(90, 15, 3, 'compra', 12.00, '2026-04-20 03:00:00'),
	(91, 16, 1, 'pago_bebida', 9.00, '2026-04-19 21:00:00'),
	(92, 16, 2, 'pago_bebida', 2.50, '2026-04-20 17:00:00'),
	(93, 16, 1, 'pago_bebida', 4.00, '2026-04-21 16:00:00'),
	(94, 16, 3, 'recharge', 10.78, '2026-04-20 01:00:00'),
	(95, 16, 1, 'compra', 15.50, '2026-04-19 02:00:00'),
	(96, 17, 1, 'pago_bebida', 16.50, '2026-04-19 16:00:00'),
	(97, 17, 1, 'pago_bebida', 25.00, '2026-04-20 18:00:00'),
	(98, 17, 2, 'pago_bebida', 9.00, '2026-04-21 19:00:00'),
	(99, 17, 3, 'pago_comida', 26.50, '2026-04-20 02:00:00'),
	(100, 17, 3, 'pago_comida', 30.50, '2026-04-20 18:00:00'),
	(101, 17, 1, 'compra', 15.00, '2026-04-19 03:00:00'),
	(102, 17, 4, 'recharge', 40.42, '2026-04-19 23:00:00'),
	(103, 18, 3, 'pago_comida', 23.00, '2026-04-20 01:00:00'),
	(104, 18, 1, 'pago_bebida', 2.50, '2026-04-20 02:00:00'),
	(105, 18, 3, 'pago_comida', 36.50, '2026-04-21 17:00:00'),
	(106, 18, 1, 'compra', 13.50, '2026-04-19 03:00:00'),
	(107, 18, 3, 'pago_comida', 19.00, '2026-04-21 16:00:00'),
	(108, 18, 1, 'pago_bebida', 24.50, '2026-04-19 21:00:00'),
	(109, 19, 5, 'recharge', 32.30, '2026-04-19 03:00:00'),
	(110, 19, 3, 'pago_comida', 8.50, '2026-04-21 19:00:00'),
	(111, 19, 2, 'pago_bebida', 15.00, '2026-04-19 17:00:00'),
	(112, 19, 5, 'pago_bebida', 6.00, '2026-04-19 03:00:00'),
	(113, 19, 3, 'compra', 16.00, '2026-04-19 00:00:00'),
	(114, 19, 4, 'compra', 16.00, '2026-04-20 21:00:00'),
	(115, 19, 1, 'pago_bebida', 33.50, '2026-04-19 17:00:00'),
	(116, 20, 1, 'pago_bebida', 25.00, '2026-04-19 21:00:00'),
	(117, 20, 1, 'pago_bebida', 2.50, '2026-04-19 19:00:00'),
	(118, 20, 1, 'pago_bebida', 27.50, '2026-04-20 23:00:00'),
	(119, 20, 1, 'pago_bebida', 16.00, '2026-04-20 00:00:00'),
	(120, 21, 3, 'pago_bebida', 3.50, '2026-04-19 02:00:00'),
	(121, 21, 3, 'compra', 11.50, '2026-04-19 20:00:00'),
	(122, 21, 1, 'pago_bebida', 8.00, '2026-04-19 00:00:00'),
	(123, 21, 1, 'pago_bebida', 4.00, '2026-04-20 22:00:00'),
	(124, 21, 5, 'pago_bebida', 24.00, '2026-04-21 16:00:00'),
	(125, 21, 3, 'recharge', 46.14, '2026-04-19 17:00:00'),
	(126, 21, 4, 'compra', 14.00, '2026-04-20 02:00:00'),
	(127, 22, 1, 'pago_comida', 2.00, '2026-04-19 18:00:00'),
	(128, 22, 3, 'pago_comida', 40.00, '2026-04-19 20:00:00'),
	(129, 22, 1, 'pago_comida', 2.00, '2026-04-20 19:00:00'),
	(130, 22, 1, 'pago_bebida', 26.00, '2026-04-21 18:00:00'),
	(131, 22, 2, 'pago_bebida', 16.00, '2026-04-20 17:00:00'),
	(132, 22, 3, 'recharge', 31.70, '2026-04-20 21:00:00'),
	(133, 23, 3, 'recharge', 6.16, '2026-04-20 19:00:00'),
	(134, 23, 1, 'pago_bebida', 17.50, '2026-04-20 02:00:00'),
	(135, 23, 2, 'pago_bebida', 13.00, '2026-04-20 19:00:00'),
	(136, 23, 1, 'compra', 18.50, '2026-04-20 00:00:00'),
	(137, 23, 1, 'recharge', 46.29, '2026-04-20 18:00:00'),
	(138, 24, 5, 'pago_bebida', 15.50, '2026-04-20 03:00:00'),
	(139, 24, 1, 'pago_bebida', 29.00, '2026-04-20 21:00:00'),
	(140, 24, 3, 'pago_bebida', 3.50, '2026-04-19 16:00:00'),
	(141, 24, 1, 'pago_bebida', 3.50, '2026-04-20 19:00:00'),
	(142, 24, 4, 'recharge', 18.05, '2026-04-19 18:00:00'),
	(143, 24, 3, 'pago_comida', 25.50, '2026-04-19 20:00:00'),
	(144, 25, 4, 'pago_bebida', 10.50, '2026-04-19 01:00:00'),
	(145, 25, 1, 'pago_bebida', 17.00, '2026-04-19 17:00:00'),
	(146, 25, 3, 'pago_bebida', 3.50, '2026-04-20 03:00:00'),
	(147, 25, 1, 'pago_bebida', 11.50, '2026-04-20 23:00:00'),
	(148, 25, 1, 'pago_bebida', 18.50, '2026-04-20 21:00:00'),
	(149, 25, 5, 'pago_bebida', 24.00, '2026-04-19 22:00:00'),
	(150, 25, 4, 'pago_comida', 17.50, '2026-04-19 03:00:00'),
	(151, 26, 2, 'pago_bebida', 14.50, '2026-04-20 03:00:00'),
	(152, 26, 4, 'compra', 18.50, '2026-04-19 21:00:00'),
	(153, 26, 5, 'pago_bebida', 9.50, '2026-04-19 03:00:00'),
	(154, 26, 5, 'recharge', 45.91, '2026-04-21 19:00:00'),
	(155, 26, 5, 'recharge', 38.07, '2026-04-21 17:00:00'),
	(156, 27, 5, 'pago_bebida', 25.50, '2026-04-19 01:00:00'),
	(157, 27, 3, 'pago_comida', 17.50, '2026-04-19 00:00:00'),
	(158, 27, 2, 'pago_bebida', 6.50, '2026-04-19 02:00:00'),
	(159, 27, 2, 'pago_bebida', 20.00, '2026-04-20 23:00:00'),
	(160, 27, 3, 'pago_comida', 19.00, '2026-04-20 19:00:00'),
	(161, 27, 1, 'pago_bebida', 7.50, '2026-04-21 19:00:00'),
	(162, 28, 3, 'compra', 11.00, '2026-04-19 03:00:00'),
	(163, 28, 1, 'pago_bebida', 6.50, '2026-04-20 19:00:00'),
	(164, 28, 1, 'recharge', 25.80, '2026-04-21 16:00:00'),
	(165, 28, 3, 'pago_comida', 18.00, '2026-04-20 16:00:00'),
	(166, 28, 3, 'pago_bebida', 4.00, '2026-04-19 16:00:00'),
	(167, 28, 3, 'recharge', 49.35, '2026-04-20 16:00:00'),
	(168, 28, 3, 'compra', 16.00, '2026-04-20 00:00:00'),
	(169, 29, 3, 'pago_bebida', 10.50, '2026-04-19 03:00:00'),
	(170, 29, 1, 'pago_bebida', 4.00, '2026-04-20 18:00:00'),
	(171, 29, 4, 'recharge', 41.58, '2026-04-19 21:00:00'),
	(172, 29, 5, 'pago_bebida', 15.50, '2026-04-19 03:00:00'),
	(173, 29, 2, 'pago_bebida', 18.50, '2026-04-20 00:00:00'),
	(174, 30, 5, 'pago_bebida', 30.00, '2026-04-20 17:00:00'),
	(175, 30, 5, 'pago_bebida', 196.00, '2026-04-20 00:00:00'),
	(176, 30, 4, 'recharge', 35.65, '2026-04-20 03:00:00'),
	(177, 30, 5, 'pago_bebida', 36.00, '2026-04-20 17:00:00'),
	(178, 30, 4, 'recharge', 8.95, '2026-04-19 18:00:00'),
	(179, 30, 3, 'compra', 33.50, '2026-04-20 18:00:00'),
	(180, 30, 1, 'compra', 12.00, '2026-04-19 22:00:00'),
	(181, 31, 1, 'pago_bebida', 10.00, '2026-04-20 17:00:00'),
	(182, 31, 2, 'pago_bebida', 13.00, '2026-04-20 23:00:00'),
	(183, 31, 3, 'compra', 13.00, '2026-04-19 19:00:00'),
	(184, 31, 3, 'compra', 22.50, '2026-04-20 20:00:00'),
	(185, 31, 5, 'pago_bebida', 6.00, '2026-04-19 02:00:00'),
	(186, 31, 5, 'pago_bebida', 25.50, '2026-04-19 03:00:00'),
	(187, 31, 3, 'pago_comida', 27.50, '2026-04-19 01:00:00'),
	(188, 32, 5, 'pago_bebida', 3.50, '2026-04-20 18:00:00'),
	(189, 32, 3, 'compra', 13.00, '2026-04-19 20:00:00'),
	(190, 32, 1, 'pago_bebida', 37.00, '2026-04-20 18:00:00'),
	(191, 32, 1, 'recharge', 27.08, '2026-04-19 03:00:00'),
	(192, 32, 1, 'pago_bebida', 16.00, '2026-04-19 00:00:00'),
	(193, 32, 4, 'pago_bebida', 10.00, '2026-04-19 01:00:00'),
	(194, 33, 4, 'pago_comida', 8.50, '2026-04-20 20:00:00'),
	(195, 33, 4, 'compra', 13.50, '2026-04-19 03:00:00'),
	(196, 33, 1, 'pago_bebida', 5.00, '2026-04-20 17:00:00'),
	(197, 33, 1, 'pago_bebida', 29.50, '2026-04-21 18:00:00'),
	(198, 33, 4, 'compra', 28.00, '2026-04-20 18:00:00'),
	(199, 33, 5, 'pago_bebida', 24.00, '2026-04-19 22:00:00'),
	(200, 33, 1, 'pago_bebida', 36.00, '2026-04-20 00:00:00'),
	(201, 34, 4, 'compra', 13.50, '2026-04-19 21:00:00'),
	(202, 34, 2, 'pago_bebida', 13.00, '2026-04-19 20:00:00'),
	(203, 34, 1, 'pago_bebida', 13.50, '2026-04-21 17:00:00'),
	(204, 34, 4, 'compra', 22.00, '2026-04-19 01:00:00'),
	(205, 34, 1, 'pago_bebida', 11.50, '2026-04-21 19:00:00'),
	(206, 34, 4, 'pago_bebida', 9.00, '2026-04-20 01:00:00'),
	(207, 34, 4, 'compra', 22.50, '2026-04-21 17:00:00'),
	(208, 34, 4, 'compra', 13.50, '2026-04-20 21:00:00'),
	(209, 35, 3, 'recharge', 43.97, '2026-04-20 16:00:00'),
	(210, 35, 3, 'pago_comida', 8.50, '2026-04-19 03:00:00'),
	(211, 35, 4, 'pago_bebida', 2.50, '2026-04-19 16:00:00'),
	(212, 35, 1, 'pago_bebida', 7.00, '2026-04-20 00:00:00'),
	(213, 35, 5, 'pago_bebida', 12.00, '2026-04-19 16:00:00'),
	(214, 35, 5, 'recharge', 46.05, '2026-04-19 18:00:00'),
	(215, 35, 1, 'pago_bebida', 17.00, '2026-04-21 16:00:00'),
	(216, 36, 3, 'pago_comida', 9.50, '2026-04-19 20:00:00'),
	(217, 36, 4, 'compra', 26.00, '2026-04-20 02:00:00'),
	(218, 36, 1, 'compra', 11.00, '2026-04-20 18:00:00'),
	(219, 36, 5, 'pago_bebida', 32.00, '2026-04-20 16:00:00'),
	(220, 36, 1, 'pago_bebida', 12.50, '2026-04-20 22:00:00'),
	(221, 36, 3, 'compra', 15.50, '2026-04-19 03:00:00'),
	(222, 36, 1, 'recharge', 20.67, '2026-04-19 20:00:00'),
	(223, 37, 1, 'pago_bebida', 11.00, '2026-04-19 18:00:00'),
	(224, 37, 5, 'pago_bebida', 27.50, '2026-04-20 18:00:00'),
	(225, 37, 3, 'pago_bebida', 14.00, '2026-04-21 19:00:00'),
	(226, 37, 1, 'pago_bebida', 11.50, '2026-04-19 22:00:00'),
	(227, 37, 3, 'pago_bebida', 5.00, '2026-04-19 00:00:00'),
	(228, 37, 2, 'pago_bebida', 7.00, '2026-04-20 23:00:00'),
	(229, 38, 2, 'pago_bebida', 8.00, '2026-04-19 01:00:00'),
	(230, 38, 4, 'pago_comida', 6.00, '2026-04-20 20:00:00'),
	(231, 38, 1, 'pago_bebida', 12.00, '2026-04-19 16:00:00'),
	(232, 38, 2, 'recharge', 6.72, '2026-04-19 01:00:00'),
	(233, 39, 2, 'pago_bebida', 10.50, '2026-04-20 20:00:00'),
	(234, 39, 3, 'compra', 7.50, '2026-04-20 22:00:00'),
	(235, 39, 4, 'pago_comida', 33.00, '2026-04-21 19:00:00'),
	(236, 39, 1, 'pago_bebida', 17.50, '2026-04-20 21:00:00'),
	(237, 39, 1, 'pago_bebida', 27.00, '2026-04-20 21:00:00'),
	(238, 39, 3, 'compra', 11.00, '2026-04-19 19:00:00'),
	(239, 40, 4, 'pago_comida', 9.00, '2026-04-20 22:00:00'),
	(240, 40, 1, 'pago_bebida', 23.00, '2026-04-20 19:00:00'),
	(241, 40, 3, 'pago_comida', 9.50, '2026-04-19 21:00:00'),
	(242, 40, 3, 'pago_comida', 8.00, '2026-04-19 22:00:00'),
	(243, 40, 3, 'compra', 15.50, '2026-04-20 01:00:00'),
	(244, 40, 1, 'pago_bebida', 12.50, '2026-04-19 03:00:00'),
	(245, 41, 5, 'pago_bebida', 3.50, '2026-04-20 17:00:00'),
	(246, 41, 2, 'pago_bebida', 5.00, '2026-04-19 17:00:00'),
	(247, 41, 5, 'pago_bebida', 13.00, '2026-04-21 17:00:00'),
	(248, 41, 2, 'pago_bebida', 7.50, '2026-04-19 02:00:00'),
	(249, 41, 1, 'pago_bebida', 12.00, '2026-04-19 17:00:00'),
	(250, 41, 1, 'compra', 4.50, '2026-04-20 03:00:00'),
	(251, 41, 1, 'pago_bebida', 8.50, '2026-04-19 17:00:00'),
	(252, 42, 2, 'recharge', 27.44, '2026-04-19 19:00:00'),
	(253, 42, 2, 'pago_bebida', 18.50, '2026-04-20 20:00:00'),
	(254, 42, 3, 'pago_bebida', 8.00, '2026-04-20 02:00:00'),
	(255, 42, 3, 'compra', 30.50, '2026-04-21 17:00:00'),
	(256, 42, 1, 'pago_bebida', 9.00, '2026-04-21 18:00:00'),
	(257, 43, 5, 'pago_bebida', 56.00, '2026-04-21 19:00:00'),
	(258, 43, 3, 'pago_bebida', 3.50, '2026-04-19 23:00:00'),
	(259, 43, 1, 'pago_bebida', 9.50, '2026-04-19 03:00:00'),
	(260, 43, 3, 'pago_comida', 21.50, '2026-04-20 21:00:00'),
	(261, 43, 3, 'compra', 14.00, '2026-04-19 22:00:00'),
	(262, 43, 2, 'recharge', 16.33, '2026-04-21 18:00:00'),
	(263, 43, 1, 'pago_bebida', 3.50, '2026-04-19 01:00:00'),
	(264, 44, 2, 'pago_bebida', 4.00, '2026-04-20 16:00:00'),
	(265, 44, 1, 'pago_bebida', 9.00, '2026-04-20 21:00:00'),
	(266, 44, 3, 'compra', 15.00, '2026-04-19 23:00:00'),
	(267, 44, 1, 'pago_bebida', 9.00, '2026-04-20 16:00:00'),
	(268, 44, 5, 'pago_bebida', 38.00, '2026-04-20 01:00:00'),
	(269, 44, 4, 'pago_bebida', 2.50, '2026-04-19 20:00:00'),
	(270, 45, 1, 'pago_bebida', 7.50, '2026-04-21 16:00:00'),
	(271, 45, 2, 'pago_bebida', 6.50, '2026-04-20 01:00:00'),
	(272, 45, 1, 'pago_bebida', 27.00, '2026-04-20 20:00:00'),
	(273, 45, 5, 'pago_bebida', 19.00, '2026-04-19 03:00:00'),
	(274, 45, 4, 'pago_bebida', 14.50, '2026-04-20 01:00:00'),
	(275, 45, 5, 'pago_bebida', 12.00, '2026-04-19 20:00:00'),
	(276, 46, 1, 'pago_bebida', 7.50, '2026-04-19 18:00:00'),
	(277, 46, 1, 'pago_bebida', 9.00, '2026-04-20 23:00:00'),
	(278, 46, 2, 'pago_bebida', 18.50, '2026-04-19 18:00:00'),
	(279, 46, 4, 'pago_comida', 8.50, '2026-04-21 18:00:00'),
	(280, 46, 4, 'pago_comida', 9.00, '2026-04-19 01:00:00'),
	(281, 46, 3, 'compra', 13.00, '2026-04-19 02:00:00'),
	(282, 47, 4, 'pago_bebida', 4.50, '2026-04-19 00:00:00'),
	(283, 47, 1, 'recharge', 24.60, '2026-04-19 19:00:00'),
	(284, 47, 3, 'recharge', 31.50, '2026-04-19 18:00:00'),
	(285, 47, 1, 'pago_bebida', 32.00, '2026-04-19 18:00:00'),
	(286, 47, 1, 'recharge', 41.70, '2026-04-19 19:00:00'),
	(287, 47, 4, 'pago_bebida', 13.50, '2026-04-20 19:00:00'),
	(288, 47, 1, 'pago_bebida', 30.50, '2026-04-20 00:00:00'),
	(289, 48, 3, 'pago_bebida', 6.50, '2026-04-19 03:00:00'),
	(290, 48, 1, 'pago_bebida', 18.00, '2026-04-19 16:00:00'),
	(291, 48, 4, 'compra', 23.50, '2026-04-19 18:00:00'),
	(292, 48, 3, 'compra', 11.50, '2026-04-19 18:00:00'),
	(293, 48, 3, 'pago_comida', 33.50, '2026-04-21 19:00:00'),
	(294, 48, 1, 'pago_bebida', 8.00, '2026-04-20 02:00:00'),
	(295, 49, 3, 'compra', 12.00, '2026-04-19 17:00:00'),
	(296, 49, 1, 'pago_bebida', 3.50, '2026-04-19 22:00:00'),
	(297, 49, 3, 'recharge', 43.52, '2026-04-19 03:00:00'),
	(298, 49, 1, 'pago_bebida', 25.50, '2026-04-21 17:00:00'),
	(299, 49, 1, 'recharge', 38.84, '2026-04-20 20:00:00'),
	(300, 49, 3, 'pago_comida', 21.00, '2026-04-20 00:00:00'),
	(301, 49, 1, 'pago_bebida', 15.00, '2026-04-20 03:00:00'),
	(302, 50, 5, 'pago_bebida', 93.50, '2026-04-20 22:00:00'),
	(303, 50, 1, 'pago_bebida', 12.00, '2026-04-20 01:00:00'),
	(304, 50, 3, 'pago_bebida', 16.00, '2026-04-20 22:00:00'),
	(305, 50, 4, 'compra', 13.00, '2026-04-19 22:00:00'),
	(306, 50, 3, 'pago_comida', 8.50, '2026-04-19 19:00:00'),
	(307, 50, 1, 'pago_bebida', 4.00, '2026-04-19 03:00:00'),
	(308, 50, 3, 'pago_comida', 8.50, '2026-04-20 17:00:00'),
	(309, 51, 1, 'pago_bebida', 8.00, '2026-04-19 18:00:00'),
	(310, 51, 2, 'pago_bebida', 25.00, '2026-04-20 19:00:00'),
	(311, 51, 4, 'pago_bebida', 17.00, '2026-04-20 18:00:00'),
	(312, 51, 3, 'recharge', 18.46, '2026-04-20 22:00:00'),
	(313, 51, 2, 'pago_bebida', 9.00, '2026-04-19 19:00:00'),
	(314, 51, 1, 'pago_bebida', 20.00, '2026-04-20 16:00:00'),
	(315, 51, 2, 'pago_bebida', 23.00, '2026-04-20 16:00:00'),
	(316, 52, 3, 'pago_bebida', 11.00, '2026-04-19 00:00:00'),
	(317, 52, 2, 'recharge', 36.97, '2026-04-20 17:00:00'),
	(318, 52, 1, 'pago_bebida', 21.00, '2026-04-19 17:00:00'),
	(319, 52, 4, 'pago_bebida', 5.50, '2026-04-19 19:00:00'),
	(320, 52, 1, 'pago_bebida', 20.50, '2026-04-20 23:00:00'),
	(321, 52, 3, 'pago_comida', 4.00, '2026-04-19 17:00:00'),
	(322, 52, 2, 'pago_bebida', 6.50, '2026-04-21 16:00:00'),
	(323, 53, 4, 'pago_bebida', 5.00, '2026-04-20 16:00:00'),
	(324, 53, 1, 'pago_bebida', 18.50, '2026-04-21 16:00:00'),
	(325, 53, 1, 'pago_bebida', 8.00, '2026-04-19 19:00:00'),
	(326, 53, 1, 'pago_bebida', 15.50, '2026-04-19 03:00:00'),
	(327, 53, 1, 'pago_bebida', 10.50, '2026-04-19 21:00:00'),
	(328, 53, 3, 'compra', 16.00, '2026-04-19 17:00:00'),
	(329, 54, 1, 'pago_bebida', 2.50, '2026-04-19 17:00:00'),
	(330, 54, 3, 'pago_bebida', 3.50, '2026-04-19 01:00:00'),
	(331, 54, 3, 'pago_comida', 36.00, '2026-04-19 22:00:00'),
	(332, 54, 4, 'pago_bebida', 8.00, '2026-04-20 01:00:00'),
	(333, 54, 1, 'compra', 26.00, '2026-04-19 22:00:00'),
	(334, 55, 3, 'pago_comida', 22.00, '2026-04-21 17:00:00'),
	(335, 55, 1, 'compra', 5.50, '2026-04-19 21:00:00'),
	(336, 55, 3, 'pago_bebida', 8.00, '2026-04-19 19:00:00'),
	(337, 55, 4, 'pago_comida', 18.00, '2026-04-21 17:00:00'),
	(338, 55, 1, 'pago_bebida', 26.00, '2026-04-20 22:00:00'),
	(339, 55, 3, 'pago_bebida', 3.50, '2026-04-21 19:00:00'),
	(340, 55, 1, 'pago_bebida', 25.50, '2026-04-20 20:00:00'),
	(341, 56, 1, 'recharge', 23.29, '2026-04-20 20:00:00'),
	(342, 56, 1, 'pago_bebida', 22.00, '2026-04-19 00:00:00'),
	(343, 56, 3, 'pago_bebida', 13.00, '2026-04-20 21:00:00'),
	(344, 56, 1, 'pago_bebida', 10.50, '2026-04-19 20:00:00'),
	(345, 56, 3, 'compra', 19.50, '2026-04-19 22:00:00'),
	(346, 57, 1, 'recharge', 30.57, '2026-04-20 02:00:00'),
	(347, 57, 2, 'pago_bebida', 10.50, '2026-04-19 18:00:00'),
	(348, 57, 4, 'pago_comida', 18.00, '2026-04-20 22:00:00'),
	(349, 57, 5, 'pago_bebida', 3.50, '2026-04-21 19:00:00'),
	(350, 57, 4, 'compra', 10.50, '2026-04-21 19:00:00'),
	(351, 57, 1, 'pago_bebida', 13.00, '2026-04-20 22:00:00'),
	(352, 58, 3, 'pago_comida', 9.50, '2026-04-20 21:00:00'),
	(353, 58, 1, 'recharge', 43.78, '2026-04-20 16:00:00'),
	(354, 58, 5, 'pago_bebida', 38.00, '2026-04-19 03:00:00'),
	(355, 58, 3, 'pago_comida', 9.50, '2026-04-19 20:00:00'),
	(356, 59, 1, 'pago_bebida', 14.50, '2026-04-20 17:00:00'),
	(357, 59, 1, 'pago_bebida', 37.00, '2026-04-19 23:00:00'),
	(358, 59, 4, 'compra', 17.50, '2026-04-19 18:00:00'),
	(359, 59, 1, 'pago_bebida', 19.50, '2026-04-19 21:00:00'),
	(360, 60, 3, 'pago_bebida', 11.00, '2026-04-20 21:00:00'),
	(361, 60, 3, 'pago_bebida', 2.50, '2026-04-19 19:00:00'),
	(362, 60, 1, 'pago_bebida', 22.50, '2026-04-20 16:00:00'),
	(363, 60, 1, 'compra', 16.50, '2026-04-19 02:00:00'),
	(364, 60, 1, 'pago_bebida', 14.00, '2026-04-20 00:00:00'),
	(365, 60, 5, 'pago_bebida', 16.00, '2026-04-20 00:00:00'),
	(366, 61, 1, 'pago_bebida', 19.50, '2026-04-20 16:00:00'),
	(367, 61, 5, 'pago_bebida', 37.50, '2026-04-19 23:00:00'),
	(368, 61, 1, 'compra', 20.00, '2026-04-19 17:00:00'),
	(369, 61, 4, 'compra', 38.50, '2026-04-20 01:00:00'),
	(370, 61, 4, 'pago_comida', 9.00, '2026-04-19 22:00:00'),
	(371, 61, 1, 'pago_bebida', 16.00, '2026-04-19 18:00:00'),
	(372, 62, 1, 'pago_bebida', 27.50, '2026-04-20 20:00:00'),
	(373, 62, 2, 'pago_bebida', 4.00, '2026-04-19 03:00:00'),
	(374, 62, 5, 'pago_bebida', 3.50, '2026-04-21 16:00:00'),
	(375, 62, 1, 'pago_bebida', 26.00, '2026-04-19 21:00:00'),
	(376, 63, 1, 'pago_bebida', 17.50, '2026-04-20 16:00:00'),
	(377, 63, 5, 'pago_bebida', 28.00, '2026-04-21 18:00:00'),
	(378, 63, 5, 'pago_bebida', 36.00, '2026-04-19 21:00:00'),
	(379, 63, 2, 'pago_bebida', 9.50, '2026-04-19 18:00:00'),
	(380, 63, 1, 'pago_bebida', 2.50, '2026-04-20 03:00:00'),
	(381, 63, 1, 'pago_bebida', 8.00, '2026-04-19 23:00:00'),
	(382, 63, 3, 'compra', 6.50, '2026-04-19 03:00:00'),
	(383, 64, 3, 'compra', 21.00, '2026-04-20 16:00:00'),
	(384, 64, 3, 'recharge', 6.35, '2026-04-20 00:00:00'),
	(385, 64, 3, 'pago_bebida', 3.50, '2026-04-21 16:00:00'),
	(386, 64, 5, 'pago_bebida', 9.50, '2026-04-20 22:00:00'),
	(387, 64, 1, 'pago_bebida', 18.00, '2026-04-21 16:00:00'),
	(388, 64, 1, 'pago_bebida', 4.00, '2026-04-19 22:00:00'),
	(389, 65, 5, 'pago_bebida', 22.00, '2026-04-20 20:00:00'),
	(390, 65, 5, 'pago_bebida', 20.00, '2026-04-19 03:00:00'),
	(391, 65, 3, 'compra', 12.00, '2026-04-20 18:00:00'),
	(392, 65, 5, 'pago_bebida', 24.00, '2026-04-20 23:00:00'),
	(393, 65, 2, 'pago_bebida', 15.50, '2026-04-20 02:00:00'),
	(394, 65, 4, 'recharge', 13.43, '2026-04-19 17:00:00'),
	(395, 66, 4, 'pago_bebida', 5.50, '2026-04-21 18:00:00'),
	(396, 66, 3, 'compra', 20.50, '2026-04-21 16:00:00'),
	(397, 66, 5, 'pago_bebida', 12.00, '2026-04-19 19:00:00'),
	(398, 66, 1, 'pago_bebida', 4.00, '2026-04-19 17:00:00'),
	(399, 66, 3, 'compra', 32.00, '2026-04-20 02:00:00'),
	(400, 66, 1, 'pago_bebida', 16.00, '2026-04-20 17:00:00'),
	(401, 66, 1, 'pago_bebida', 16.50, '2026-04-21 17:00:00'),
	(402, 67, 1, 'pago_bebida', 17.00, '2026-04-20 02:00:00'),
	(403, 67, 4, 'compra', 14.00, '2026-04-19 21:00:00'),
	(404, 67, 1, 'pago_bebida', 12.50, '2026-04-20 00:00:00'),
	(405, 67, 2, 'pago_bebida', 8.50, '2026-04-20 01:00:00'),
	(406, 67, 1, 'pago_bebida', 36.00, '2026-04-20 16:00:00'),
	(407, 67, 3, 'pago_comida', 4.00, '2026-04-21 19:00:00'),
	(408, 67, 1, 'pago_bebida', 11.50, '2026-04-20 19:00:00'),
	(409, 68, 5, 'pago_bebida', 3.50, '2026-04-21 18:00:00'),
	(410, 68, 5, 'pago_bebida', 28.00, '2026-04-20 00:00:00'),
	(411, 68, 3, 'compra', 19.50, '2026-04-21 19:00:00'),
	(412, 68, 1, 'pago_bebida', 2.50, '2026-04-20 00:00:00'),
	(413, 68, 1, 'pago_bebida', 2.50, '2026-04-19 00:00:00'),
	(414, 69, 1, 'recharge', 13.42, '2026-04-20 00:00:00'),
	(415, 69, 1, 'compra', 16.50, '2026-04-19 18:00:00'),
	(416, 69, 1, 'pago_bebida', 23.50, '2026-04-20 23:00:00'),
	(417, 69, 1, 'pago_bebida', 12.00, '2026-04-19 17:00:00'),
	(418, 69, 1, 'pago_bebida', 22.50, '2026-04-19 03:00:00'),
	(419, 69, 4, 'pago_bebida', 2.50, '2026-04-20 02:00:00'),
	(420, 70, 4, 'pago_comida', 18.00, '2026-04-20 17:00:00'),
	(421, 70, 2, 'pago_bebida', 28.00, '2026-04-19 22:00:00'),
	(422, 70, 4, 'recharge', 42.37, '2026-04-19 16:00:00'),
	(423, 70, 5, 'recharge', 45.26, '2026-04-20 22:00:00'),
	(424, 70, 3, 'pago_bebida', 11.00, '2026-04-20 02:00:00'),
	(425, 70, 3, 'compra', 12.00, '2026-04-19 03:00:00'),
	(426, 71, 3, 'pago_bebida', 2.50, '2026-04-19 23:00:00'),
	(427, 71, 5, 'pago_bebida', 34.00, '2026-04-20 22:00:00'),
	(428, 71, 1, 'pago_bebida', 2.50, '2026-04-21 19:00:00'),
	(429, 71, 4, 'pago_comida', 18.00, '2026-04-20 22:00:00'),
	(430, 71, 4, 'compra', 13.50, '2026-04-19 18:00:00'),
	(431, 71, 3, 'pago_bebida', 4.00, '2026-04-20 18:00:00'),
	(432, 72, 4, 'compra', 17.00, '2026-04-19 01:00:00'),
	(433, 72, 1, 'pago_bebida', 30.00, '2026-04-20 17:00:00'),
	(434, 72, 4, 'pago_comida', 6.00, '2026-04-20 18:00:00'),
	(435, 72, 5, 'pago_bebida', 30.00, '2026-04-20 03:00:00'),
	(436, 72, 1, 'pago_bebida', 4.50, '2026-04-19 02:00:00'),
	(437, 72, 3, 'compra', 14.50, '2026-04-19 02:00:00'),
	(438, 73, 2, 'pago_bebida', 3.50, '2026-04-20 21:00:00'),
	(439, 73, 4, 'recharge', 9.00, '2026-04-19 03:00:00'),
	(440, 73, 1, 'pago_bebida', 4.00, '2026-04-19 23:00:00'),
	(441, 73, 1, 'pago_bebida', 41.00, '2026-04-19 18:00:00'),
	(442, 73, 3, 'compra', 13.50, '2026-04-19 18:00:00'),
	(443, 73, 3, 'compra', 12.00, '2026-04-19 18:00:00'),
	(444, 74, 3, 'pago_bebida', 2.50, '2026-04-20 17:00:00'),
	(445, 74, 2, 'pago_bebida', 15.00, '2026-04-20 19:00:00'),
	(446, 74, 5, 'pago_bebida', 23.50, '2026-04-20 17:00:00'),
	(447, 74, 1, 'pago_bebida', 7.50, '2026-04-20 01:00:00'),
	(448, 74, 5, 'pago_bebida', 30.00, '2026-04-20 20:00:00'),
	(449, 74, 1, 'recharge', 40.91, '2026-04-19 02:00:00'),
	(450, 74, 1, 'pago_bebida', 28.00, '2026-04-21 17:00:00'),
	(451, 75, 4, 'pago_bebida', 5.00, '2026-04-19 00:00:00'),
	(452, 75, 4, 'pago_bebida', 17.00, '2026-04-20 20:00:00'),
	(453, 75, 1, 'pago_bebida', 12.00, '2026-04-21 19:00:00'),
	(454, 75, 5, 'pago_bebida', 3.50, '2026-04-19 16:00:00'),
	(455, 75, 3, 'pago_comida', 17.50, '2026-04-20 17:00:00'),
	(456, 75, 3, 'pago_bebida', 11.50, '2026-04-20 19:00:00'),
	(457, 75, 1, 'pago_bebida', 9.50, '2026-04-19 16:00:00');

-- TABLA LINEAS_TRANSACCION
INSERT INTO "public"."lineas_transaccion" ("id_linea", "id_transaccion", "id_producto", "cantidad", "precio_unitario") VALUES
	(1, 1, 30, 2, 3.50),
	(2, 1, 30, 1, 3.50),
	(3, 1, 27, 1, 10.00),
	(4, 2, 2, 1, 9.00),
	(5, 3, 19, 1, 3.50),
	(6, 3, 15, 2, 8.50),
	(7, 4, 2, 1, 9.00),
	(8, 4, 1, 1, 4.00),
	(9, 4, 3, 1, 2.50),
	(10, 5, 12, 1, 3.50),
	(11, 5, 9, 1, 4.00),
	(12, 6, 5, 1, 8.00),
	(13, 6, 3, 2, 2.50),
	(14, 7, 27, 2, 10.00),
	(15, 7, 26, 2, 12.00),
	(16, 7, 26, 1, 12.00),
	(17, 8, 12, 2, 3.50),
	(18, 8, 9, 1, 4.00),
	(19, 9, 17, 2, 4.00),
	(20, 10, 26, 2, 12.00),
	(21, 10, 26, 1, 12.00),
	(22, 11, 24, 1, 5.50),
	(23, 11, 24, 1, 5.50),
	(24, 12, 17, 1, 4.00),
	(25, 13, 5, 1, 8.00),
	(26, 13, 7, 1, 4.50),
	(27, 13, 2, 2, 9.00),
	(28, 14, 2, 2, 9.00),
	(29, 14, 1, 2, 4.00),
	(30, 15, 25, 2, 2.50),
	(31, 15, 25, 1, 2.50),
	(32, 16, 13, 2, 8.00),
	(33, 16, 11, 1, 5.00),
	(34, 16, 9, 1, 4.00),
	(35, 17, 29, 1, 6.00),
	(36, 18, 19, 1, 3.50),
	(37, 19, 18, 1, 2.50),
	(38, 21, 23, 1, 4.50),
	(39, 21, 23, 1, 4.50),
	(40, 21, 21, 1, 6.00),
	(41, 22, 1, 1, 4.00),
	(42, 23, 10, 1, 2.50),
	(43, 23, 12, 1, 3.50),
	(44, 24, 3, 1, 2.50),
	(45, 24, 6, 1, 12.00),
	(46, 24, 1, 2, 4.00),
	(47, 25, 3, 1, 2.50),
	(48, 27, 2, 2, 9.00),
	(49, 28, 18, 1, 2.50),
	(50, 28, 14, 2, 9.50),
	(51, 29, 22, 1, 8.50),
	(52, 29, 20, 1, 9.00),
	(53, 30, 3, 1, 2.50),
	(54, 31, 3, 1, 2.50),
	(55, 33, 26, 3, 12.00),
	(56, 33, 27, 2, 10.00),
	(57, 34, 26, 1, 12.00),
	(58, 35, 25, 1, 2.50),
	(59, 35, 24, 3, 5.50),
	(60, 36, 30, 1, 3.50),
	(61, 36, 29, 1, 6.00),
	(62, 37, 14, 1, 9.50),
	(63, 37, 19, 2, 3.50),
	(64, 38, 2, 1, 9.00),
	(65, 39, 18, 1, 2.50),
	(66, 40, 16, 1, 4.00),
	(67, 40, 15, 1, 8.50),
	(68, 40, 16, 1, 4.00),
	(69, 41, 19, 2, 3.50),
	(70, 43, 14, 1, 9.50),
	(71, 43, 15, 1, 8.50),
	(72, 43, 19, 1, 3.50),
	(73, 44, 10, 2, 2.50),
	(74, 44, 10, 1, 2.50),
	(75, 44, 11, 1, 5.00),
	(76, 45, 26, 3, 12.00),
	(77, 45, 30, 2, 3.50),
	(78, 46, 5, 1, 8.00),
	(79, 46, 7, 1, 4.50),
	(80, 46, 4, 1, 3.50),
	(81, 48, 9, 1, 4.00),
	(82, 48, 13, 1, 8.00),
	(83, 49, 2, 1, 9.00),
	(84, 50, 12, 1, 3.50),
	(85, 50, 13, 1, 8.00),
	(86, 52, 18, 1, 2.50),
	(87, 52, 18, 3, 2.50),
	(88, 53, 25, 1, 2.50),
	(89, 53, 25, 1, 2.50),
	(90, 53, 21, 1, 6.00),
	(91, 54, 5, 2, 8.00),
	(92, 54, 1, 1, 4.00),
	(93, 54, 4, 1, 3.50),
	(94, 56, 15, 1, 8.50),
	(95, 56, 17, 1, 4.00),
	(96, 56, 17, 1, 4.00),
	(97, 59, 5, 1, 8.00),
	(98, 60, 20, 1, 9.00),
	(99, 61, 2, 1, 9.00),
	(100, 62, 6, 1, 12.00),
	(101, 65, 25, 1, 2.50),
	(102, 65, 24, 1, 5.50),
	(103, 65, 21, 1, 6.00),
	(104, 66, 14, 2, 9.50),
	(105, 66, 15, 1, 8.50),
	(106, 66, 18, 2, 2.50),
	(107, 67, 19, 1, 3.50),
	(108, 68, 18, 3, 2.50),
	(109, 68, 17, 1, 4.00),
	(110, 69, 22, 1, 8.50),
	(111, 70, 4, 2, 3.50),
	(112, 70, 5, 1, 8.00),
	(113, 70, 3, 2, 2.50),
	(114, 71, 19, 1, 3.50),
	(115, 72, 3, 1, 2.50),
	(116, 72, 5, 1, 8.00),
	(117, 72, 4, 1, 3.50),
	(118, 73, 3, 2, 2.50),
	(119, 73, 5, 3, 8.00),
	(120, 73, 4, 1, 3.50),
	(121, 74, 3, 3, 2.50),
	(122, 74, 4, 1, 3.50),
	(123, 75, 14, 1, 9.50),
	(124, 76, 11, 1, 5.00),
	(125, 79, 3, 2, 2.50),
	(126, 79, 7, 3, 4.50),
	(127, 79, 7, 2, 4.50),
	(128, 80, 26, 1, 12.00),
	(129, 82, 5, 1, 8.00),
	(130, 82, 5, 1, 8.00),
	(131, 83, 5, 1, 8.00),
	(132, 83, 3, 1, 2.50),
	(133, 84, 4, 1, 3.50),
	(134, 85, 13, 1, 8.00),
	(135, 85, 12, 1, 3.50),
	(136, 85, 13, 1, 8.00),
	(137, 86, 11, 1, 5.00),
	(138, 86, 11, 2, 5.00),
	(139, 86, 13, 2, 8.00),
	(140, 87, 29, 1, 6.00),
	(141, 87, 29, 1, 6.00),
	(142, 88, 20, 1, 9.00),
	(143, 88, 20, 1, 9.00),
	(144, 89, 23, 1, 4.50),
	(145, 90, 16, 1, 4.00),
	(146, 90, 16, 1, 4.00),
	(147, 90, 17, 1, 4.00),
	(148, 91, 2, 1, 9.00),
	(149, 92, 10, 1, 2.50),
	(150, 93, 1, 1, 4.00),
	(151, 95, 7, 1, 4.50),
	(152, 95, 8, 1, 2.00),
	(153, 95, 2, 1, 9.00),
	(154, 96, 7, 1, 4.50),
	(155, 96, 6, 1, 12.00),
	(156, 97, 5, 2, 8.00),
	(157, 97, 2, 1, 9.00),
	(158, 98, 9, 1, 4.00),
	(159, 98, 10, 1, 2.50),
	(160, 98, 10, 1, 2.50),
	(161, 99, 15, 1, 8.50),
	(162, 99, 15, 1, 8.50),
	(163, 99, 14, 1, 9.50),
	(164, 100, 16, 1, 4.00),
	(165, 100, 14, 1, 9.50),
	(166, 100, 15, 2, 8.50),
	(167, 101, 1, 1, 4.00),
	(168, 101, 2, 1, 9.00),
	(169, 101, 8, 1, 2.00),
	(170, 103, 16, 1, 4.00),
	(171, 103, 14, 1, 9.50),
	(172, 103, 14, 1, 9.50),
	(173, 104, 3, 1, 2.50),
	(174, 105, 14, 3, 9.50),
	(175, 105, 16, 2, 4.00),
	(176, 106, 8, 1, 2.00),
	(177, 106, 5, 1, 8.00),
	(178, 106, 4, 1, 3.50),
	(179, 107, 14, 2, 9.50),
	(180, 108, 2, 1, 9.00),
	(181, 108, 5, 1, 8.00),
	(182, 108, 3, 3, 2.50),
	(183, 110, 15, 1, 8.50),
	(184, 111, 11, 1, 5.00),
	(185, 111, 11, 1, 5.00),
	(186, 111, 11, 1, 5.00),
	(187, 112, 29, 1, 6.00),
	(188, 113, 17, 3, 4.00),
	(189, 113, 16, 1, 4.00),
	(190, 114, 21, 1, 6.00),
	(191, 114, 23, 1, 4.50),
	(192, 114, 24, 1, 5.50),
	(193, 115, 2, 2, 9.00),
	(194, 115, 4, 3, 3.50),
	(195, 115, 3, 2, 2.50),
	(196, 116, 5, 1, 8.00),
	(197, 116, 1, 2, 4.00),
	(198, 116, 2, 1, 9.00),
	(199, 117, 3, 1, 2.50),
	(200, 118, 3, 1, 2.50),
	(201, 118, 5, 2, 8.00),
	(202, 118, 2, 1, 9.00),
	(203, 119, 4, 2, 3.50),
	(204, 119, 2, 1, 9.00),
	(205, 120, 19, 1, 3.50),
	(206, 121, 16, 1, 4.00),
	(207, 121, 16, 1, 4.00),
	(208, 121, 19, 1, 3.50),
	(209, 122, 1, 2, 4.00),
	(210, 123, 1, 1, 4.00),
	(211, 124, 26, 2, 12.00),
	(212, 126, 22, 1, 8.50),
	(213, 126, 24, 1, 5.50),
	(214, 127, 8, 1, 2.00),
	(215, 128, 15, 2, 8.50),
	(216, 128, 16, 1, 4.00),
	(217, 128, 14, 2, 9.50),
	(218, 129, 8, 1, 2.00),
	(219, 130, 1, 1, 4.00),
	(220, 130, 2, 2, 9.00),
	(221, 130, 1, 1, 4.00),
	(222, 131, 13, 1, 8.00),
	(223, 131, 13, 1, 8.00),
	(224, 134, 2, 1, 9.00),
	(225, 134, 3, 2, 2.50),
	(226, 134, 4, 1, 3.50),
	(227, 135, 13, 1, 8.00),
	(228, 135, 10, 2, 2.50),
	(229, 136, 8, 2, 2.00),
	(230, 136, 3, 3, 2.50),
	(231, 136, 4, 2, 3.50),
	(232, 138, 30, 1, 3.50),
	(233, 138, 29, 2, 6.00),
	(234, 139, 7, 2, 4.50),
	(235, 139, 6, 1, 12.00),
	(236, 139, 5, 1, 8.00),
	(237, 140, 19, 1, 3.50),
	(238, 141, 4, 1, 3.50),
	(239, 143, 15, 1, 8.50),
	(240, 143, 15, 2, 8.50),
	(241, 144, 25, 2, 2.50),
	(242, 144, 24, 1, 5.50),
	(243, 145, 2, 1, 9.00),
	(244, 145, 7, 1, 4.50),
	(245, 145, 4, 1, 3.50),
	(246, 146, 19, 1, 3.50),
	(247, 147, 7, 1, 4.50),
	(248, 147, 3, 1, 2.50),
	(249, 147, 7, 1, 4.50),
	(250, 148, 5, 2, 8.00),
	(251, 148, 3, 1, 2.50),
	(252, 149, 26, 1, 12.00),
	(253, 149, 29, 1, 6.00),
	(254, 149, 29, 1, 6.00),
	(255, 150, 22, 1, 8.50),
	(256, 150, 20, 1, 9.00),
	(257, 151, 9, 2, 4.00),
	(258, 151, 10, 1, 2.50),
	(259, 151, 9, 1, 4.00),
	(260, 152, 20, 1, 9.00),
	(261, 152, 25, 2, 2.50),
	(262, 152, 23, 1, 4.50),
	(263, 153, 29, 1, 6.00),
	(264, 153, 30, 1, 3.50),
	(265, 156, 27, 1, 10.00),
	(266, 156, 26, 1, 12.00),
	(267, 156, 30, 1, 3.50),
	(268, 157, 16, 2, 4.00),
	(269, 157, 14, 1, 9.50),
	(270, 158, 10, 1, 2.50),
	(271, 158, 9, 1, 4.00),
	(272, 159, 9, 3, 4.00),
	(273, 159, 9, 1, 4.00),
	(274, 159, 9, 1, 4.00),
	(275, 160, 14, 2, 9.50),
	(276, 161, 3, 1, 2.50),
	(277, 161, 3, 2, 2.50),
	(278, 162, 19, 2, 3.50),
	(279, 162, 16, 1, 4.00),
	(280, 163, 1, 1, 4.00),
	(281, 163, 3, 1, 2.50),
	(282, 165, 14, 1, 9.50),
	(283, 165, 15, 1, 8.50),
	(284, 166, 17, 1, 4.00),
	(285, 168, 18, 2, 2.50),
	(286, 168, 15, 1, 8.50),
	(287, 168, 18, 1, 2.50),
	(288, 169, 19, 3, 3.50),
	(289, 170, 1, 1, 4.00),
	(290, 172, 26, 1, 12.00),
	(291, 172, 30, 1, 3.50),
	(292, 173, 10, 1, 2.50),
	(293, 173, 13, 2, 8.00),
	(294, 174, 27, 2, 10.00),
	(295, 174, 27, 1, 10.00),
	(296, 175, 28, 2, 90.00),
	(297, 175, 27, 1, 10.00),
	(298, 175, 29, 1, 6.00),
	(299, 177, 26, 1, 12.00),
	(300, 177, 26, 1, 12.00),
	(301, 177, 26, 1, 12.00),
	(302, 179, 16, 3, 4.00),
	(303, 179, 14, 1, 9.50),
	(304, 179, 17, 3, 4.00),
	(305, 180, 7, 1, 4.50),
	(306, 180, 8, 2, 2.00),
	(307, 180, 4, 1, 3.50),
	(308, 181, 3, 1, 2.50),
	(309, 181, 1, 1, 4.00),
	(310, 181, 4, 1, 3.50),
	(311, 182, 10, 1, 2.50),
	(312, 182, 10, 1, 2.50),
	(313, 182, 13, 1, 8.00),
	(314, 183, 14, 1, 9.50),
	(315, 183, 19, 1, 3.50),
	(316, 184, 14, 2, 9.50),
	(317, 184, 19, 1, 3.50),
	(318, 185, 29, 1, 6.00),
	(319, 186, 30, 1, 3.50),
	(320, 186, 26, 1, 12.00),
	(321, 186, 27, 1, 10.00),
	(322, 187, 15, 1, 8.50),
	(323, 187, 14, 2, 9.50),
	(324, 188, 30, 1, 3.50),
	(325, 189, 19, 1, 3.50),
	(326, 189, 14, 1, 9.50),
	(327, 190, 6, 2, 12.00),
	(328, 190, 2, 1, 9.00),
	(329, 190, 1, 1, 4.00),
	(330, 192, 5, 2, 8.00),
	(331, 193, 24, 1, 5.50),
	(332, 193, 23, 1, 4.50),
	(333, 194, 22, 1, 8.50),
	(334, 195, 23, 1, 4.50),
	(335, 195, 20, 1, 9.00),
	(336, 196, 3, 2, 2.50),
	(337, 197, 5, 1, 8.00),
	(338, 197, 2, 2, 9.00),
	(339, 197, 4, 1, 3.50),
	(340, 198, 20, 2, 9.00),
	(341, 198, 23, 1, 4.50),
	(342, 198, 24, 1, 5.50),
	(343, 199, 26, 1, 12.00),
	(344, 199, 29, 1, 6.00),
	(345, 199, 29, 1, 6.00),
	(346, 200, 1, 1, 4.00),
	(347, 200, 6, 2, 12.00),
	(348, 200, 5, 1, 8.00),
	(349, 201, 23, 1, 4.50),
	(350, 201, 20, 1, 9.00),
	(351, 202, 13, 1, 8.00),
	(352, 202, 11, 1, 5.00),
	(353, 203, 1, 1, 4.00),
	(354, 203, 7, 1, 4.50),
	(355, 203, 3, 2, 2.50),
	(356, 204, 22, 1, 8.50),
	(357, 204, 23, 3, 4.50),
	(358, 205, 2, 1, 9.00),
	(359, 205, 3, 1, 2.50),
	(360, 206, 23, 2, 4.50),
	(361, 207, 22, 2, 8.50),
	(362, 207, 24, 1, 5.50),
	(363, 208, 23, 1, 4.50),
	(364, 208, 20, 1, 9.00),
	(365, 210, 15, 1, 8.50),
	(366, 211, 25, 1, 2.50),
	(367, 212, 7, 1, 4.50),
	(368, 212, 3, 1, 2.50),
	(369, 213, 26, 1, 12.00),
	(370, 215, 1, 1, 4.00),
	(371, 215, 1, 1, 4.00),
	(372, 215, 7, 2, 4.50),
	(373, 216, 14, 1, 9.50),
	(374, 217, 21, 2, 6.00),
	(375, 217, 25, 2, 2.50),
	(376, 217, 20, 1, 9.00),
	(377, 218, 2, 1, 9.00),
	(378, 218, 8, 1, 2.00),
	(379, 219, 27, 1, 10.00),
	(380, 219, 26, 1, 12.00),
	(381, 219, 27, 1, 10.00),
	(382, 220, 5, 1, 8.00),
	(383, 220, 7, 1, 4.50),
	(384, 221, 19, 1, 3.50),
	(385, 221, 16, 3, 4.00),
	(386, 223, 4, 2, 3.50),
	(387, 223, 1, 1, 4.00),
	(388, 224, 30, 1, 3.50),
	(389, 224, 26, 1, 12.00),
	(390, 224, 29, 2, 6.00),
	(391, 225, 18, 1, 2.50),
	(392, 225, 17, 2, 4.00),
	(393, 225, 19, 1, 3.50),
	(394, 226, 3, 1, 2.50),
	(395, 226, 2, 1, 9.00),
	(396, 227, 18, 1, 2.50),
	(397, 227, 18, 1, 2.50),
	(398, 228, 12, 2, 3.50),
	(399, 229, 13, 1, 8.00),
	(400, 230, 21, 1, 6.00),
	(401, 231, 6, 1, 12.00),
	(402, 233, 13, 1, 8.00),
	(403, 233, 10, 1, 2.50),
	(404, 234, 16, 1, 4.00),
	(405, 234, 19, 1, 3.50),
	(406, 235, 20, 1, 9.00),
	(407, 235, 21, 1, 6.00),
	(408, 235, 20, 2, 9.00),
	(409, 236, 2, 1, 9.00),
	(410, 236, 7, 1, 4.50),
	(411, 236, 1, 1, 4.00),
	(412, 237, 2, 2, 9.00),
	(413, 237, 1, 1, 4.00),
	(414, 237, 3, 2, 2.50),
	(415, 238, 18, 1, 2.50),
	(416, 238, 15, 1, 8.50),
	(417, 239, 20, 1, 9.00),
	(418, 240, 4, 2, 3.50),
	(419, 240, 5, 2, 8.00),
	(420, 241, 14, 1, 9.50),
	(421, 242, 16, 2, 4.00),
	(422, 243, 19, 1, 3.50),
	(423, 243, 15, 1, 8.50),
	(424, 243, 19, 1, 3.50),
	(425, 244, 4, 1, 3.50),
	(426, 244, 2, 1, 9.00),
	(427, 245, 30, 1, 3.50),
	(428, 246, 10, 1, 2.50),
	(429, 246, 10, 1, 2.50),
	(430, 247, 30, 1, 3.50),
	(431, 247, 29, 1, 6.00),
	(432, 247, 30, 1, 3.50),
	(433, 248, 12, 1, 3.50),
	(434, 248, 9, 1, 4.00),
	(435, 249, 6, 1, 12.00),
	(436, 250, 3, 1, 2.50),
	(437, 250, 8, 1, 2.00),
	(438, 251, 4, 1, 3.50),
	(439, 251, 3, 2, 2.50),
	(440, 253, 9, 2, 4.00),
	(441, 253, 10, 1, 2.50),
	(442, 253, 9, 2, 4.00),
	(443, 254, 17, 2, 4.00),
	(444, 255, 15, 1, 8.50),
	(445, 255, 18, 2, 2.50),
	(446, 255, 15, 2, 8.50),
	(447, 256, 2, 1, 9.00),
	(448, 257, 27, 2, 10.00),
	(449, 257, 26, 2, 12.00),
	(450, 257, 26, 1, 12.00),
	(451, 258, 19, 1, 3.50),
	(452, 259, 7, 1, 4.50),
	(453, 259, 3, 2, 2.50),
	(454, 260, 14, 1, 9.50),
	(455, 260, 16, 1, 4.00),
	(456, 260, 16, 2, 4.00),
	(457, 261, 18, 1, 2.50),
	(458, 261, 16, 2, 4.00),
	(459, 261, 19, 1, 3.50),
	(460, 263, 4, 1, 3.50),
	(461, 264, 9, 1, 4.00),
	(462, 265, 2, 1, 9.00),
	(463, 266, 15, 1, 8.50),
	(464, 266, 16, 1, 4.00),
	(465, 266, 18, 1, 2.50),
	(466, 267, 1, 1, 4.00),
	(467, 267, 3, 2, 2.50),
	(468, 268, 29, 1, 6.00),
	(469, 268, 27, 2, 10.00),
	(470, 268, 26, 1, 12.00),
	(471, 269, 25, 1, 2.50),
	(472, 270, 3, 2, 2.50),
	(473, 270, 3, 1, 2.50),
	(474, 271, 10, 1, 2.50),
	(475, 271, 9, 1, 4.00),
	(476, 272, 2, 2, 9.00),
	(477, 272, 2, 1, 9.00),
	(478, 273, 30, 1, 3.50),
	(479, 273, 30, 1, 3.50),
	(480, 273, 26, 1, 12.00),
	(481, 274, 24, 1, 5.50),
	(482, 274, 23, 2, 4.50),
	(483, 275, 26, 1, 12.00),
	(484, 276, 4, 1, 3.50),
	(485, 276, 1, 1, 4.00),
	(486, 277, 2, 1, 9.00),
	(487, 278, 11, 2, 5.00),
	(488, 278, 10, 2, 2.50),
	(489, 278, 12, 1, 3.50),
	(490, 279, 22, 1, 8.50),
	(491, 280, 20, 1, 9.00),
	(492, 281, 19, 1, 3.50),
	(493, 281, 14, 1, 9.50),
	(494, 282, 23, 1, 4.50),
	(495, 285, 5, 2, 8.00),
	(496, 285, 5, 1, 8.00),
	(497, 285, 1, 2, 4.00),
	(498, 287, 23, 3, 4.50),
	(499, 288, 1, 3, 4.00),
	(500, 288, 5, 2, 8.00),
	(501, 288, 3, 1, 2.50),
	(502, 289, 18, 1, 2.50),
	(503, 289, 17, 1, 4.00),
	(504, 290, 2, 2, 9.00),
	(505, 291, 20, 1, 9.00),
	(506, 291, 24, 1, 5.50),
	(507, 291, 20, 1, 9.00),
	(508, 292, 16, 1, 4.00),
	(509, 292, 19, 1, 3.50),
	(510, 292, 16, 1, 4.00),
	(511, 293, 15, 3, 8.50),
	(512, 293, 16, 2, 4.00),
	(513, 294, 1, 1, 4.00),
	(514, 294, 1, 1, 4.00),
	(515, 295, 14, 1, 9.50),
	(516, 295, 18, 1, 2.50),
	(517, 296, 4, 1, 3.50),
	(518, 298, 1, 1, 4.00),
	(519, 298, 2, 2, 9.00),
	(520, 298, 4, 1, 3.50),
	(521, 300, 15, 1, 8.50),
	(522, 300, 15, 1, 8.50),
	(523, 300, 16, 1, 4.00),
	(524, 301, 7, 1, 4.50),
	(525, 301, 3, 1, 2.50),
	(526, 301, 5, 1, 8.00),
	(527, 302, 30, 1, 3.50),
	(528, 302, 28, 1, 90.00),
	(529, 303, 1, 1, 4.00),
	(530, 303, 5, 1, 8.00),
	(531, 304, 17, 3, 4.00),
	(532, 304, 17, 1, 4.00),
	(533, 305, 21, 1, 6.00),
	(534, 305, 23, 1, 4.50),
	(535, 305, 25, 1, 2.50),
	(536, 306, 15, 1, 8.50),
	(537, 307, 1, 1, 4.00),
	(538, 308, 15, 1, 8.50),
	(539, 309, 5, 1, 8.00),
	(540, 310, 13, 2, 8.00),
	(541, 310, 9, 1, 4.00),
	(542, 310, 11, 1, 5.00),
	(543, 311, 24, 1, 5.50),
	(544, 311, 25, 1, 2.50),
	(545, 311, 23, 2, 4.50),
	(546, 313, 10, 1, 2.50),
	(547, 313, 9, 1, 4.00),
	(548, 313, 10, 1, 2.50),
	(549, 314, 1, 1, 4.00),
	(550, 314, 5, 1, 8.00),
	(551, 314, 5, 1, 8.00),
	(552, 315, 11, 1, 5.00),
	(553, 315, 11, 2, 5.00),
	(554, 315, 13, 1, 8.00),
	(555, 316, 19, 2, 3.50),
	(556, 316, 17, 1, 4.00),
	(557, 318, 6, 1, 12.00),
	(558, 318, 2, 1, 9.00),
	(559, 319, 24, 1, 5.50),
	(560, 320, 2, 2, 9.00),
	(561, 320, 3, 1, 2.50),
	(562, 321, 16, 1, 4.00),
	(563, 322, 10, 1, 2.50),
	(564, 322, 9, 1, 4.00),
	(565, 323, 25, 2, 2.50),
	(566, 324, 5, 1, 8.00),
	(567, 324, 4, 3, 3.50),
	(568, 325, 1, 2, 4.00),
	(569, 326, 3, 1, 2.50),
	(570, 326, 5, 1, 8.00),
	(571, 326, 3, 2, 2.50),
	(572, 327, 3, 1, 2.50),
	(573, 327, 5, 1, 8.00),
	(574, 328, 19, 1, 3.50),
	(575, 328, 15, 1, 8.50),
	(576, 328, 17, 1, 4.00),
	(577, 329, 3, 1, 2.50),
	(578, 330, 19, 1, 3.50),
	(579, 331, 14, 1, 9.50),
	(580, 331, 14, 1, 9.50),
	(581, 331, 15, 2, 8.50),
	(582, 332, 24, 1, 5.50),
	(583, 332, 25, 1, 2.50),
	(584, 333, 8, 1, 2.00),
	(585, 333, 6, 2, 12.00),
	(586, 334, 14, 1, 9.50),
	(587, 334, 15, 1, 8.50),
	(588, 334, 16, 1, 4.00),
	(589, 335, 4, 1, 3.50),
	(590, 335, 8, 1, 2.00),
	(591, 336, 17, 2, 4.00),
	(592, 337, 20, 2, 9.00),
	(593, 338, 1, 1, 4.00),
	(594, 338, 2, 2, 9.00),
	(595, 338, 1, 1, 4.00),
	(596, 339, 19, 1, 3.50),
	(597, 340, 7, 3, 4.50),
	(598, 340, 6, 1, 12.00),
	(599, 342, 2, 1, 9.00),
	(600, 342, 5, 1, 8.00),
	(601, 342, 3, 2, 2.50),
	(602, 343, 17, 2, 4.00),
	(603, 343, 18, 2, 2.50),
	(604, 344, 3, 1, 2.50),
	(605, 344, 5, 1, 8.00),
	(606, 345, 17, 1, 4.00),
	(607, 345, 19, 2, 3.50),
	(608, 345, 15, 1, 8.50),
	(609, 347, 10, 1, 2.50),
	(610, 347, 13, 1, 8.00),
	(611, 348, 20, 2, 9.00),
	(612, 349, 30, 1, 3.50),
	(613, 350, 21, 1, 6.00),
	(614, 350, 23, 1, 4.50),
	(615, 351, 2, 1, 9.00),
	(616, 351, 1, 1, 4.00),
	(617, 352, 14, 1, 9.50),
	(618, 354, 26, 1, 12.00),
	(619, 354, 27, 2, 10.00),
	(620, 354, 29, 1, 6.00),
	(621, 355, 14, 1, 9.50),
	(622, 356, 1, 1, 4.00),
	(623, 356, 4, 1, 3.50),
	(624, 356, 4, 2, 3.50),
	(625, 357, 1, 1, 4.00),
	(626, 357, 2, 1, 9.00),
	(627, 357, 6, 2, 12.00),
	(628, 358, 25, 1, 2.50),
	(629, 358, 21, 1, 6.00),
	(630, 358, 20, 1, 9.00),
	(631, 359, 1, 1, 4.00),
	(632, 359, 4, 1, 3.50),
	(633, 359, 6, 1, 12.00),
	(634, 360, 19, 1, 3.50),
	(635, 360, 19, 1, 3.50),
	(636, 360, 17, 1, 4.00),
	(637, 361, 18, 1, 2.50),
	(638, 362, 7, 1, 4.50),
	(639, 362, 2, 2, 9.00),
	(640, 363, 6, 1, 12.00),
	(641, 363, 3, 1, 2.50),
	(642, 363, 8, 1, 2.00),
	(643, 364, 5, 1, 8.00),
	(644, 364, 3, 1, 2.50),
	(645, 364, 4, 1, 3.50),
	(646, 365, 27, 1, 10.00),
	(647, 365, 29, 1, 6.00),
	(648, 366, 5, 1, 8.00),
	(649, 366, 4, 1, 3.50),
	(650, 366, 5, 1, 8.00),
	(651, 367, 30, 1, 3.50),
	(652, 367, 26, 2, 12.00),
	(653, 367, 27, 1, 10.00),
	(654, 368, 2, 1, 9.00),
	(655, 368, 4, 2, 3.50),
	(656, 368, 8, 2, 2.00),
	(657, 369, 20, 1, 9.00),
	(658, 369, 20, 3, 9.00),
	(659, 369, 25, 1, 2.50),
	(660, 370, 20, 1, 9.00),
	(661, 371, 5, 2, 8.00),
	(662, 372, 3, 1, 2.50),
	(663, 372, 5, 2, 8.00),
	(664, 372, 2, 1, 9.00),
	(665, 373, 9, 1, 4.00),
	(666, 374, 30, 1, 3.50),
	(667, 375, 2, 2, 9.00),
	(668, 375, 5, 1, 8.00),
	(669, 376, 5, 1, 8.00),
	(670, 376, 4, 2, 3.50),
	(671, 376, 3, 1, 2.50),
	(672, 377, 26, 1, 12.00),
	(673, 377, 27, 1, 10.00),
	(674, 377, 29, 1, 6.00),
	(675, 378, 29, 1, 6.00),
	(676, 378, 27, 2, 10.00),
	(677, 378, 27, 1, 10.00),
	(678, 379, 12, 1, 3.50),
	(679, 379, 10, 1, 2.50),
	(680, 379, 12, 1, 3.50),
	(681, 380, 3, 1, 2.50),
	(682, 381, 5, 1, 8.00),
	(683, 382, 18, 1, 2.50),
	(684, 382, 16, 1, 4.00),
	(685, 383, 17, 1, 4.00),
	(686, 383, 15, 2, 8.50),
	(687, 385, 19, 1, 3.50),
	(688, 386, 30, 1, 3.50),
	(689, 386, 29, 1, 6.00),
	(690, 387, 3, 1, 2.50),
	(691, 387, 4, 1, 3.50),
	(692, 387, 1, 3, 4.00),
	(693, 388, 1, 1, 4.00),
	(694, 389, 27, 1, 10.00),
	(695, 389, 29, 2, 6.00),
	(696, 390, 27, 2, 10.00),
	(697, 391, 15, 1, 8.50),
	(698, 391, 19, 1, 3.50),
	(699, 392, 26, 1, 12.00),
	(700, 392, 29, 1, 6.00),
	(701, 392, 29, 1, 6.00),
	(702, 393, 13, 1, 8.00),
	(703, 393, 9, 1, 4.00),
	(704, 393, 12, 1, 3.50),
	(705, 395, 24, 1, 5.50),
	(706, 396, 18, 1, 2.50),
	(707, 396, 15, 1, 8.50),
	(708, 396, 14, 1, 9.50),
	(709, 397, 29, 1, 6.00),
	(710, 397, 29, 1, 6.00),
	(711, 398, 1, 1, 4.00),
	(712, 399, 17, 2, 4.00),
	(713, 399, 18, 2, 2.50),
	(714, 399, 14, 2, 9.50),
	(715, 400, 5, 1, 8.00),
	(716, 400, 1, 2, 4.00),
	(717, 401, 7, 1, 4.50),
	(718, 401, 5, 1, 8.00),
	(719, 401, 1, 1, 4.00),
	(720, 402, 7, 1, 4.50),
	(721, 402, 4, 1, 3.50),
	(722, 402, 2, 1, 9.00),
	(723, 403, 25, 2, 2.50),
	(724, 403, 20, 1, 9.00),
	(725, 404, 7, 1, 4.50),
	(726, 404, 5, 1, 8.00),
	(727, 405, 11, 1, 5.00),
	(728, 405, 12, 1, 3.50),
	(729, 406, 2, 2, 9.00),
	(730, 406, 2, 2, 9.00),
	(731, 407, 16, 1, 4.00),
	(732, 408, 3, 1, 2.50),
	(733, 408, 3, 2, 2.50),
	(734, 408, 1, 1, 4.00),
	(735, 409, 30, 1, 3.50),
	(736, 410, 26, 1, 12.00),
	(737, 410, 27, 1, 10.00),
	(738, 410, 29, 1, 6.00),
	(739, 411, 19, 2, 3.50),
	(740, 411, 16, 1, 4.00),
	(741, 411, 15, 1, 8.50),
	(742, 412, 3, 1, 2.50),
	(743, 413, 3, 1, 2.50),
	(744, 415, 8, 2, 2.00),
	(745, 415, 2, 1, 9.00),
	(746, 415, 4, 1, 3.50),
	(747, 416, 6, 1, 12.00),
	(748, 416, 5, 1, 8.00),
	(749, 416, 4, 1, 3.50),
	(750, 417, 1, 3, 4.00),
	(751, 418, 7, 1, 4.50),
	(752, 418, 2, 1, 9.00),
	(753, 418, 2, 1, 9.00),
	(754, 419, 25, 1, 2.50),
	(755, 420, 20, 1, 9.00),
	(756, 420, 20, 1, 9.00),
	(757, 421, 9, 1, 4.00),
	(758, 421, 13, 3, 8.00),
	(759, 424, 19, 2, 3.50),
	(760, 424, 17, 1, 4.00),
	(761, 425, 14, 1, 9.50),
	(762, 425, 18, 1, 2.50),
	(763, 426, 18, 1, 2.50),
	(764, 427, 27, 1, 10.00),
	(765, 427, 26, 1, 12.00),
	(766, 427, 29, 2, 6.00),
	(767, 428, 3, 1, 2.50),
	(768, 429, 20, 1, 9.00),
	(769, 429, 20, 1, 9.00),
	(770, 430, 20, 1, 9.00),
	(771, 430, 23, 1, 4.50),
	(772, 431, 17, 1, 4.00),
	(773, 432, 25, 2, 2.50),
	(774, 432, 21, 2, 6.00),
	(775, 433, 1, 1, 4.00),
	(776, 433, 5, 1, 8.00),
	(777, 433, 2, 2, 9.00),
	(778, 434, 21, 1, 6.00),
	(779, 435, 29, 1, 6.00),
	(780, 435, 26, 1, 12.00),
	(781, 435, 29, 2, 6.00),
	(782, 436, 7, 1, 4.50),
	(783, 437, 15, 1, 8.50),
	(784, 437, 19, 1, 3.50),
	(785, 437, 18, 1, 2.50),
	(786, 438, 12, 1, 3.50),
	(787, 440, 1, 1, 4.00),
	(788, 441, 2, 1, 9.00),
	(789, 441, 6, 2, 12.00),
	(790, 441, 5, 1, 8.00),
	(791, 442, 14, 1, 9.50),
	(792, 442, 17, 1, 4.00),
	(793, 443, 16, 1, 4.00),
	(794, 443, 17, 2, 4.00),
	(795, 444, 18, 1, 2.50),
	(796, 445, 12, 2, 3.50),
	(797, 445, 13, 1, 8.00),
	(798, 446, 27, 1, 10.00),
	(799, 446, 27, 1, 10.00),
	(800, 446, 30, 1, 3.50),
	(801, 447, 1, 1, 4.00),
	(802, 447, 4, 1, 3.50),
	(803, 448, 27, 1, 10.00),
	(804, 448, 27, 2, 10.00),
	(805, 450, 5, 2, 8.00),
	(806, 450, 5, 1, 8.00),
	(807, 450, 1, 1, 4.00),
	(808, 451, 25, 2, 2.50),
	(809, 452, 24, 1, 5.50),
	(810, 452, 25, 1, 2.50),
	(811, 452, 23, 2, 4.50),
	(812, 453, 6, 1, 12.00),
	(813, 454, 30, 1, 3.50),
	(814, 455, 16, 2, 4.00),
	(815, 455, 14, 1, 9.50),
	(816, 456, 17, 2, 4.00),
	(817, 456, 19, 1, 3.50),
	(818, 457, 7, 1, 4.50),
	(819, 457, 3, 1, 2.50),
	(820, 457, 3, 1, 2.50);

SELECT setval(pg_get_serial_sequence('lineas_transaccion', 'id_linea'), (SELECT MAX(id_linea) FROM lineas_transaccion));
SELECT setval(pg_get_serial_sequence('incidencias_barra', 'id_incidencia'), (SELECT MAX(id_incidencia) FROM incidencias_barra));
SELECT setval(pg_get_serial_sequence('transacciones', 'id_transaccion'), (SELECT MAX(id_transaccion) FROM transacciones));
SELECT setval(pg_get_serial_sequence('wallet', 'id_wallet'), (SELECT MAX(id_wallet) FROM wallet));
SELECT setval(pg_get_serial_sequence('usuario', 'id_usuario'), (SELECT MAX(id_usuario) FROM usuario));
SELECT setval(pg_get_serial_sequence('asignaciones_camareros', 'id_asignacion'), (SELECT MAX(id_asignacion) FROM asignaciones_camareros));
SELECT setval(pg_get_serial_sequence('camareros', 'id_camarero'), (SELECT MAX(id_camarero) FROM camareros));
SELECT setval(pg_get_serial_sequence('productos', 'id_producto'), (SELECT MAX(id_producto) FROM productos));
SELECT setval(pg_get_serial_sequence('barras', 'id_barra'), (SELECT MAX(id_barra) FROM barras));
