-- TABLA BARRAS
DELETE FROM "public"."barras";

INSERT INTO "public"."barras" ("id_barra", "nombre_localizacion", "estado_cola") VALUES
	(1, 'Barra Escenario Principal', 'alta'),
	(2, 'Barra Escenario Indie', 'baja'),
	(3, 'Food Truck Hamburguesas', 'media'),
	(4, 'Food Truck Vegano', 'baja'),
	(5, 'Barra Zona VIP', 'baja');

-- TABLA CAMAREROS
DELETE FROM "public"."camareros";

INSERT INTO "public"."camareros" ("id_camarero", "nombre", "apellidos", "activo", "id_barra_actual") VALUES
	(1, 'Marta', 'López', true, 2),
	(2, 'Paula', 'Díaz', true, 3),
	(3, 'Laura', 'Domínguez', true, 3),
	(4, 'Pablo', 'Suárez', true, 3),
	(5, 'Noelia', 'Serrano', true, 3),
	(6, 'María', 'Torres', true, 1),
	(7, 'Noelia', 'Blanco', true, 1),
	(8, 'Paula', 'Molina', true, 3),
	(9, 'Raúl', 'Gutiérrez', true, 2),
	(10, 'Mario', 'Romero', true, 5),
	(11, 'Alba', 'García', true, 1),
	(12, 'Sofía', 'Díaz', true, 5),
	(13, 'Raúl', 'Morales', true, 4),
	(14, 'Diego', 'Delgado', true, 2),
	(15, 'Javier', 'Romero', true, 4),
	(16, 'Jorge', 'Blanco', true, 1),
	(17, 'Laura', 'Suárez', true, 1),
	(18, 'Daniel', 'Pérez', true, 3),
	(19, 'Ana', 'Alonso', true, 1),
	(20, 'María', 'Navarro', true, 3);

-- TABLA ASIGNACIONES_CAMAREROS
DELETE FROM "public"."asignaciones_camareros";

INSERT INTO "public"."asignaciones_camareros" ("id_asignacion", "id_camarero", "id_barra", "fecha_inicio", "fecha_fin", "horas_imputadas") VALUES
	(1, 1, 4, '2026-04-02 17:00:00', '2026-04-02 18:30:00', 1.50),
	(2, 1, 1, '2026-04-02 18:30:00', '2026-04-03 04:00:00', 9.50),
	(3, 1, 2, '2026-04-03 16:00:00', '2026-04-04 04:00:00', 12.00),
	(4, 1, 2, '2026-04-04 16:00:00', NULL, NULL),
	(5, 2, 1, '2026-04-02 17:30:00', '2026-04-03 04:00:00', 10.50),
	(6, 2, 1, '2026-04-03 16:00:00', '2026-04-03 22:30:00', 6.50),
	(7, 2, 3, '2026-04-03 22:30:00', '2026-04-04 01:00:00', 2.50),
	(8, 2, 3, '2026-04-04 01:00:00', '2026-04-04 04:00:00', 27.00),
	(9, 2, 3, '2026-04-04 18:00:00', '2026-04-04 20:30:00', 2.50),
	(10, 2, 4, '2026-04-04 20:30:00', '2026-04-04 21:00:00', 0.50),
	(11, 2, 2, '2026-04-04 21:00:00', '2026-04-04 21:30:00', 0.50),
	(12, 2, 3, '2026-04-04 21:30:00', NULL, NULL),
	(13, 3, 1, '2026-04-02 16:00:00', '2026-04-03 04:00:00', 12.00),
	(14, 3, 3, '2026-04-03 16:00:00', '2026-04-04 04:00:00', 12.00),
	(15, 3, 3, '2026-04-04 16:00:00', NULL, NULL),
	(16, 4, 1, '2026-04-02 16:30:00', '2026-04-03 04:00:00', 11.50),
	(17, 4, 1, '2026-04-03 16:00:00', '2026-04-04 03:00:00', 11.00),
	(18, 4, 3, '2026-04-04 03:00:00', '2026-04-04 04:00:00', 25.00),
	(19, 4, 3, '2026-04-04 16:00:00', NULL, NULL),
	(20, 5, 3, '2026-04-02 19:00:00', '2026-04-03 04:00:00', 9.00),
	(21, 5, 1, '2026-04-03 18:30:00', '2026-04-03 19:00:00', 0.50),
	(22, 5, 3, '2026-04-03 19:00:00', '2026-04-04 04:00:00', 9.00),
	(23, 5, 3, '2026-04-04 16:00:00', NULL, NULL),
	(24, 6, 3, '2026-04-02 16:00:00', '2026-04-03 04:00:00', 12.00),
	(25, 6, 1, '2026-04-03 18:30:00', '2026-04-03 23:00:00', 4.50),
	(26, 6, 4, '2026-04-03 23:00:00', '2026-04-04 03:00:00', 4.00),
	(27, 6, 1, '2026-04-04 03:00:00', '2026-04-04 04:00:00', 25.00),
	(28, 6, 1, '2026-04-04 16:00:00', '2026-04-04 18:30:00', 2.50),
	(29, 6, 1, '2026-04-04 18:30:00', NULL, NULL),
	(30, 7, 4, '2026-04-02 19:00:00', '2026-04-03 04:00:00', 9.00),
	(31, 7, 1, '2026-04-03 16:00:00', '2026-04-04 04:00:00', 12.00),
	(32, 7, 3, '2026-04-04 16:00:00', '2026-04-04 20:00:00', 4.00),
	(33, 7, 1, '2026-04-04 20:00:00', NULL, NULL),
	(34, 8, 1, '2026-04-02 16:00:00', '2026-04-03 04:00:00', 12.00),
	(35, 8, 3, '2026-04-03 18:30:00', '2026-04-04 04:00:00', 9.50),
	(36, 8, 3, '2026-04-04 19:30:00', NULL, NULL),
	(37, 9, 3, '2026-04-02 16:00:00', '2026-04-03 04:00:00', 12.00),
	(38, 9, 2, '2026-04-03 18:30:00', '2026-04-04 04:00:00', 9.50),
	(39, 9, 2, '2026-04-04 16:00:00', NULL, NULL),
	(40, 10, 1, '2026-04-02 18:00:00', '2026-04-03 04:00:00', 10.00),
	(41, 10, 4, '2026-04-03 18:00:00', '2026-04-03 20:30:00', 2.50),
	(42, 10, 5, '2026-04-03 20:30:00', '2026-04-04 04:00:00', 7.50),
	(43, 10, 5, '2026-04-04 16:30:00', NULL, NULL),
	(44, 11, 3, '2026-04-02 16:00:00', '2026-04-03 04:00:00', 12.00),
	(45, 11, 3, '2026-04-03 18:00:00', '2026-04-04 02:30:00', 8.50),
	(46, 11, 1, '2026-04-04 02:30:00', '2026-04-04 04:00:00', 25.50),
	(47, 11, 5, '2026-04-04 16:00:00', '2026-04-04 18:00:00', 2.00),
	(48, 11, 1, '2026-04-04 18:00:00', NULL, NULL),
	(49, 12, 4, '2026-04-02 16:00:00', '2026-04-03 04:00:00', 12.00),
	(50, 12, 5, '2026-04-03 16:30:00', '2026-04-04 04:00:00', 11.50),
	(51, 12, 5, '2026-04-04 18:30:00', NULL, NULL),
	(52, 13, 5, '2026-04-02 16:00:00', '2026-04-03 04:00:00', 12.00),
	(53, 13, 4, '2026-04-03 16:30:00', '2026-04-04 04:00:00', 11.50),
	(54, 13, 3, '2026-04-04 18:30:00', '2026-04-04 19:30:00', 1.00),
	(55, 13, 1, '2026-04-04 19:30:00', '2026-04-04 20:30:00', 1.00),
	(56, 13, 2, '2026-04-04 20:30:00', '2026-04-04 20:30:00', 0.00),
	(57, 13, 4, '2026-04-04 20:30:00', NULL, NULL),
	(58, 14, 2, '2026-04-02 16:00:00', '2026-04-03 04:00:00', 12.00),
	(59, 14, 3, '2026-04-03 16:00:00', '2026-04-03 20:00:00', 4.00),
	(60, 14, 2, '2026-04-03 20:00:00', '2026-04-04 04:00:00', 8.00),
	(61, 14, 2, '2026-04-04 16:00:00', NULL, NULL),
	(62, 15, 1, '2026-04-02 18:00:00', '2026-04-02 21:30:00', 3.50),
	(63, 15, 1, '2026-04-02 21:30:00', '2026-04-02 23:30:00', 2.00),
	(64, 15, 1, '2026-04-02 23:30:00', '2026-04-03 04:00:00', 4.50),
	(65, 15, 4, '2026-04-03 16:00:00', '2026-04-04 04:00:00', 12.00),
	(66, 15, 2, '2026-04-04 16:00:00', '2026-04-04 17:00:00', 1.00),
	(67, 15, 4, '2026-04-04 17:00:00', NULL, NULL),
	(68, 16, 4, '2026-04-02 19:30:00', '2026-04-03 04:00:00', 8.50),
	(69, 16, 1, '2026-04-03 16:00:00', '2026-04-04 04:00:00', 12.00),
	(70, 16, 1, '2026-04-04 16:00:00', NULL, NULL),
	(71, 17, 2, '2026-04-02 16:00:00', '2026-04-03 04:00:00', 12.00),
	(72, 17, 1, '2026-04-03 16:30:00', '2026-04-04 04:00:00', 11.50),
	(73, 17, 4, '2026-04-04 19:30:00', '2026-04-04 22:00:00', 2.50),
	(74, 17, 1, '2026-04-04 22:00:00', NULL, NULL),
	(75, 18, 3, '2026-04-02 16:00:00', '2026-04-03 04:00:00', 12.00),
	(76, 18, 3, '2026-04-03 16:00:00', '2026-04-04 04:00:00', 12.00),
	(77, 18, 3, '2026-04-04 16:00:00', NULL, NULL),
	(78, 19, 3, '2026-04-02 16:00:00', '2026-04-03 04:00:00', 12.00),
	(79, 19, 1, '2026-04-03 18:30:00', '2026-04-04 04:00:00', 9.50),
	(80, 19, 3, '2026-04-04 16:00:00', '2026-04-04 19:30:00', 3.50),
	(81, 19, 2, '2026-04-04 19:30:00', '2026-04-04 19:30:00', 0.00),
	(82, 19, 1, '2026-04-04 19:30:00', NULL, NULL),
	(83, 20, 3, '2026-04-02 16:00:00', '2026-04-03 04:00:00', 12.00),
	(84, 20, 3, '2026-04-03 17:00:00', '2026-04-04 04:00:00', 11.00),
	(85, 20, 3, '2026-04-04 18:30:00', NULL, NULL);

-- TABLA PRODUCTOS
DELETE FROM "public"."productos";

INSERT INTO "public"."productos" ("id_producto", "id_barra", "nombre", "precio", "categoria") VALUES
	(1, 1, 'Cerveza (Caña)', 4.00, 'bebida'),
	(2, 1, 'Cerveza (Litro)', 9.00, 'bebida'),
	(3, 1, 'Agua', 2.50, 'bebida'),
	(4, 1, 'Refresco', 3.50, 'bebida'),
	(5, 1, 'Copa Nacional', 8.00, 'bebida'),
	(6, 1, 'Copa Premium', 12.00, 'bebida'),
	(7, 1, 'Bebida Energética', 4.50, 'bebida'),
	(8, 1, 'Snack Salado', 2.00, 'comida'),
	(9, 2, 'Cerveza (Caña)', 4.00, 'bebida'),
	(10, 2, 'Agua', 2.50, 'bebida'),
	(11, 2, 'Tinto de Verano', 5.00, 'bebida'),
	(12, 2, 'Refresco', 3.50, 'bebida'),
	(13, 2, 'Copa Nacional', 8.00, 'bebida'),
	(14, 3, 'Doble Smash', 9.50, 'comida'),
	(15, 3, 'Burger Pollo Crujiente', 8.50, 'comida'),
	(16, 3, 'Patatas Fritas', 4.00, 'comida'),
	(17, 3, 'Cerveza (Caña)', 4.00, 'bebida'),
	(18, 3, 'Agua', 2.50, 'bebida'),
	(19, 3, 'Refresco', 3.50, 'bebida'),
	(20, 4, 'Wrap de Heura', 9.00, 'comida'),
	(21, 4, 'Hummus con Nachos', 6.00, 'comida'),
	(22, 4, 'Poke de Verduras', 8.50, 'comida'),
	(23, 4, 'Kombucha', 4.50, 'bebida'),
	(24, 4, 'Cerveza Artesanal', 5.50, 'bebida'),
	(25, 4, 'Agua', 2.50, 'bebida'),
	(26, 5, 'Copa Premium', 12.00, 'bebida'),
	(27, 5, 'Cocktail de Autor', 10.00, 'bebida'),
	(28, 5, 'Botella Champagne', 90.00, 'bebida'),
	(29, 5, 'Cerveza Artesanal', 6.00, 'bebida'),
	(30, 5, 'Agua Premium', 3.50, 'bebida');

-- TABLA USUARIOS
DELETE FROM "public"."usuarios";

INSERT INTO "public"."usuarios" ("id_usuario", "nombre", "apellidos", "edad", "correo", "telefono", "token_pago", "preferencia_musica", "preferencia_comida") VALUES
	(1, 'Diego', 'Vázquez', 22, 'yahoo.es', '+34 694 69 50 44', 'tok_1A2B', 'Indie', 'Hot Dogs'),
	(2, 'Alejandro', 'Gil', 24, 'gmail.com', '+34 603 80 26 83', 'tok_7L6Q', 'Reggaetón', 'Vegano'),
	(3, 'Alejandro', 'Delgado', 32, 'icloud.com', '+34 607 71 26 54', 'tok_8S2V', 'Reggaetón', 'Kebab'),
	(4, 'Marcos', 'Blanco', 31, 'outlook.com', '+34 617 01 11 97', 'tok_5L6Q', 'Electrónica', 'Hamburguesas'),
	(5, 'Pablo', 'Ortega', 32, 'outlook.com', '+34 682 11 99 20', 'tok_0O7D', 'Techno', 'Hamburguesas'),
	(6, 'Sergio', 'Molina', 35, 'hotmail.com', '+34 624 80 24 94', 'tok_0U0F', 'Urban', 'Hot Dogs'),
	(7, 'Mario', 'Suárez', 26, 'icloud.com', '+34 686 24 35 06', 'tok_8H4V', 'Rock', 'Hamburguesas'),
	(8, 'David', 'Domínguez', 31, 'yahoo.es', '+34 677 05 34 13', 'tok_4B0P', 'Techno', 'Pizza'),
	(9, 'Marta', 'Álvarez', 18, 'outlook.com', '+34 655 13 42 72', 'tok_4Q0R', 'Urban', 'Hamburguesas'),
	(10, 'Lucía', 'Moreno', 28, 'yahoo.es', '+34 671 28 21 38', 'tok_8M2I', 'Rock', 'Tacos'),
	(11, 'Carlos', 'Ramírez', 31, 'outlook.com', '+34 675 45 97 10', 'tok_4B8A', 'Techno', 'Sushi'),
	(12, 'Hugo', 'López', 32, 'outlook.com', '+34 692 23 80 69', 'tok_1M3K', 'Urban', 'Hamburguesas'),
	(13, 'Marta', 'Ramírez', 34, 'yahoo.es', '+34 621 28 65 07', 'tok_1B1H', 'Urban', 'Paella'),
	(14, 'Claudia', 'Domínguez', 29, 'outlook.com', '+34 627 62 40 66', 'tok_2W1H', 'Rock', 'Hot Dogs'),
	(15, 'David', 'Blanco', 28, 'icloud.com', '+34 603 57 98 47', 'tok_6N4K', 'Electrónica', 'Sushi'),
	(16, 'Claudia', 'Martínez', 25, 'gmail.com', '+34 621 99 03 03', 'tok_5L7E', 'Indie', 'Kebab'),
	(17, 'Alejandro', 'Martínez', 26, 'outlook.com', '+34 664 25 14 09', 'tok_7A9T', 'Rock', 'Paella'),
	(18, 'Sara', 'Alonso', 21, 'hotmail.com', '+34 622 06 69 19', 'tok_8R9X', 'Electrónica', 'Tacos'),
	(19, 'Laura', 'Serrano', 22, 'hotmail.com', '+34 695 17 39 43', 'tok_9H0C', 'Electrónica', 'Vegano'),
	(20, 'Irene', 'Álvarez', 31, 'hotmail.com', '+34 667 08 10 61', 'tok_0G7E', 'Techno', 'Tacos'),
	(21, 'Sergio', 'Ramírez', 19, 'outlook.com', '+34 632 11 76 11', 'tok_6P6O', 'Indie', 'Pizza'),
	(22, 'Alejandro', 'Sánchez', 31, 'gmail.com', '+34 603 90 60 93', 'tok_7F1W', 'Urban', 'Tacos'),
	(23, 'Alejandro', 'Díaz', 22, 'hotmail.com', '+34 629 81 75 29', 'tok_2H1W', 'Urban', 'Pizza'),
	(24, 'Paula', 'Muñoz', 26, 'icloud.com', '+34 640 60 43 90', 'tok_1L3T', 'Electrónica', 'Vegano'),
	(25, 'Álvaro', 'Ramírez', 29, 'hotmail.com', '+34 635 05 51 89', 'tok_1G6T', 'Electrónica', 'Kebab'),
	(26, 'Claudia', 'Ramos', 25, 'gmail.com', '+34 604 83 43 97', 'tok_3P9C', 'Pop', 'Tacos'),
	(27, 'Daniel', 'Gil', 29, 'icloud.com', '+34 631 52 63 39', 'tok_7W7C', 'Techno', 'Paella'),
	(28, 'Alba', 'Moreno', 31, 'gmail.com', '+34 680 42 88 91', 'tok_5W1K', 'Urban', 'Kebab'),
	(29, 'Raúl', 'Díaz', 20, 'outlook.com', '+34 660 52 96 52', 'tok_9R8I', 'Rock', 'Paella'),
	(30, 'Paula', 'Gómez', 22, 'icloud.com', '+34 674 21 11 78', 'tok_1B9H', 'Urban', 'Sushi'),
	(31, 'Ana', 'Gómez', 20, 'gmail.com', '+34 680 22 02 93', 'tok_4Q8F', 'Indie', 'Tacos'),
	(32, 'Marta', 'Navarro', 19, 'outlook.com', '+34 650 94 22 83', 'tok_7I3P', 'Pop', 'Kebab'),
	(33, 'Raúl', 'García', 34, 'hotmail.com', '+34 680 33 95 85', 'tok_1E6L', 'Urban', 'Hot Dogs'),
	(34, 'Sergio', 'Gutiérrez', 32, 'yahoo.es', '+34 643 70 82 27', 'tok_9E5H', 'Reggaetón', 'Pizza'),
	(35, 'Elena', 'Romero', 34, 'gmail.com', '+34 621 30 17 75', 'tok_1K1C', 'Rock', 'Tacos'),
	(36, 'Paula', 'Álvarez', 24, 'hotmail.com', '+34 656 43 06 27', 'tok_4C6A', 'Rock', 'Paella'),
	(37, 'Álvaro', 'Gil', 35, 'yahoo.es', '+34 608 63 67 92', 'tok_3R5F', 'Urban', 'Tacos'),
	(38, 'Álvaro', 'Blanco', 24, 'gmail.com', '+34 621 21 45 63', 'tok_2A5A', 'Electrónica', 'Sushi'),
	(39, 'Javier', 'Díaz', 18, 'yahoo.es', '+34 698 49 68 34', 'tok_1B5X', 'Reggaetón', 'Kebab'),
	(40, 'Julia', 'García', 33, 'hotmail.com', '+34 607 99 78 32', 'tok_1R5K', 'Rock', 'Tacos'),
	(41, 'Hugo', 'López', 21, 'outlook.com', '+34 653 76 03 47', 'tok_8M1I', 'Urban', 'Hot Dogs'),
	(42, 'Pablo', 'Muñoz', 24, 'icloud.com', '+34 631 23 59 60', 'tok_3J4Q', 'Electrónica', 'Pizza'),
	(43, 'Sergio', 'Álvarez', 25, 'yahoo.es', '+34 677 89 15 86', 'tok_6J6Y', 'Urban', 'Paella'),
	(44, 'Alba', 'Torres', 21, 'yahoo.es', '+34 640 31 36 11', 'tok_3K4Z', 'Pop', 'Paella'),
	(45, 'Carlos', 'Moreno', 31, 'gmail.com', '+34 667 73 55 53', 'tok_3L9V', 'Pop', 'Vegano'),
	(46, 'Sofía', 'Vázquez', 24, 'yahoo.es', '+34 623 69 36 47', 'tok_1M3R', 'Electrónica', 'Vegano'),
	(47, 'Sofía', 'Ramírez', 27, 'hotmail.com', '+34 663 15 92 86', 'tok_6M2A', 'Urban', 'Hot Dogs'),
	(48, 'Alba', 'Moreno', 31, 'outlook.com', '+34 694 86 35 30', 'tok_9O4L', 'Urban', 'Paella'),
	(49, 'María', 'Álvarez', 19, 'outlook.com', '+34 607 93 45 36', 'tok_6E0E', 'Urban', 'Pizza'),
	(50, 'Carlos', 'Serrano', 34, 'gmail.com', '+34 695 89 37 33', 'tok_2O1X', 'Pop', 'Paella'),
	(51, 'Álvaro', 'Domínguez', 30, 'hotmail.com', '+34 686 67 43 62', 'tok_3T1C', 'Indie', 'Pizza'),
	(52, 'María', 'Delgado', 30, 'icloud.com', '+34 659 63 27 13', 'tok_0A2L', 'Reggaetón', 'Sushi'),
	(53, 'Carlos', 'García', 19, 'gmail.com', '+34 641 24 17 19', 'tok_5T0B', 'Pop', 'Paella'),
	(54, 'Irene', 'López', 23, 'outlook.com', '+34 615 64 57 19', 'tok_3X1P', 'Indie', 'Sushi'),
	(55, 'Alejandro', 'Suárez', 31, 'icloud.com', '+34 661 83 25 89', 'tok_3J1A', 'Techno', 'Pizza'),
	(56, 'Diego', 'Martínez', 19, 'yahoo.es', '+34 646 18 01 26', 'tok_8E7F', 'Metal', 'Tacos'),
	(57, 'Jorge', 'Sánchez', 34, 'icloud.com', '+34 615 54 45 78', 'tok_4O6Z', 'Indie', 'Sushi'),
	(58, 'David', 'Torres', 33, 'icloud.com', '+34 698 01 65 36', 'tok_0W2J', 'Indie', 'Hamburguesas'),
	(59, 'Hugo', 'Gutiérrez', 20, 'hotmail.com', '+34 653 58 53 88', 'tok_8M4V', 'Metal', 'Vegano'),
	(60, 'Carlos', 'Vázquez', 27, 'outlook.com', '+34 654 35 21 68', 'tok_8S9P', 'Electrónica', 'Kebab'),
	(61, 'Alba', 'Ruiz', 21, 'yahoo.es', '+34 653 54 78 26', 'tok_7Y1Z', 'Reggaetón', 'Paella'),
	(62, 'Álvaro', 'Ramírez', 20, 'gmail.com', '+34 680 97 47 88', 'tok_1J0Z', 'Reggaetón', 'Vegano'),
	(63, 'Ana', 'Martínez', 32, 'gmail.com', '+34 658 85 36 53', 'tok_9Y9C', 'Metal', 'Hot Dogs'),
	(64, 'Lucía', 'Gutiérrez', 22, 'outlook.com', '+34 661 89 40 37', 'tok_2Q9Y', 'Indie', 'Pizza'),
	(65, 'Lucía', 'Ruiz', 33, 'outlook.com', '+34 602 63 18 00', 'tok_2N5E', 'Urban', 'Vegano'),
	(66, 'Diego', 'Álvarez', 35, 'icloud.com', '+34 661 62 42 59', 'tok_9X7G', 'Pop', 'Tacos'),
	(67, 'Hugo', 'Ruiz', 25, 'outlook.com', '+34 663 68 62 39', 'tok_8I0P', 'Electrónica', 'Sushi'),
	(68, 'Alejandro', 'Ramos', 34, 'gmail.com', '+34 617 28 82 99', 'tok_5S1Y', 'Rock', 'Hot Dogs'),
	(69, 'Sofía', 'Torres', 33, 'yahoo.es', '+34 603 84 13 22', 'tok_2Z8E', 'Electrónica', 'Hamburguesas'),
	(70, 'Marta', 'Gil', 18, 'outlook.com', '+34 641 81 71 93', 'tok_7P8L', 'Indie', 'Sushi'),
	(71, 'Sergio', 'García', 34, 'icloud.com', '+34 607 71 14 09', 'tok_8C0O', 'Electrónica', 'Tacos'),
	(72, 'Claudia', 'Pérez', 27, 'outlook.com', '+34 646 24 42 99', 'tok_7U2P', 'Indie', 'Vegano'),
	(73, 'Hugo', 'Álvarez', 21, 'yahoo.es', '+34 632 18 12 56', 'tok_4E9T', 'Reggaetón', 'Hamburguesas'),
	(74, 'Sergio', 'Gutiérrez', 25, 'outlook.com', '+34 669 67 44 50', 'tok_1R5D', 'Reggaetón', 'Pizza'),
	(75, 'Sara', 'Delgado', 18, 'yahoo.es', '+34 665 74 69 10', 'tok_4X0N', 'Rock', 'Sushi');

-- TABLA WALLET
DELETE FROM "public"."wallet";

INSERT INTO "public"."wallet" ("id_wallet", "id_usuario", "saldo") VALUES
	(1, 1, 61.44),
	(2, 2, 111.00),
	(3, 3, 187.81),
	(4, 4, 108.85),
	(5, 5, 79.11),
	(6, 6, 92.71),
	(7, 7, 87.79),
	(8, 8, 169.88),
	(9, 9, 80.36),
	(10, 10, 52.42),
	(11, 11, 0.00),
	(12, 12, 82.62),
	(13, 13, 40.19),
	(14, 14, 170.22),
	(15, 15, 30.45),
	(16, 16, 150.34),
	(17, 17, 112.77),
	(18, 18, 0.00),
	(19, 19, 112.29),
	(20, 20, 90.71),
	(21, 21, 76.87),
	(22, 22, 158.29),
	(23, 23, 178.14),
	(24, 24, 119.84),
	(25, 25, 23.58),
	(26, 26, 79.15),
	(27, 27, 0.00),
	(28, 28, 113.14),
	(29, 29, 189.81),
	(30, 30, 28.33),
	(31, 31, 36.76),
	(32, 32, 22.99),
	(33, 33, 35.69),
	(34, 34, 102.47),
	(35, 35, 0.00),
	(36, 36, 93.20),
	(37, 37, 138.26),
	(38, 38, 144.30),
	(39, 39, 132.14),
	(40, 40, 134.57),
	(41, 41, 0.00),
	(42, 42, 0.00),
	(43, 43, 199.87),
	(44, 44, 47.15),
	(45, 45, 102.68),
	(46, 46, 0.00),
	(47, 47, 26.87),
	(48, 48, 92.47),
	(49, 49, 0.00),
	(50, 50, 34.36),
	(51, 51, 199.20),
	(52, 52, 0.00),
	(53, 53, 117.09),
	(54, 54, 95.83),
	(55, 55, 161.15),
	(56, 56, 115.96),
	(57, 57, 87.55),
	(58, 58, 0.00),
	(59, 59, 161.01),
	(60, 60, 81.34),
	(61, 61, 99.50),
	(62, 62, 73.61),
	(63, 63, 187.45),
	(64, 64, 161.59),
	(65, 65, 129.59),
	(66, 66, 145.47),
	(67, 67, 80.99),
	(68, 68, 25.84),
	(69, 69, 163.80),
	(70, 70, 188.34),
	(71, 71, 142.26),
	(72, 72, 63.63),
	(73, 73, 59.48),
	(74, 74, 173.46),
	(75, 75, 77.89);

-- TABLA TRANSACCIONES
DELETE FROM "public"."transacciones";

INSERT INTO "public"."transacciones" ("id_transaccion", "id_wallet", "id_barra", "tipo_movimiento", "monto", "fecha") VALUES
	(1, 1, 5, 'pago_bebida', 12.00, '2026-04-03 00:00:00'),
	(2, 1, 1, 'pago_bebida', 4.00, '2026-04-03 02:30:00'),
	(3, 1, 4, 'pago_comida', 14.50, '2026-04-04 01:00:00'),
	(4, 1, 1, 'pago_bebida', 34.00, '2026-04-02 18:30:00'),
	(5, 1, 1, 'pago_bebida', 15.50, '2026-04-03 04:00:00'),
	(6, 1, 1, 'pago_bebida', 8.00, '2026-04-04 20:30:00'),
	(7, 2, 2, 'pago_bebida', 10.00, '2026-04-04 02:30:00'),
	(8, 2, 5, 'pago_bebida', 25.50, '2026-04-02 17:30:00'),
	(9, 2, 3, 'recharge', 38.44, '2026-04-03 23:00:00'),
	(10, 2, 1, 'pago_bebida', 9.00, '2026-04-02 00:30:00'),
	(11, 2, 5, 'pago_bebida', 28.00, '2026-04-04 23:00:00'),
	(12, 2, 3, 'compra', 13.00, '2026-04-03 18:30:00'),
	(13, 2, 3, 'pago_comida', 9.50, '2026-04-03 02:00:00'),
	(14, 3, 3, 'pago_comida', 8.00, '2026-04-03 00:30:00'),
	(15, 3, 1, 'pago_bebida', 12.50, '2026-04-02 16:00:00'),
	(16, 3, 5, 'pago_bebida', 109.00, '2026-04-02 20:00:00'),
	(17, 3, 3, 'pago_comida', 19.00, '2026-04-02 23:30:00'),
	(18, 3, 1, 'pago_bebida', 6.50, '2026-04-03 18:30:00'),
	(19, 3, 3, 'compra', 16.00, '2026-04-03 21:00:00'),
	(20, 3, 1, 'pago_bebida', 8.00, '2026-04-03 21:00:00'),
	(21, 4, 1, 'pago_bebida', 21.00, '2026-04-04 18:00:00'),
	(22, 4, 4, 'compra', 17.00, '2026-04-04 04:00:00'),
	(23, 4, 3, 'pago_bebida', 3.50, '2026-04-03 16:00:00'),
	(24, 4, 1, 'pago_bebida', 14.00, '2026-04-04 23:30:00'),
	(25, 4, 4, 'compra', 19.00, '2026-04-04 02:30:00'),
	(26, 4, 3, 'recharge', 30.94, '2026-04-02 16:30:00'),
	(27, 4, 3, 'pago_comida', 4.00, '2026-04-04 22:00:00'),
	(28, 5, 1, 'pago_bebida', 13.50, '2026-04-02 17:30:00'),
	(29, 5, 4, 'compra', 19.50, '2026-04-02 17:30:00'),
	(30, 5, 1, 'recharge', 38.97, '2026-04-04 22:30:00'),
	(31, 5, 3, 'compra', 13.50, '2026-04-04 17:30:00'),
	(32, 5, 4, 'pago_comida', 6.00, '2026-04-03 01:00:00'),
	(33, 5, 5, 'pago_bebida', 10.50, '2026-04-02 17:00:00'),
	(34, 5, 1, 'pago_bebida', 21.50, '2026-04-04 00:30:00'),
	(35, 6, 3, 'pago_comida', 19.00, '2026-04-04 21:00:00'),
	(36, 6, 3, 'pago_bebida', 4.00, '2026-04-04 00:30:00'),
	(37, 6, 1, 'pago_bebida', 22.00, '2026-04-02 17:30:00'),
	(38, 6, 5, 'recharge', 42.94, '2026-04-02 22:30:00'),
	(39, 6, 1, 'pago_bebida', 20.50, '2026-04-03 00:30:00'),
	(40, 6, 1, 'pago_bebida', 14.50, '2026-04-04 04:00:00'),
	(41, 7, 4, 'compra', 14.50, '2026-04-03 23:00:00'),
	(42, 7, 4, 'pago_bebida', 22.00, '2026-04-02 21:30:00'),
	(43, 7, 3, 'pago_bebida', 4.00, '2026-04-02 17:00:00'),
	(44, 7, 1, 'recharge', 16.81, '2026-04-02 02:30:00'),
	(45, 7, 1, 'compra', 12.00, '2026-04-03 02:00:00'),
	(46, 8, 4, 'recharge', 39.38, '2026-04-03 21:00:00'),
	(47, 8, 1, 'compra', 5.50, '2026-04-02 00:00:00'),
	(48, 8, 1, 'pago_bebida', 8.00, '2026-04-02 02:30:00'),
	(49, 8, 5, 'pago_bebida', 9.50, '2026-04-02 23:30:00'),
	(50, 8, 4, 'compra', 13.50, '2026-04-03 17:00:00'),
	(51, 9, 4, 'compra', 19.50, '2026-04-04 18:00:00'),
	(52, 9, 5, 'pago_bebida', 32.00, '2026-04-02 00:30:00'),
	(53, 9, 1, 'compra', 6.00, '2026-04-03 02:00:00'),
	(54, 9, 1, 'pago_bebida', 8.00, '2026-04-02 03:00:00'),
	(55, 9, 5, 'pago_bebida', 33.50, '2026-04-04 03:30:00'),
	(56, 10, 1, 'pago_bebida', 2.50, '2026-04-03 22:00:00'),
	(57, 10, 1, 'pago_bebida', 36.00, '2026-04-04 02:30:00'),
	(58, 10, 5, 'pago_bebida', 12.00, '2026-04-02 20:30:00'),
	(59, 10, 1, 'pago_bebida', 8.00, '2026-04-02 16:00:00'),
	(60, 10, 1, 'pago_bebida', 20.50, '2026-04-03 23:30:00'),
	(61, 10, 4, 'pago_bebida', 7.00, '2026-04-04 02:00:00'),
	(62, 11, 1, 'pago_bebida', 22.50, '2026-04-02 21:00:00'),
	(63, 11, 1, 'pago_bebida', 2.50, '2026-04-04 20:00:00'),
	(64, 11, 1, 'pago_bebida', 29.50, '2026-04-02 18:30:00'),
	(65, 11, 1, 'pago_bebida', 27.00, '2026-04-02 01:30:00'),
	(66, 11, 1, 'pago_bebida', 8.00, '2026-04-02 17:30:00'),
	(67, 11, 1, 'pago_bebida', 12.00, '2026-04-03 00:30:00'),
	(68, 12, 2, 'pago_bebida', 13.00, '2026-04-03 02:00:00'),
	(69, 12, 1, 'compra', 23.00, '2026-04-03 01:00:00'),
	(70, 12, 2, 'pago_bebida', 24.00, '2026-04-03 17:00:00'),
	(71, 12, 1, 'pago_bebida', 20.50, '2026-04-04 22:30:00'),
	(72, 12, 1, 'pago_bebida', 8.00, '2026-04-03 00:00:00'),
	(73, 12, 4, 'pago_comida', 33.00, '2026-04-02 19:30:00'),
	(74, 12, 1, 'pago_bebida', 17.00, '2026-04-04 21:00:00'),
	(75, 12, 4, 'compra', 8.50, '2026-04-02 16:30:00'),
	(76, 13, 4, 'compra', 19.00, '2026-04-03 16:00:00'),
	(77, 13, 4, 'pago_bebida', 5.00, '2026-04-04 02:00:00'),
	(78, 13, 1, 'pago_bebida', 5.00, '2026-04-03 16:30:00'),
	(79, 13, 3, 'pago_bebida', 15.00, '2026-04-03 03:30:00'),
	(80, 13, 1, 'pago_bebida', 11.50, '2026-04-03 00:30:00'),
	(81, 13, 3, 'pago_comida', 8.50, '2026-04-02 01:30:00'),
	(82, 14, 1, 'pago_bebida', 2.50, '2026-04-03 18:30:00'),
	(83, 14, 1, 'compra', 19.00, '2026-04-04 21:00:00'),
	(84, 14, 5, 'recharge', 32.95, '2026-04-02 20:30:00'),
	(85, 14, 1, 'pago_bebida', 10.50, '2026-04-04 02:30:00'),
	(86, 14, 1, 'pago_bebida', 16.00, '2026-04-02 21:00:00'),
	(87, 15, 1, 'pago_bebida', 2.50, '2026-04-04 04:00:00'),
	(88, 15, 2, 'pago_bebida', 3.50, '2026-04-02 17:30:00'),
	(89, 15, 4, 'pago_bebida', 4.50, '2026-04-02 02:30:00'),
	(90, 15, 1, 'pago_comida', 2.00, '2026-04-03 01:00:00'),
	(91, 15, 1, 'pago_bebida', 5.00, '2026-04-03 18:00:00'),
	(92, 15, 1, 'pago_bebida', 22.50, '2026-04-02 21:00:00'),
	(93, 15, 4, 'pago_bebida', 13.50, '2026-04-02 22:30:00'),
	(94, 16, 4, 'compra', 26.50, '2026-04-03 16:00:00'),
	(95, 16, 1, 'pago_bebida', 2.50, '2026-04-02 21:00:00'),
	(96, 16, 1, 'recharge', 23.79, '2026-04-04 04:00:00'),
	(97, 16, 4, 'compra', 17.50, '2026-04-04 23:00:00'),
	(98, 16, 1, 'pago_bebida', 35.50, '2026-04-02 00:00:00'),
	(99, 16, 5, 'pago_bebida', 7.00, '2026-04-04 22:30:00'),
	(100, 17, 3, 'pago_comida', 18.00, '2026-04-03 03:00:00'),
	(101, 17, 1, 'pago_bebida', 30.50, '2026-04-03 21:00:00'),
	(102, 17, 1, 'pago_bebida', 38.50, '2026-04-02 00:30:00'),
	(103, 17, 1, 'pago_bebida', 11.50, '2026-04-04 19:30:00'),
	(104, 17, 5, 'pago_bebida', 10.00, '2026-04-02 02:00:00'),
	(105, 17, 3, 'pago_bebida', 7.00, '2026-04-02 22:00:00'),
	(106, 18, 3, 'pago_bebida', 17.50, '2026-04-03 01:00:00'),
	(107, 18, 4, 'pago_bebida', 11.00, '2026-04-03 21:00:00'),
	(108, 18, 3, 'pago_comida', 4.00, '2026-04-03 17:00:00'),
	(109, 18, 1, 'pago_bebida', 4.50, '2026-04-04 17:30:00'),
	(110, 18, 2, 'pago_bebida', 13.00, '2026-04-04 00:00:00'),
	(111, 19, 1, 'pago_bebida', 17.50, '2026-04-03 16:00:00'),
	(112, 19, 1, 'pago_bebida', 8.00, '2026-04-03 23:00:00'),
	(113, 19, 3, 'compra', 12.50, '2026-04-04 02:00:00'),
	(114, 19, 1, 'pago_bebida', 4.00, '2026-04-04 18:30:00'),
	(115, 19, 3, 'pago_comida', 18.00, '2026-04-03 19:00:00'),
	(116, 19, 3, 'compra', 19.50, '2026-04-03 20:00:00'),
	(117, 19, 3, 'pago_bebida', 7.00, '2026-04-03 19:00:00'),
	(118, 20, 1, 'pago_bebida', 7.50, '2026-04-04 00:30:00'),
	(119, 20, 3, 'pago_bebida', 4.00, '2026-04-04 23:30:00'),
	(120, 20, 3, 'compra', 21.00, '2026-04-02 16:00:00'),
	(121, 20, 5, 'pago_bebida', 38.00, '2026-04-02 03:30:00'),
	(122, 20, 1, 'pago_bebida', 2.50, '2026-04-02 20:00:00'),
	(123, 20, 3, 'compra', 6.50, '2026-04-04 23:00:00'),
	(124, 20, 3, 'compra', 12.00, '2026-04-02 17:30:00'),
	(125, 21, 2, 'pago_bebida', 18.50, '2026-04-04 19:30:00'),
	(126, 21, 4, 'recharge', 29.93, '2026-04-03 23:30:00'),
	(127, 21, 3, 'compra', 19.00, '2026-04-04 03:30:00'),
	(128, 21, 1, 'pago_bebida', 9.00, '2026-04-03 18:00:00'),
	(129, 21, 3, 'recharge', 49.12, '2026-04-02 01:00:00'),
	(130, 21, 4, 'compra', 11.50, '2026-04-03 19:00:00'),
	(131, 21, 1, 'recharge', 22.08, '2026-04-03 00:00:00'),
	(132, 22, 1, 'pago_bebida', 11.50, '2026-04-03 19:30:00'),
	(133, 22, 1, 'pago_bebida', 20.00, '2026-04-03 01:00:00'),
	(134, 22, 3, 'compra', 9.00, '2026-04-03 17:00:00'),
	(135, 22, 1, 'pago_bebida', 26.00, '2026-04-02 18:30:00'),
	(136, 22, 1, 'pago_bebida', 4.50, '2026-04-03 03:30:00'),
	(137, 22, 1, 'pago_bebida', 18.00, '2026-04-02 19:00:00'),
	(138, 23, 1, 'pago_bebida', 15.50, '2026-04-04 02:30:00'),
	(139, 23, 4, 'recharge', 11.17, '2026-04-04 23:00:00'),
	(140, 23, 3, 'compra', 16.00, '2026-04-04 00:00:00'),
	(141, 23, 4, 'compra', 28.00, '2026-04-03 18:00:00'),
	(142, 23, 5, 'pago_bebida', 24.00, '2026-04-02 04:00:00'),
	(143, 23, 1, 'pago_bebida', 12.50, '2026-04-04 21:00:00'),
	(144, 23, 5, 'pago_bebida', 12.00, '2026-04-03 01:30:00'),
	(145, 24, 2, 'pago_bebida', 12.00, '2026-04-04 19:00:00'),
	(146, 24, 3, 'compra', 19.50, '2026-04-03 01:00:00'),
	(147, 24, 3, 'recharge', 47.77, '2026-04-02 04:00:00'),
	(148, 24, 1, 'pago_bebida', 9.00, '2026-04-04 23:30:00'),
	(149, 24, 5, 'pago_bebida', 16.50, '2026-04-04 21:00:00'),
	(150, 24, 1, 'pago_bebida', 13.00, '2026-04-02 02:00:00'),
	(151, 25, 3, 'compra', 15.50, '2026-04-04 18:30:00'),
	(152, 25, 1, 'pago_bebida', 2.50, '2026-04-03 22:30:00'),
	(153, 25, 3, 'pago_bebida', 3.50, '2026-04-04 23:30:00'),
	(154, 25, 1, 'pago_bebida', 25.00, '2026-04-03 23:30:00'),
	(155, 25, 4, 'recharge', 7.20, '2026-04-03 22:30:00'),
	(156, 25, 1, 'pago_bebida', 33.00, '2026-04-03 16:30:00'),
	(157, 26, 1, 'pago_bebida', 15.50, '2026-04-02 00:30:00'),
	(158, 26, 1, 'pago_bebida', 16.00, '2026-04-03 04:00:00'),
	(159, 26, 1, 'pago_bebida', 15.50, '2026-04-03 01:30:00'),
	(160, 26, 1, 'recharge', 48.26, '2026-04-04 22:00:00'),
	(161, 26, 1, 'pago_bebida', 8.00, '2026-04-02 00:00:00'),
	(162, 26, 1, 'pago_bebida', 4.00, '2026-04-04 20:00:00'),
	(163, 27, 1, 'pago_bebida', 4.50, '2026-04-02 21:00:00'),
	(164, 27, 1, 'recharge', 24.99, '2026-04-04 03:00:00'),
	(165, 27, 4, 'pago_bebida', 11.00, '2026-04-03 21:30:00'),
	(166, 27, 5, 'pago_bebida', 132.00, '2026-04-04 18:00:00'),
	(167, 27, 1, 'pago_bebida', 19.50, '2026-04-03 23:00:00'),
	(168, 27, 2, 'pago_bebida', 15.50, '2026-04-04 03:30:00'),
	(169, 28, 1, 'recharge', 16.71, '2026-04-03 01:30:00'),
	(170, 28, 1, 'pago_bebida', 27.50, '2026-04-02 00:00:00'),
	(171, 28, 3, 'pago_bebida', 3.50, '2026-04-03 18:30:00'),
	(172, 28, 4, 'recharge', 22.30, '2026-04-04 21:00:00'),
	(173, 28, 5, 'pago_bebida', 30.00, '2026-04-02 23:00:00'),
	(174, 28, 5, 'pago_bebida', 13.50, '2026-04-02 21:00:00'),
	(175, 28, 5, 'pago_bebida', 120.00, '2026-04-03 18:00:00'),
	(176, 29, 5, 'pago_bebida', 15.50, '2026-04-02 00:30:00'),
	(177, 29, 1, 'pago_bebida', 9.00, '2026-04-03 22:30:00'),
	(178, 29, 4, 'recharge', 33.30, '2026-04-02 03:30:00'),
	(179, 29, 3, 'pago_comida', 26.00, '2026-04-02 22:30:00'),
	(180, 29, 1, 'pago_bebida', 27.50, '2026-04-03 16:00:00'),
	(181, 30, 2, 'pago_bebida', 18.00, '2026-04-02 22:30:00'),
	(182, 30, 4, 'pago_comida', 35.00, '2026-04-03 21:30:00'),
	(183, 30, 3, 'pago_bebida', 8.00, '2026-04-03 01:00:00'),
	(184, 30, 1, 'pago_bebida', 11.50, '2026-04-03 20:30:00'),
	(185, 30, 1, 'pago_bebida', 3.50, '2026-04-04 17:00:00'),
	(186, 31, 5, 'pago_bebida', 10.00, '2026-04-04 21:00:00'),
	(187, 31, 3, 'compra', 27.00, '2026-04-03 22:30:00'),
	(188, 31, 2, 'pago_bebida', 5.00, '2026-04-04 19:30:00'),
	(189, 31, 1, 'recharge', 41.56, '2026-04-04 17:30:00'),
	(190, 31, 1, 'pago_bebida', 9.00, '2026-04-02 22:30:00'),
	(191, 31, 1, 'pago_bebida', 17.00, '2026-04-02 22:00:00'),
	(192, 31, 1, 'pago_comida', 2.00, '2026-04-03 18:00:00'),
	(193, 32, 1, 'recharge', 11.75, '2026-04-04 03:00:00'),
	(194, 32, 3, 'compra', 16.00, '2026-04-03 23:30:00'),
	(195, 32, 3, 'pago_bebida', 6.50, '2026-04-04 19:00:00'),
	(196, 32, 4, 'pago_comida', 26.00, '2026-04-02 20:30:00'),
	(197, 32, 1, 'pago_bebida', 21.00, '2026-04-02 18:30:00'),
	(198, 32, 5, 'pago_bebida', 31.50, '2026-04-02 16:00:00'),
	(199, 32, 3, 'compra', 12.00, '2026-04-03 19:30:00'),
	(200, 33, 3, 'compra', 29.00, '2026-04-04 20:30:00'),
	(201, 33, 4, 'pago_comida', 27.00, '2026-04-04 00:00:00'),
	(202, 33, 3, 'compra', 14.50, '2026-04-04 22:30:00'),
	(203, 33, 1, 'pago_bebida', 24.50, '2026-04-02 00:00:00'),
	(204, 33, 2, 'pago_bebida', 5.00, '2026-04-02 21:00:00'),
	(205, 33, 3, 'compra', 15.00, '2026-04-03 02:30:00'),
	(206, 33, 1, 'pago_bebida', 10.50, '2026-04-03 18:00:00'),
	(207, 34, 3, 'compra', 25.50, '2026-04-03 23:00:00'),
	(208, 34, 1, 'pago_bebida', 26.00, '2026-04-03 20:30:00'),
	(209, 34, 4, 'recharge', 39.48, '2026-04-03 01:00:00'),
	(210, 34, 2, 'pago_bebida', 13.00, '2026-04-02 16:00:00'),
	(211, 34, 1, 'pago_bebida', 13.00, '2026-04-02 17:30:00'),
	(212, 34, 4, 'pago_comida', 9.00, '2026-04-03 20:30:00'),
	(213, 34, 4, 'recharge', 10.32, '2026-04-04 04:00:00'),
	(214, 35, 3, 'compra', 7.50, '2026-04-02 02:30:00'),
	(215, 35, 3, 'pago_bebida', 8.00, '2026-04-02 23:30:00'),
	(216, 35, 1, 'pago_bebida', 2.50, '2026-04-02 22:00:00'),
	(217, 35, 1, 'pago_bebida', 2.50, '2026-04-04 02:00:00'),
	(218, 35, 4, 'compra', 27.00, '2026-04-04 17:30:00'),
	(219, 36, 4, 'compra', 17.50, '2026-04-04 19:30:00'),
	(220, 36, 5, 'pago_bebida', 12.00, '2026-04-02 23:30:00'),
	(221, 36, 3, 'pago_comida', 12.00, '2026-04-03 02:00:00'),
	(222, 36, 1, 'pago_bebida', 26.00, '2026-04-04 19:00:00'),
	(223, 36, 1, 'pago_bebida', 6.50, '2026-04-04 20:30:00'),
	(224, 36, 4, 'pago_comida', 21.00, '2026-04-04 21:30:00'),
	(225, 36, 2, 'pago_bebida', 12.00, '2026-04-04 01:30:00'),
	(226, 36, 5, 'recharge', 40.50, '2026-04-04 17:00:00'),
	(227, 37, 1, 'pago_bebida', 7.50, '2026-04-03 19:30:00'),
	(228, 37, 3, 'pago_bebida', 10.50, '2026-04-02 22:30:00'),
	(229, 37, 1, 'recharge', 11.20, '2026-04-02 22:00:00'),
	(230, 37, 1, 'pago_bebida', 4.00, '2026-04-02 23:00:00'),
	(231, 37, 5, 'pago_bebida', 12.00, '2026-04-03 22:30:00'),
	(232, 37, 3, 'pago_bebida', 8.00, '2026-04-02 19:30:00'),
	(233, 38, 1, 'pago_bebida', 11.50, '2026-04-04 22:00:00'),
	(234, 38, 3, 'pago_bebida', 15.50, '2026-04-04 03:30:00'),
	(235, 38, 3, 'compra', 14.50, '2026-04-02 03:00:00'),
	(236, 38, 4, 'recharge', 27.88, '2026-04-04 18:30:00'),
	(237, 38, 1, 'pago_bebida', 7.00, '2026-04-02 19:00:00'),
	(238, 38, 1, 'pago_bebida', 15.50, '2026-04-03 17:00:00'),
	(239, 39, 1, 'pago_bebida', 8.00, '2026-04-02 00:30:00'),
	(240, 39, 1, 'pago_bebida', 9.00, '2026-04-04 21:00:00'),
	(241, 39, 3, 'pago_bebida', 7.00, '2026-04-04 02:30:00'),
	(242, 39, 4, 'compra', 14.00, '2026-04-04 04:00:00'),
	(243, 39, 1, 'pago_bebida', 2.50, '2026-04-02 19:00:00'),
	(244, 39, 5, 'pago_bebida', 34.00, '2026-04-02 23:30:00'),
	(245, 40, 1, 'pago_bebida', 15.50, '2026-04-02 23:00:00'),
	(246, 40, 4, 'pago_comida', 9.00, '2026-04-02 01:00:00'),
	(247, 40, 4, 'compra', 28.00, '2026-04-02 22:30:00'),
	(248, 40, 3, 'compra', 13.50, '2026-04-04 16:00:00'),
	(249, 40, 3, 'pago_comida', 9.50, '2026-04-04 16:00:00'),
	(250, 40, 3, 'pago_comida', 18.00, '2026-04-04 00:00:00'),
	(251, 40, 1, 'pago_bebida', 2.50, '2026-04-04 00:00:00'),
	(252, 41, 1, 'compra', 9.00, '2026-04-04 03:00:00'),
	(253, 41, 4, 'pago_bebida', 9.00, '2026-04-04 03:00:00'),
	(254, 41, 3, 'pago_bebida', 4.00, '2026-04-04 23:30:00'),
	(255, 41, 1, 'recharge', 8.20, '2026-04-04 20:00:00'),
	(256, 41, 1, 'pago_bebida', 21.00, '2026-04-04 20:00:00'),
	(257, 42, 1, 'pago_bebida', 15.50, '2026-04-04 00:00:00'),
	(258, 42, 2, 'pago_bebida', 14.00, '2026-04-03 00:30:00'),
	(259, 42, 5, 'pago_bebida', 16.00, '2026-04-03 02:00:00'),
	(260, 42, 3, 'pago_bebida', 2.50, '2026-04-02 03:00:00'),
	(261, 42, 1, 'pago_bebida', 14.00, '2026-04-04 17:30:00'),
	(262, 42, 3, 'compra', 16.50, '2026-04-03 18:30:00'),
	(263, 43, 2, 'pago_bebida', 8.50, '2026-04-02 20:30:00'),
	(264, 43, 3, 'pago_bebida', 24.00, '2026-04-02 02:00:00'),
	(265, 43, 3, 'compra', 18.50, '2026-04-02 21:30:00'),
	(266, 43, 1, 'pago_bebida', 8.50, '2026-04-03 19:30:00'),
	(267, 43, 1, 'pago_bebida', 12.00, '2026-04-02 04:00:00'),
	(268, 44, 1, 'pago_bebida', 29.00, '2026-04-02 16:30:00'),
	(269, 44, 4, 'pago_comida', 9.00, '2026-04-04 18:00:00'),
	(270, 44, 3, 'pago_comida', 8.50, '2026-04-02 21:30:00'),
	(271, 44, 3, 'pago_bebida', 4.00, '2026-04-03 02:30:00'),
	(272, 44, 2, 'pago_bebida', 5.00, '2026-04-02 03:00:00'),
	(273, 44, 1, 'pago_bebida', 14.00, '2026-04-02 02:00:00'),
	(274, 44, 5, 'pago_bebida', 27.50, '2026-04-04 20:30:00'),
	(275, 45, 4, 'compra', 16.50, '2026-04-02 01:30:00'),
	(276, 45, 3, 'pago_comida', 9.50, '2026-04-03 17:00:00'),
	(277, 45, 3, 'pago_comida', 9.50, '2026-04-04 23:30:00'),
	(278, 45, 1, 'pago_comida', 2.00, '2026-04-04 00:00:00'),
	(279, 45, 4, 'recharge', 29.77, '2026-04-02 16:30:00'),
	(280, 45, 5, 'pago_bebida', 18.00, '2026-04-04 20:30:00'),
	(281, 45, 1, 'pago_bebida', 8.50, '2026-04-02 01:00:00'),
	(282, 46, 2, 'pago_bebida', 15.50, '2026-04-04 21:00:00'),
	(283, 46, 1, 'pago_bebida', 8.00, '2026-04-03 18:00:00'),
	(284, 46, 1, 'pago_bebida', 9.00, '2026-04-03 04:00:00'),
	(285, 46, 5, 'pago_bebida', 18.00, '2026-04-02 16:00:00'),
	(286, 46, 1, 'pago_bebida', 31.00, '2026-04-04 23:00:00'),
	(287, 46, 1, 'pago_bebida', 13.50, '2026-04-03 23:00:00'),
	(288, 47, 2, 'pago_bebida', 23.00, '2026-04-04 21:30:00'),
	(289, 47, 3, 'pago_bebida', 2.50, '2026-04-04 20:00:00'),
	(290, 47, 3, 'pago_comida', 13.50, '2026-04-03 22:30:00'),
	(291, 47, 1, 'pago_bebida', 22.00, '2026-04-04 17:00:00'),
	(292, 47, 1, 'recharge', 30.70, '2026-04-03 22:00:00'),
	(293, 47, 1, 'recharge', 10.38, '2026-04-02 21:30:00'),
	(294, 47, 3, 'pago_bebida', 7.00, '2026-04-04 18:00:00'),
	(295, 48, 3, 'pago_bebida', 8.00, '2026-04-02 17:00:00'),
	(296, 48, 3, 'compra', 17.50, '2026-04-04 03:00:00'),
	(297, 48, 1, 'pago_bebida', 9.00, '2026-04-04 19:30:00'),
	(298, 48, 4, 'recharge', 20.88, '2026-04-02 23:00:00'),
	(299, 48, 5, 'pago_bebida', 10.00, '2026-04-03 23:30:00'),
	(300, 48, 3, 'pago_bebida', 6.00, '2026-04-04 17:00:00'),
	(301, 48, 1, 'pago_bebida', 16.00, '2026-04-04 20:30:00'),
	(302, 49, 1, 'pago_bebida', 29.00, '2026-04-02 19:00:00'),
	(303, 49, 3, 'pago_bebida', 3.50, '2026-04-02 02:00:00'),
	(304, 49, 1, 'pago_bebida', 22.00, '2026-04-04 20:00:00'),
	(305, 49, 3, 'pago_bebida', 10.50, '2026-04-02 23:00:00'),
	(306, 49, 2, 'recharge', 38.75, '2026-04-03 16:00:00'),
	(307, 49, 5, 'pago_bebida', 22.50, '2026-04-03 23:30:00'),
	(308, 50, 3, 'pago_comida', 8.00, '2026-04-04 04:00:00'),
	(309, 50, 1, 'pago_bebida', 16.00, '2026-04-02 01:30:00'),
	(310, 50, 3, 'pago_comida', 12.50, '2026-04-02 17:30:00'),
	(311, 50, 2, 'pago_bebida', 8.00, '2026-04-02 19:00:00'),
	(312, 50, 1, 'pago_bebida', 8.00, '2026-04-03 22:30:00'),
	(313, 50, 4, 'pago_bebida', 9.00, '2026-04-02 22:00:00'),
	(314, 50, 3, 'pago_bebida', 7.00, '2026-04-04 03:30:00'),
	(315, 51, 1, 'pago_bebida', 2.50, '2026-04-04 19:00:00'),
	(316, 51, 4, 'recharge', 27.93, '2026-04-03 22:00:00'),
	(317, 51, 2, 'pago_bebida', 5.00, '2026-04-02 02:30:00'),
	(318, 51, 1, 'pago_bebida', 9.50, '2026-04-03 23:00:00'),
	(319, 51, 4, 'pago_comida', 9.00, '2026-04-02 03:30:00'),
	(320, 51, 3, 'compra', 32.50, '2026-04-02 22:00:00'),
	(321, 52, 3, 'compra', 16.00, '2026-04-02 21:30:00'),
	(322, 52, 1, 'pago_bebida', 18.50, '2026-04-04 18:30:00'),
	(323, 52, 3, 'pago_comida', 4.00, '2026-04-02 23:30:00'),
	(324, 52, 1, 'pago_bebida', 15.50, '2026-04-03 00:30:00'),
	(325, 52, 5, 'pago_bebida', 36.00, '2026-04-04 22:00:00'),
	(326, 52, 1, 'pago_bebida', 8.00, '2026-04-04 17:00:00'),
	(327, 52, 3, 'recharge', 35.30, '2026-04-04 23:00:00'),
	(328, 53, 3, 'compra', 13.00, '2026-04-04 16:00:00'),
	(329, 53, 2, 'pago_bebida', 11.00, '2026-04-04 03:30:00'),
	(330, 53, 3, 'pago_comida', 8.50, '2026-04-04 21:30:00'),
	(331, 53, 1, 'pago_bebida', 16.50, '2026-04-03 21:00:00'),
	(332, 53, 3, 'compra', 31.00, '2026-04-04 03:00:00'),
	(333, 53, 1, 'pago_bebida', 3.50, '2026-04-03 03:00:00'),
	(334, 54, 1, 'compra', 10.00, '2026-04-03 17:00:00'),
	(335, 54, 1, 'pago_bebida', 10.50, '2026-04-02 22:30:00'),
	(336, 54, 4, 'pago_bebida', 7.50, '2026-04-04 18:30:00'),
	(337, 54, 2, 'pago_bebida', 18.50, '2026-04-03 21:00:00'),
	(338, 54, 1, 'recharge', 20.38, '2026-04-03 17:30:00'),
	(339, 54, 4, 'recharge', 33.34, '2026-04-04 03:30:00'),
	(340, 55, 4, 'pago_comida', 12.00, '2026-04-04 03:00:00'),
	(341, 55, 1, 'pago_bebida', 23.50, '2026-04-02 03:30:00'),
	(342, 55, 1, 'pago_bebida', 4.50, '2026-04-02 18:30:00'),
	(343, 55, 3, 'pago_comida', 8.50, '2026-04-04 18:00:00'),
	(344, 55, 3, 'compra', 11.50, '2026-04-04 22:30:00'),
	(345, 55, 2, 'pago_bebida', 8.00, '2026-04-04 18:00:00'),
	(346, 55, 1, 'pago_bebida', 12.00, '2026-04-03 00:30:00'),
	(347, 56, 4, 'pago_comida', 9.00, '2026-04-04 18:30:00'),
	(348, 56, 1, 'recharge', 35.45, '2026-04-02 20:00:00'),
	(349, 56, 2, 'pago_bebida', 18.00, '2026-04-04 17:00:00'),
	(350, 56, 4, 'compra', 19.00, '2026-04-02 20:00:00'),
	(351, 56, 3, 'pago_comida', 9.50, '2026-04-02 23:30:00'),
	(352, 57, 1, 'pago_bebida', 7.00, '2026-04-03 04:00:00'),
	(353, 57, 1, 'recharge', 46.63, '2026-04-03 02:00:00'),
	(354, 57, 3, 'pago_bebida', 4.00, '2026-04-04 20:00:00'),
	(355, 57, 1, 'pago_bebida', 11.50, '2026-04-02 19:00:00'),
	(356, 57, 3, 'compra', 21.50, '2026-04-03 22:30:00'),
	(357, 57, 1, 'pago_bebida', 4.50, '2026-04-04 23:00:00'),
	(358, 58, 1, 'pago_bebida', 5.00, '2026-04-04 02:00:00'),
	(359, 58, 1, 'pago_bebida', 24.50, '2026-04-04 18:00:00'),
	(360, 58, 1, 'pago_bebida', 2.50, '2026-04-03 18:30:00'),
	(361, 58, 3, 'compra', 38.00, '2026-04-03 01:00:00'),
	(362, 58, 2, 'pago_bebida', 11.00, '2026-04-02 17:00:00'),
	(363, 58, 1, 'pago_bebida', 9.50, '2026-04-02 20:00:00'),
	(364, 58, 3, 'recharge', 34.82, '2026-04-04 16:00:00'),
	(365, 59, 1, 'pago_bebida', 7.00, '2026-04-03 23:30:00'),
	(366, 59, 4, 'pago_comida', 40.00, '2026-04-03 21:30:00'),
	(367, 59, 5, 'pago_bebida', 90.00, '2026-04-03 22:30:00'),
	(368, 59, 3, 'pago_bebida', 4.00, '2026-04-02 21:30:00'),
	(369, 59, 4, 'recharge', 5.59, '2026-04-04 00:30:00'),
	(370, 59, 2, 'pago_bebida', 8.00, '2026-04-04 19:30:00'),
	(371, 59, 4, 'recharge', 7.67, '2026-04-03 22:30:00'),
	(372, 60, 1, 'pago_bebida', 9.00, '2026-04-02 17:30:00'),
	(373, 60, 3, 'compra', 31.00, '2026-04-03 22:30:00'),
	(374, 60, 3, 'pago_bebida', 8.00, '2026-04-02 22:00:00'),
	(375, 60, 3, 'pago_bebida', 7.00, '2026-04-03 23:00:00'),
	(376, 61, 1, 'pago_bebida', 4.50, '2026-04-02 01:00:00'),
	(377, 61, 1, 'pago_bebida', 30.50, '2026-04-02 17:30:00'),
	(378, 61, 1, 'pago_bebida', 2.50, '2026-04-04 17:30:00'),
	(379, 61, 1, 'pago_bebida', 16.00, '2026-04-04 00:30:00'),
	(380, 61, 2, 'pago_bebida', 5.00, '2026-04-04 03:00:00'),
	(381, 61, 4, 'compra', 23.50, '2026-04-02 22:30:00'),
	(382, 62, 1, 'pago_bebida', 15.50, '2026-04-03 20:30:00'),
	(383, 62, 5, 'pago_bebida', 25.50, '2026-04-03 00:00:00'),
	(384, 62, 3, 'compra', 13.00, '2026-04-03 16:00:00'),
	(385, 62, 1, 'pago_bebida', 11.50, '2026-04-02 18:00:00'),
	(386, 62, 3, 'pago_bebida', 10.00, '2026-04-04 00:30:00'),
	(387, 63, 5, 'pago_bebida', 13.00, '2026-04-04 18:00:00'),
	(388, 63, 1, 'pago_bebida', 3.50, '2026-04-02 16:30:00'),
	(389, 63, 1, 'pago_bebida', 2.50, '2026-04-03 20:30:00'),
	(390, 63, 3, 'compra', 13.00, '2026-04-03 19:00:00'),
	(391, 63, 3, 'pago_bebida', 10.00, '2026-04-04 17:30:00'),
	(392, 63, 1, 'pago_bebida', 11.50, '2026-04-02 00:30:00'),
	(393, 63, 4, 'pago_bebida', 4.50, '2026-04-03 20:00:00'),
	(394, 64, 2, 'recharge', 16.01, '2026-04-04 16:30:00'),
	(395, 64, 3, 'pago_bebida', 7.00, '2026-04-04 19:30:00'),
	(396, 64, 3, 'pago_bebida', 7.00, '2026-04-02 22:00:00'),
	(397, 64, 3, 'compra', 15.50, '2026-04-02 03:30:00'),
	(398, 64, 3, 'compra', 20.00, '2026-04-02 03:30:00'),
	(399, 64, 3, 'pago_comida', 16.50, '2026-04-04 01:30:00'),
	(400, 64, 1, 'pago_bebida', 9.00, '2026-04-03 01:00:00'),
	(401, 65, 3, 'pago_bebida', 2.50, '2026-04-04 04:00:00'),
	(402, 65, 4, 'compra', 22.50, '2026-04-04 20:00:00'),
	(403, 65, 1, 'recharge', 33.03, '2026-04-03 21:00:00'),
	(404, 65, 2, 'pago_bebida', 17.00, '2026-04-04 18:30:00'),
	(405, 65, 5, 'pago_bebida', 25.50, '2026-04-04 18:00:00'),
	(406, 65, 3, 'pago_comida', 12.50, '2026-04-02 04:00:00'),
	(407, 65, 1, 'recharge', 48.75, '2026-04-03 03:00:00'),
	(408, 66, 3, 'pago_comida', 4.00, '2026-04-03 19:00:00'),
	(409, 66, 1, 'pago_bebida', 12.00, '2026-04-04 00:00:00'),
	(410, 66, 3, 'recharge', 48.40, '2026-04-03 20:00:00'),
	(411, 66, 1, 'pago_bebida', 15.00, '2026-04-02 17:00:00'),
	(412, 66, 2, 'pago_bebida', 9.00, '2026-04-02 16:00:00'),
	(413, 66, 1, 'pago_bebida', 2.50, '2026-04-04 16:00:00'),
	(414, 66, 4, 'compra', 31.50, '2026-04-04 04:00:00'),
	(415, 66, 1, 'pago_bebida', 27.00, '2026-04-02 00:30:00'),
	(416, 67, 1, 'pago_bebida', 37.00, '2026-04-02 23:30:00'),
	(417, 67, 5, 'pago_bebida', 25.50, '2026-04-02 22:30:00'),
	(418, 67, 1, 'recharge', 14.93, '2026-04-02 00:30:00'),
	(419, 67, 1, 'pago_bebida', 29.50, '2026-04-04 21:30:00'),
	(420, 67, 1, 'pago_bebida', 22.00, '2026-04-04 03:00:00'),
	(421, 67, 1, 'pago_bebida', 16.00, '2026-04-04 04:00:00'),
	(422, 67, 3, 'pago_comida', 8.50, '2026-04-04 02:30:00'),
	(423, 68, 1, 'pago_bebida', 10.50, '2026-04-03 02:30:00'),
	(424, 68, 1, 'pago_bebida', 4.00, '2026-04-02 18:00:00'),
	(425, 68, 1, 'compra', 10.00, '2026-04-02 02:00:00'),
	(426, 68, 1, 'pago_bebida', 9.00, '2026-04-02 20:30:00'),
	(427, 68, 5, 'pago_bebida', 7.00, '2026-04-02 02:30:00'),
	(428, 68, 1, 'recharge', 32.49, '2026-04-03 02:00:00'),
	(429, 69, 2, 'pago_bebida', 4.00, '2026-04-03 18:30:00'),
	(430, 69, 3, 'compra', 30.50, '2026-04-04 21:00:00'),
	(431, 69, 3, 'compra', 23.00, '2026-04-03 04:00:00'),
	(432, 69, 1, 'pago_bebida', 4.00, '2026-04-03 02:30:00'),
	(433, 69, 3, 'compra', 13.00, '2026-04-03 19:30:00'),
	(434, 69, 1, 'pago_bebida', 10.50, '2026-04-02 18:00:00'),
	(435, 69, 3, 'compra', 21.00, '2026-04-02 23:30:00'),
	(436, 70, 1, 'pago_bebida', 16.00, '2026-04-03 16:00:00'),
	(437, 70, 1, 'pago_bebida', 2.50, '2026-04-02 00:30:00'),
	(438, 70, 1, 'pago_bebida', 21.50, '2026-04-04 16:00:00'),
	(439, 70, 4, 'pago_comida', 18.00, '2026-04-02 20:00:00'),
	(440, 70, 2, 'pago_bebida', 18.00, '2026-04-02 03:00:00'),
	(441, 70, 1, 'pago_bebida', 4.50, '2026-04-02 21:30:00'),
	(442, 70, 1, 'pago_bebida', 8.00, '2026-04-02 23:30:00'),
	(443, 70, 1, 'pago_bebida', 27.00, '2026-04-03 03:30:00'),
	(444, 71, 1, 'pago_bebida', 4.00, '2026-04-02 22:00:00'),
	(445, 71, 5, 'recharge', 28.54, '2026-04-03 17:00:00'),
	(446, 71, 1, 'pago_bebida', 4.00, '2026-04-02 03:00:00'),
	(447, 71, 1, 'pago_bebida', 9.00, '2026-04-02 16:30:00'),
	(448, 71, 3, 'pago_comida', 4.00, '2026-04-04 18:30:00'),
	(449, 71, 1, 'pago_bebida', 14.50, '2026-04-02 21:30:00'),
	(450, 72, 3, 'pago_bebida', 18.50, '2026-04-03 23:30:00'),
	(451, 72, 1, 'pago_bebida', 31.00, '2026-04-03 18:00:00'),
	(452, 72, 5, 'pago_bebida', 16.00, '2026-04-03 16:00:00'),
	(453, 72, 3, 'compra', 12.00, '2026-04-03 20:00:00'),
	(454, 72, 5, 'pago_bebida', 20.00, '2026-04-04 23:30:00'),
	(455, 72, 3, 'recharge', 26.73, '2026-04-03 02:00:00'),
	(456, 73, 4, 'pago_bebida', 2.50, '2026-04-03 20:30:00'),
	(457, 73, 1, 'pago_bebida', 8.00, '2026-04-03 19:00:00'),
	(458, 73, 5, 'pago_bebida', 12.00, '2026-04-02 17:00:00'),
	(459, 73, 1, 'pago_bebida', 14.50, '2026-04-03 01:00:00'),
	(460, 73, 5, 'pago_bebida', 58.00, '2026-04-04 22:00:00'),
	(461, 74, 2, 'pago_bebida', 13.50, '2026-04-02 04:00:00'),
	(462, 74, 3, 'recharge', 10.50, '2026-04-03 22:30:00'),
	(463, 74, 3, 'compra', 16.00, '2026-04-02 01:00:00'),
	(464, 74, 4, 'compra', 13.00, '2026-04-04 18:00:00'),
	(465, 74, 2, 'recharge', 44.08, '2026-04-03 21:00:00'),
	(466, 74, 1, 'pago_bebida', 9.50, '2026-04-02 22:00:00'),
	(467, 74, 3, 'compra', 12.50, '2026-04-02 23:00:00'),
	(468, 75, 1, 'pago_bebida', 6.00, '2026-04-04 03:30:00'),
	(469, 75, 3, 'compra', 6.50, '2026-04-02 00:30:00'),
	(470, 75, 1, 'pago_bebida', 6.50, '2026-04-03 02:00:00'),
	(471, 75, 4, 'compra', 16.00, '2026-04-04 20:00:00'),
	(472, 75, 1, 'pago_bebida', 16.00, '2026-04-04 23:30:00'),
	(473, 75, 3, 'compra', 34.00, '2026-04-02 18:30:00'),
	(474, 75, 5, 'pago_bebida', 30.00, '2026-04-04 18:30:00');

-- TABLA LINEAS_TRANSACCION
DELETE FROM "public"."lineas_transaccion";

INSERT INTO "public"."lineas_transaccion" ("id_linea_transaccion", "id_transaccion", "id_producto", "cantidad", "precio_unitario") VALUES
	(1, 1, 26, 1, 12.00),
	(2, 2, 1, 1, 4.00),
	(3, 3, 22, 1, 8.50),
	(4, 3, 21, 1, 6.00),
	(5, 4, 5, 1, 8.00),
	(6, 4, 5, 1, 8.00),
	(7, 4, 2, 2, 9.00),
	(8, 5, 4, 1, 3.50),
	(9, 5, 1, 3, 4.00),
	(10, 6, 5, 1, 8.00),
	(11, 7, 10, 1, 2.50),
	(12, 7, 10, 1, 2.50),
	(13, 7, 11, 1, 5.00),
	(14, 8, 27, 1, 10.00),
	(15, 8, 30, 1, 3.50),
	(16, 8, 26, 1, 12.00),
	(17, 10, 2, 1, 9.00),
	(18, 11, 27, 1, 10.00),
	(19, 11, 29, 1, 6.00),
	(20, 11, 29, 2, 6.00),
	(21, 12, 14, 1, 9.50),
	(22, 12, 19, 1, 3.50),
	(23, 13, 14, 1, 9.50),
	(24, 14, 16, 2, 4.00),
	(25, 15, 1, 1, 4.00),
	(26, 15, 1, 1, 4.00),
	(27, 15, 7, 1, 4.50),
	(28, 16, 30, 2, 3.50),
	(29, 16, 28, 1, 90.00),
	(30, 16, 26, 1, 12.00),
	(31, 17, 14, 1, 9.50),
	(32, 17, 14, 1, 9.50),
	(33, 18, 1, 1, 4.00),
	(34, 18, 3, 1, 2.50),
	(35, 19, 14, 1, 9.50),
	(36, 19, 18, 1, 2.50),
	(37, 19, 17, 1, 4.00),
	(38, 20, 5, 1, 8.00),
	(39, 21, 2, 1, 9.00),
	(40, 21, 5, 1, 8.00),
	(41, 21, 1, 1, 4.00),
	(42, 22, 25, 1, 2.50),
	(43, 22, 22, 1, 8.50),
	(44, 22, 21, 1, 6.00),
	(45, 23, 19, 1, 3.50),
	(46, 24, 2, 1, 9.00),
	(47, 24, 3, 1, 2.50),
	(48, 24, 3, 1, 2.50),
	(49, 25, 20, 1, 9.00),
	(50, 25, 23, 1, 4.50),
	(51, 25, 24, 1, 5.50),
	(52, 27, 16, 1, 4.00),
	(53, 28, 7, 3, 4.50),
	(54, 29, 22, 1, 8.50),
	(55, 29, 24, 2, 5.50),
	(56, 31, 18, 2, 2.50),
	(57, 31, 15, 1, 8.50),
	(58, 32, 21, 1, 6.00),
	(59, 33, 30, 1, 3.50),
	(60, 33, 30, 2, 3.50),
	(61, 34, 2, 1, 9.00),
	(62, 34, 7, 2, 4.50),
	(63, 34, 4, 1, 3.50),
	(64, 35, 14, 2, 9.50),
	(65, 36, 17, 1, 4.00),
	(66, 37, 1, 1, 4.00),
	(67, 37, 2, 2, 9.00),
	(68, 39, 2, 1, 9.00),
	(69, 39, 2, 1, 9.00),
	(70, 39, 3, 1, 2.50),
	(71, 40, 6, 1, 12.00),
	(72, 40, 3, 1, 2.50),
	(73, 41, 24, 1, 5.50),
	(74, 41, 20, 1, 9.00),
	(75, 42, 24, 2, 5.50),
	(76, 42, 24, 2, 5.50),
	(77, 43, 17, 1, 4.00),
	(78, 45, 8, 2, 2.00),
	(79, 45, 1, 1, 4.00),
	(80, 45, 1, 1, 4.00),
	(81, 47, 4, 1, 3.50),
	(82, 47, 8, 1, 2.00),
	(83, 48, 5, 1, 8.00),
	(84, 49, 30, 1, 3.50),
	(85, 49, 29, 1, 6.00),
	(86, 50, 20, 1, 9.00),
	(87, 50, 23, 1, 4.50),
	(88, 51, 23, 1, 4.50),
	(89, 51, 21, 1, 6.00),
	(90, 51, 23, 2, 4.50),
	(91, 52, 27, 1, 10.00),
	(92, 52, 26, 1, 12.00),
	(93, 52, 27, 1, 10.00),
	(94, 53, 1, 1, 4.00),
	(95, 53, 8, 1, 2.00),
	(96, 54, 5, 1, 8.00),
	(97, 55, 27, 1, 10.00),
	(98, 55, 30, 1, 3.50),
	(99, 55, 27, 2, 10.00),
	(100, 56, 3, 1, 2.50),
	(101, 57, 5, 1, 8.00),
	(102, 57, 6, 1, 12.00),
	(103, 57, 5, 2, 8.00),
	(104, 58, 26, 1, 12.00),
	(105, 59, 1, 2, 4.00),
	(106, 60, 4, 1, 3.50),
	(107, 60, 2, 1, 9.00),
	(108, 60, 5, 1, 8.00),
	(109, 61, 25, 1, 2.50),
	(110, 61, 23, 1, 4.50),
	(111, 62, 7, 1, 4.50),
	(112, 62, 2, 2, 9.00),
	(113, 63, 3, 1, 2.50),
	(114, 64, 7, 1, 4.50),
	(115, 64, 5, 2, 8.00),
	(116, 64, 2, 1, 9.00),
	(117, 65, 2, 1, 9.00),
	(118, 65, 2, 1, 9.00),
	(119, 65, 2, 1, 9.00),
	(120, 66, 5, 1, 8.00),
	(121, 67, 5, 1, 8.00),
	(122, 67, 1, 1, 4.00),
	(123, 68, 13, 1, 8.00),
	(124, 68, 11, 1, 5.00),
	(125, 69, 2, 1, 9.00),
	(126, 69, 8, 3, 2.00),
	(127, 69, 1, 2, 4.00),
	(128, 70, 13, 1, 8.00),
	(129, 70, 13, 2, 8.00),
	(130, 71, 7, 2, 4.50),
	(131, 71, 5, 1, 8.00),
	(132, 71, 4, 1, 3.50),
	(133, 72, 1, 2, 4.00),
	(134, 73, 21, 1, 6.00),
	(135, 73, 20, 2, 9.00),
	(136, 73, 20, 1, 9.00),
	(137, 74, 2, 1, 9.00),
	(138, 74, 1, 2, 4.00),
	(139, 75, 21, 1, 6.00),
	(140, 75, 25, 1, 2.50),
	(141, 76, 23, 1, 4.50),
	(142, 76, 20, 1, 9.00),
	(143, 76, 24, 1, 5.50),
	(144, 77, 25, 1, 2.50),
	(145, 77, 25, 1, 2.50),
	(146, 78, 3, 1, 2.50),
	(147, 78, 3, 1, 2.50),
	(148, 79, 19, 2, 3.50),
	(149, 79, 17, 2, 4.00),
	(150, 80, 7, 1, 4.50),
	(151, 80, 4, 1, 3.50),
	(152, 80, 4, 1, 3.50),
	(153, 81, 15, 1, 8.50),
	(154, 82, 3, 1, 2.50),
	(155, 83, 4, 1, 3.50),
	(156, 83, 8, 1, 2.00),
	(157, 83, 7, 3, 4.50),
	(158, 85, 3, 1, 2.50),
	(159, 85, 5, 1, 8.00),
	(160, 86, 4, 1, 3.50),
	(161, 86, 4, 1, 3.50),
	(162, 86, 2, 1, 9.00),
	(163, 87, 3, 1, 2.50),
	(164, 88, 12, 1, 3.50),
	(165, 89, 23, 1, 4.50),
	(166, 90, 8, 1, 2.00),
	(167, 91, 3, 2, 2.50),
	(168, 92, 7, 1, 4.50),
	(169, 92, 2, 2, 9.00),
	(170, 93, 23, 1, 4.50),
	(171, 93, 23, 1, 4.50),
	(172, 93, 23, 1, 4.50),
	(173, 94, 23, 2, 4.50),
	(174, 94, 22, 1, 8.50),
	(175, 94, 20, 1, 9.00),
	(176, 95, 3, 1, 2.50),
	(177, 97, 25, 1, 2.50),
	(178, 97, 20, 1, 9.00),
	(179, 97, 21, 1, 6.00),
	(180, 98, 5, 2, 8.00),
	(181, 98, 5, 2, 8.00),
	(182, 98, 4, 1, 3.50),
	(183, 99, 30, 1, 3.50),
	(184, 99, 30, 1, 3.50),
	(185, 100, 15, 1, 8.50),
	(186, 100, 14, 1, 9.50),
	(187, 101, 7, 1, 4.50),
	(188, 101, 5, 1, 8.00),
	(189, 101, 2, 2, 9.00),
	(190, 102, 6, 2, 12.00),
	(191, 102, 3, 1, 2.50),
	(192, 102, 6, 1, 12.00),
	(193, 103, 2, 1, 9.00),
	(194, 103, 3, 1, 2.50),
	(195, 104, 27, 1, 10.00),
	(196, 105, 19, 1, 3.50),
	(197, 105, 19, 1, 3.50),
	(198, 106, 19, 3, 3.50),
	(199, 106, 19, 2, 3.50),
	(200, 107, 24, 2, 5.50),
	(201, 108, 16, 1, 4.00),
	(202, 109, 7, 1, 4.50),
	(203, 110, 10, 2, 2.50),
	(204, 110, 13, 1, 8.00),
	(205, 111, 2, 1, 9.00),
	(206, 111, 7, 1, 4.50),
	(207, 111, 1, 1, 4.00),
	(208, 112, 5, 1, 8.00),
	(209, 113, 15, 1, 8.50),
	(210, 113, 17, 1, 4.00),
	(211, 114, 1, 1, 4.00),
	(212, 115, 14, 1, 9.50),
	(213, 115, 15, 1, 8.50),
	(214, 116, 18, 1, 2.50),
	(215, 116, 15, 2, 8.50),
	(216, 117, 19, 1, 3.50),
	(217, 117, 19, 1, 3.50),
	(218, 118, 3, 2, 2.50),
	(219, 118, 3, 1, 2.50),
	(220, 119, 17, 1, 4.00),
	(221, 120, 14, 1, 9.50),
	(222, 120, 19, 1, 3.50),
	(223, 120, 16, 2, 4.00),
	(224, 121, 27, 2, 10.00),
	(225, 121, 26, 1, 12.00),
	(226, 121, 29, 1, 6.00),
	(227, 122, 3, 1, 2.50),
	(228, 123, 18, 1, 2.50),
	(229, 123, 16, 1, 4.00),
	(230, 124, 18, 1, 2.50),
	(231, 124, 14, 1, 9.50),
	(232, 125, 10, 1, 2.50),
	(233, 125, 13, 1, 8.00),
	(234, 125, 13, 1, 8.00),
	(235, 127, 18, 1, 2.50),
	(236, 127, 17, 2, 4.00),
	(237, 127, 15, 1, 8.50),
	(238, 128, 2, 1, 9.00),
	(239, 130, 20, 1, 9.00),
	(240, 130, 25, 1, 2.50),
	(241, 132, 4, 1, 3.50),
	(242, 132, 5, 1, 8.00),
	(243, 133, 6, 1, 12.00),
	(244, 133, 5, 1, 8.00),
	(245, 134, 18, 2, 2.50),
	(246, 134, 16, 1, 4.00),
	(247, 135, 5, 1, 8.00),
	(248, 135, 2, 2, 9.00),
	(249, 136, 7, 1, 4.50),
	(250, 137, 2, 2, 9.00),
	(251, 138, 1, 1, 4.00),
	(252, 138, 2, 1, 9.00),
	(253, 138, 3, 1, 2.50),
	(254, 140, 16, 2, 4.00),
	(255, 140, 17, 2, 4.00),
	(256, 141, 22, 3, 8.50),
	(257, 141, 25, 1, 2.50),
	(258, 142, 26, 1, 12.00),
	(259, 142, 26, 1, 12.00),
	(260, 143, 2, 1, 9.00),
	(261, 143, 4, 1, 3.50),
	(262, 144, 26, 1, 12.00),
	(263, 145, 9, 1, 4.00),
	(264, 145, 9, 2, 4.00),
	(265, 146, 15, 1, 8.50),
	(266, 146, 18, 1, 2.50),
	(267, 146, 15, 1, 8.50),
	(268, 148, 7, 2, 4.50),
	(269, 149, 29, 1, 6.00),
	(270, 149, 30, 2, 3.50),
	(271, 149, 30, 1, 3.50),
	(272, 150, 1, 1, 4.00),
	(273, 150, 2, 1, 9.00),
	(274, 151, 16, 2, 4.00),
	(275, 151, 19, 1, 3.50),
	(276, 151, 16, 1, 4.00),
	(277, 152, 3, 1, 2.50),
	(278, 153, 19, 1, 3.50),
	(279, 154, 2, 1, 9.00),
	(280, 154, 6, 1, 12.00),
	(281, 154, 1, 1, 4.00),
	(282, 156, 2, 1, 9.00),
	(283, 156, 5, 3, 8.00),
	(284, 157, 3, 3, 2.50),
	(285, 157, 1, 2, 4.00),
	(286, 158, 5, 2, 8.00),
	(287, 159, 4, 1, 3.50),
	(288, 159, 6, 1, 12.00),
	(289, 161, 5, 1, 8.00),
	(290, 162, 1, 1, 4.00),
	(291, 163, 7, 1, 4.50),
	(292, 165, 24, 1, 5.50),
	(293, 165, 24, 1, 5.50),
	(294, 166, 28, 1, 90.00),
	(295, 166, 26, 3, 12.00),
	(296, 166, 29, 1, 6.00),
	(297, 167, 6, 1, 12.00),
	(298, 167, 1, 1, 4.00),
	(299, 167, 4, 1, 3.50),
	(300, 168, 10, 1, 2.50),
	(301, 168, 13, 1, 8.00),
	(302, 168, 11, 1, 5.00),
	(303, 170, 4, 2, 3.50),
	(304, 170, 7, 1, 4.50),
	(305, 170, 5, 2, 8.00),
	(306, 171, 19, 1, 3.50),
	(307, 173, 26, 1, 12.00),
	(308, 173, 26, 1, 12.00),
	(309, 173, 29, 1, 6.00),
	(310, 174, 27, 1, 10.00),
	(311, 174, 30, 1, 3.50),
	(312, 175, 26, 2, 12.00),
	(313, 175, 28, 1, 90.00),
	(314, 175, 29, 1, 6.00),
	(315, 176, 30, 1, 3.50),
	(316, 176, 26, 1, 12.00),
	(317, 177, 2, 1, 9.00),
	(318, 179, 16, 2, 4.00),
	(319, 179, 15, 1, 8.50),
	(320, 179, 14, 1, 9.50),
	(321, 180, 5, 2, 8.00),
	(322, 180, 3, 1, 2.50),
	(323, 180, 2, 1, 9.00),
	(324, 181, 9, 2, 4.00),
	(325, 181, 11, 2, 5.00),
	(326, 182, 20, 1, 9.00),
	(327, 182, 22, 2, 8.50),
	(328, 182, 20, 1, 9.00),
	(329, 183, 17, 2, 4.00),
	(330, 184, 1, 1, 4.00),
	(331, 184, 3, 1, 2.50),
	(332, 184, 3, 2, 2.50),
	(333, 185, 4, 1, 3.50),
	(334, 186, 27, 1, 10.00),
	(335, 187, 17, 1, 4.00),
	(336, 187, 14, 2, 9.50),
	(337, 187, 16, 1, 4.00),
	(338, 188, 10, 1, 2.50),
	(339, 188, 10, 1, 2.50),
	(340, 190, 2, 1, 9.00),
	(341, 191, 2, 1, 9.00),
	(342, 191, 1, 2, 4.00),
	(343, 192, 8, 1, 2.00),
	(344, 194, 16, 1, 4.00),
	(345, 194, 18, 1, 2.50),
	(346, 194, 14, 1, 9.50),
	(347, 195, 17, 1, 4.00),
	(348, 195, 18, 1, 2.50),
	(349, 196, 20, 1, 9.00),
	(350, 196, 22, 2, 8.50),
	(351, 197, 2, 1, 9.00),
	(352, 197, 5, 1, 8.00),
	(353, 197, 1, 1, 4.00),
	(354, 198, 30, 1, 3.50),
	(355, 198, 29, 3, 6.00),
	(356, 198, 27, 1, 10.00),
	(357, 199, 16, 1, 4.00),
	(358, 199, 17, 1, 4.00),
	(359, 199, 17, 1, 4.00),
	(360, 200, 15, 2, 8.50),
	(361, 200, 15, 1, 8.50),
	(362, 200, 19, 1, 3.50),
	(363, 201, 20, 1, 9.00),
	(364, 201, 20, 1, 9.00),
	(365, 201, 20, 1, 9.00),
	(366, 202, 14, 1, 9.50),
	(367, 202, 18, 2, 2.50),
	(368, 203, 5, 2, 8.00),
	(369, 203, 7, 1, 4.50),
	(370, 203, 1, 1, 4.00),
	(371, 204, 10, 1, 2.50),
	(372, 204, 10, 1, 2.50),
	(373, 205, 15, 1, 8.50),
	(374, 205, 17, 1, 4.00),
	(375, 205, 18, 1, 2.50),
	(376, 206, 3, 1, 2.50),
	(377, 206, 1, 2, 4.00),
	(378, 207, 14, 1, 9.50),
	(379, 207, 16, 1, 4.00),
	(380, 207, 17, 3, 4.00),
	(381, 208, 2, 2, 9.00),
	(382, 208, 1, 1, 4.00),
	(383, 208, 1, 1, 4.00),
	(384, 210, 11, 1, 5.00),
	(385, 210, 13, 1, 8.00),
	(386, 211, 1, 1, 4.00),
	(387, 211, 2, 1, 9.00),
	(388, 212, 20, 1, 9.00),
	(389, 214, 19, 1, 3.50),
	(390, 214, 16, 1, 4.00),
	(391, 215, 17, 2, 4.00),
	(392, 216, 3, 1, 2.50),
	(393, 217, 3, 1, 2.50),
	(394, 218, 23, 2, 4.50),
	(395, 218, 23, 2, 4.50),
	(396, 218, 20, 1, 9.00),
	(397, 219, 20, 1, 9.00),
	(398, 219, 25, 1, 2.50),
	(399, 219, 21, 1, 6.00),
	(400, 220, 26, 1, 12.00),
	(401, 221, 16, 1, 4.00),
	(402, 221, 16, 1, 4.00),
	(403, 221, 16, 1, 4.00),
	(404, 222, 2, 1, 9.00),
	(405, 222, 3, 2, 2.50),
	(406, 222, 6, 1, 12.00),
	(407, 223, 3, 1, 2.50),
	(408, 223, 1, 1, 4.00),
	(409, 224, 21, 2, 6.00),
	(410, 224, 20, 1, 9.00),
	(411, 225, 9, 1, 4.00),
	(412, 225, 13, 1, 8.00),
	(413, 227, 1, 1, 4.00),
	(414, 227, 4, 1, 3.50),
	(415, 228, 19, 1, 3.50),
	(416, 228, 19, 2, 3.50),
	(417, 230, 1, 1, 4.00),
	(418, 231, 26, 1, 12.00),
	(419, 232, 17, 2, 4.00),
	(420, 233, 4, 1, 3.50),
	(421, 233, 5, 1, 8.00),
	(422, 234, 17, 1, 4.00),
	(423, 234, 17, 2, 4.00),
	(424, 234, 19, 1, 3.50),
	(425, 235, 19, 1, 3.50),
	(426, 235, 18, 1, 2.50),
	(427, 235, 15, 1, 8.50),
	(428, 237, 7, 1, 4.50),
	(429, 237, 3, 1, 2.50),
	(430, 238, 7, 1, 4.50),
	(431, 238, 1, 1, 4.00),
	(432, 238, 4, 2, 3.50),
	(433, 239, 1, 2, 4.00),
	(434, 240, 2, 1, 9.00),
	(435, 241, 19, 2, 3.50),
	(436, 242, 24, 1, 5.50),
	(437, 242, 25, 1, 2.50),
	(438, 242, 21, 1, 6.00),
	(439, 243, 3, 1, 2.50),
	(440, 244, 26, 2, 12.00),
	(441, 244, 27, 1, 10.00),
	(442, 245, 1, 1, 4.00),
	(443, 245, 2, 1, 9.00),
	(444, 245, 3, 1, 2.50),
	(445, 246, 20, 1, 9.00),
	(446, 247, 24, 2, 5.50),
	(447, 247, 22, 2, 8.50),
	(448, 248, 14, 1, 9.50),
	(449, 248, 17, 1, 4.00),
	(450, 249, 14, 1, 9.50),
	(451, 250, 15, 1, 8.50),
	(452, 250, 14, 1, 9.50),
	(453, 251, 3, 1, 2.50),
	(454, 252, 7, 1, 4.50),
	(455, 252, 8, 1, 2.00),
	(456, 252, 3, 1, 2.50),
	(457, 253, 23, 1, 4.50),
	(458, 253, 23, 1, 4.50),
	(459, 254, 17, 1, 4.00),
	(460, 256, 1, 2, 4.00),
	(461, 256, 2, 1, 9.00),
	(462, 256, 1, 1, 4.00),
	(463, 257, 6, 1, 12.00),
	(464, 257, 4, 1, 3.50),
	(465, 258, 12, 1, 3.50),
	(466, 258, 12, 2, 3.50),
	(467, 258, 12, 1, 3.50),
	(468, 259, 29, 1, 6.00),
	(469, 259, 27, 1, 10.00),
	(470, 260, 18, 1, 2.50),
	(471, 261, 3, 1, 2.50),
	(472, 261, 3, 1, 2.50),
	(473, 261, 2, 1, 9.00),
	(474, 262, 19, 1, 3.50),
	(475, 262, 14, 1, 9.50),
	(476, 262, 19, 1, 3.50),
	(477, 263, 11, 1, 5.00),
	(478, 263, 12, 1, 3.50),
	(479, 264, 17, 2, 4.00),
	(480, 264, 17, 2, 4.00),
	(481, 264, 17, 2, 4.00),
	(482, 265, 16, 1, 4.00),
	(483, 265, 18, 1, 2.50),
	(484, 265, 16, 3, 4.00),
	(485, 266, 1, 1, 4.00),
	(486, 266, 7, 1, 4.50),
	(487, 267, 5, 1, 8.00),
	(488, 267, 1, 1, 4.00),
	(489, 268, 1, 3, 4.00),
	(490, 268, 5, 1, 8.00),
	(491, 268, 2, 1, 9.00),
	(492, 269, 20, 1, 9.00),
	(493, 270, 15, 1, 8.50),
	(494, 271, 17, 1, 4.00),
	(495, 272, 10, 1, 2.50),
	(496, 272, 10, 1, 2.50),
	(497, 273, 3, 2, 2.50),
	(498, 273, 7, 2, 4.50),
	(499, 274, 30, 1, 3.50),
	(500, 274, 26, 1, 12.00),
	(501, 274, 26, 1, 12.00),
	(502, 275, 22, 1, 8.50),
	(503, 275, 25, 1, 2.50),
	(504, 275, 24, 1, 5.50),
	(505, 276, 14, 1, 9.50),
	(506, 277, 14, 1, 9.50),
	(507, 278, 8, 1, 2.00),
	(508, 280, 29, 2, 6.00),
	(509, 280, 29, 1, 6.00),
	(510, 281, 1, 1, 4.00),
	(511, 281, 7, 1, 4.50),
	(512, 282, 13, 1, 8.00),
	(513, 282, 12, 1, 3.50),
	(514, 282, 9, 1, 4.00),
	(515, 283, 5, 1, 8.00),
	(516, 284, 7, 2, 4.50),
	(517, 285, 29, 3, 6.00),
	(518, 286, 1, 1, 4.00),
	(519, 286, 2, 3, 9.00),
	(520, 287, 7, 1, 4.50),
	(521, 287, 2, 1, 9.00),
	(522, 288, 12, 2, 3.50),
	(523, 288, 13, 2, 8.00),
	(524, 289, 18, 1, 2.50),
	(525, 290, 14, 1, 9.50),
	(526, 290, 16, 1, 4.00),
	(527, 291, 3, 2, 2.50),
	(528, 291, 5, 1, 8.00),
	(529, 291, 2, 1, 9.00),
	(530, 294, 19, 2, 3.50),
	(531, 295, 17, 2, 4.00),
	(532, 296, 17, 2, 4.00),
	(533, 296, 14, 1, 9.50),
	(534, 297, 2, 1, 9.00),
	(535, 299, 27, 1, 10.00),
	(536, 300, 19, 1, 3.50),
	(537, 300, 18, 1, 2.50),
	(538, 301, 5, 2, 8.00),
	(539, 302, 2, 1, 9.00),
	(540, 302, 1, 2, 4.00),
	(541, 302, 6, 1, 12.00),
	(542, 303, 19, 1, 3.50),
	(543, 304, 2, 2, 9.00),
	(544, 304, 1, 1, 4.00),
	(545, 305, 19, 3, 3.50),
	(546, 307, 26, 1, 12.00),
	(547, 307, 30, 2, 3.50),
	(548, 307, 30, 1, 3.50),
	(549, 308, 16, 2, 4.00),
	(550, 309, 1, 3, 4.00),
	(551, 309, 1, 1, 4.00),
	(552, 310, 15, 1, 8.50),
	(553, 310, 16, 1, 4.00),
	(554, 311, 13, 1, 8.00),
	(555, 312, 5, 1, 8.00),
	(556, 313, 23, 2, 4.50),
	(557, 314, 19, 1, 3.50),
	(558, 314, 19, 1, 3.50),
	(559, 315, 3, 1, 2.50),
	(560, 317, 10, 2, 2.50),
	(561, 318, 7, 1, 4.50),
	(562, 318, 3, 1, 2.50),
	(563, 318, 3, 1, 2.50),
	(564, 319, 20, 1, 9.00),
	(565, 320, 16, 3, 4.00),
	(566, 320, 19, 1, 3.50),
	(567, 320, 15, 2, 8.50),
	(568, 321, 17, 1, 4.00),
	(569, 321, 19, 1, 3.50),
	(570, 321, 15, 1, 8.50),
	(571, 322, 3, 1, 2.50),
	(572, 322, 5, 2, 8.00),
	(573, 323, 16, 1, 4.00),
	(574, 324, 4, 1, 3.50),
	(575, 324, 6, 1, 12.00),
	(576, 325, 26, 3, 12.00),
	(577, 326, 1, 1, 4.00),
	(578, 326, 1, 1, 4.00),
	(579, 328, 19, 1, 3.50),
	(580, 328, 14, 1, 9.50),
	(581, 329, 10, 1, 2.50),
	(582, 329, 12, 1, 3.50),
	(583, 329, 10, 2, 2.50),
	(584, 330, 15, 1, 8.50),
	(585, 331, 1, 1, 4.00),
	(586, 331, 2, 1, 9.00),
	(587, 331, 4, 1, 3.50),
	(588, 332, 18, 1, 2.50),
	(589, 332, 14, 2, 9.50),
	(590, 332, 14, 1, 9.50),
	(591, 333, 4, 1, 3.50),
	(592, 334, 8, 1, 2.00),
	(593, 334, 5, 1, 8.00),
	(594, 335, 4, 1, 3.50),
	(595, 335, 4, 2, 3.50),
	(596, 336, 25, 3, 2.50),
	(597, 337, 9, 2, 4.00),
	(598, 337, 12, 1, 3.50),
	(599, 337, 12, 2, 3.50),
	(600, 340, 21, 1, 6.00),
	(601, 340, 21, 1, 6.00),
	(602, 341, 6, 1, 12.00),
	(603, 341, 2, 1, 9.00),
	(604, 341, 3, 1, 2.50),
	(605, 342, 7, 1, 4.50),
	(606, 343, 15, 1, 8.50),
	(607, 344, 16, 1, 4.00),
	(608, 344, 19, 1, 3.50),
	(609, 344, 16, 1, 4.00),
	(610, 345, 9, 1, 4.00),
	(611, 345, 9, 1, 4.00),
	(612, 346, 6, 1, 12.00),
	(613, 347, 20, 1, 9.00),
	(614, 349, 11, 1, 5.00),
	(615, 349, 10, 2, 2.50),
	(616, 349, 13, 1, 8.00),
	(617, 350, 21, 2, 6.00),
	(618, 350, 25, 1, 2.50),
	(619, 350, 23, 1, 4.50),
	(620, 351, 14, 1, 9.50),
	(621, 352, 7, 1, 4.50),
	(622, 352, 3, 1, 2.50),
	(623, 354, 17, 1, 4.00),
	(624, 355, 7, 2, 4.50),
	(625, 355, 3, 1, 2.50),
	(626, 356, 17, 2, 4.00),
	(627, 356, 14, 1, 9.50),
	(628, 356, 16, 1, 4.00),
	(629, 357, 7, 1, 4.50),
	(630, 358, 3, 2, 2.50),
	(631, 359, 5, 1, 8.00),
	(632, 359, 7, 1, 4.50),
	(633, 359, 6, 1, 12.00),
	(634, 360, 3, 1, 2.50),
	(635, 361, 15, 1, 8.50),
	(636, 361, 19, 3, 3.50),
	(637, 361, 14, 2, 9.50),
	(638, 362, 11, 1, 5.00),
	(639, 362, 10, 1, 2.50),
	(640, 362, 12, 1, 3.50),
	(641, 363, 3, 1, 2.50),
	(642, 363, 4, 1, 3.50),
	(643, 363, 4, 1, 3.50),
	(644, 365, 7, 1, 4.50),
	(645, 365, 3, 1, 2.50),
	(646, 366, 22, 2, 8.50),
	(647, 366, 22, 2, 8.50),
	(648, 366, 21, 1, 6.00),
	(649, 367, 28, 1, 90.00),
	(650, 368, 17, 1, 4.00),
	(651, 370, 9, 2, 4.00),
	(652, 372, 2, 1, 9.00),
	(653, 373, 14, 3, 9.50),
	(654, 373, 18, 1, 2.50),
	(655, 374, 17, 1, 4.00),
	(656, 374, 17, 1, 4.00),
	(657, 375, 19, 2, 3.50),
	(658, 376, 7, 1, 4.50),
	(659, 377, 5, 1, 8.00),
	(660, 377, 2, 1, 9.00),
	(661, 377, 7, 3, 4.50),
	(662, 378, 3, 1, 2.50),
	(663, 379, 5, 1, 8.00),
	(664, 379, 5, 1, 8.00),
	(665, 380, 10, 1, 2.50),
	(666, 380, 10, 1, 2.50),
	(667, 381, 20, 1, 9.00),
	(668, 381, 25, 1, 2.50),
	(669, 381, 21, 2, 6.00),
	(670, 382, 5, 1, 8.00),
	(671, 382, 1, 1, 4.00),
	(672, 382, 4, 1, 3.50),
	(673, 383, 27, 1, 10.00),
	(674, 383, 26, 1, 12.00),
	(675, 383, 30, 1, 3.50),
	(676, 384, 14, 1, 9.50),
	(677, 384, 19, 1, 3.50),
	(678, 385, 3, 1, 2.50),
	(679, 385, 2, 1, 9.00),
	(680, 386, 18, 1, 2.50),
	(681, 386, 18, 1, 2.50),
	(682, 386, 18, 2, 2.50),
	(683, 387, 30, 2, 3.50),
	(684, 387, 29, 1, 6.00),
	(685, 388, 4, 1, 3.50),
	(686, 389, 3, 1, 2.50),
	(687, 390, 14, 1, 9.50),
	(688, 390, 19, 1, 3.50),
	(689, 391, 19, 1, 3.50),
	(690, 391, 17, 1, 4.00),
	(691, 391, 18, 1, 2.50),
	(692, 392, 3, 1, 2.50),
	(693, 392, 2, 1, 9.00),
	(694, 393, 23, 1, 4.50),
	(695, 395, 19, 2, 3.50),
	(696, 396, 19, 2, 3.50),
	(697, 397, 19, 1, 3.50),
	(698, 397, 19, 1, 3.50),
	(699, 397, 15, 1, 8.50),
	(700, 398, 19, 2, 3.50),
	(701, 398, 14, 1, 9.50),
	(702, 398, 19, 1, 3.50),
	(703, 399, 16, 1, 4.00),
	(704, 399, 16, 1, 4.00),
	(705, 399, 15, 1, 8.50),
	(706, 400, 2, 1, 9.00),
	(707, 401, 18, 1, 2.50),
	(708, 402, 23, 1, 4.50),
	(709, 402, 20, 1, 9.00),
	(710, 402, 20, 1, 9.00),
	(711, 404, 9, 2, 4.00),
	(712, 404, 11, 1, 5.00),
	(713, 404, 9, 1, 4.00),
	(714, 405, 27, 1, 10.00),
	(715, 405, 30, 1, 3.50),
	(716, 405, 26, 1, 12.00),
	(717, 406, 15, 1, 8.50),
	(718, 406, 16, 1, 4.00),
	(719, 408, 16, 1, 4.00),
	(720, 409, 5, 1, 8.00),
	(721, 409, 1, 1, 4.00),
	(722, 411, 4, 2, 3.50),
	(723, 411, 5, 1, 8.00),
	(724, 412, 11, 1, 5.00),
	(725, 412, 9, 1, 4.00),
	(726, 413, 3, 1, 2.50),
	(727, 414, 22, 2, 8.50),
	(728, 414, 24, 1, 5.50),
	(729, 414, 20, 1, 9.00),
	(730, 415, 2, 1, 9.00),
	(731, 415, 2, 1, 9.00),
	(732, 415, 2, 1, 9.00),
	(733, 416, 2, 1, 9.00),
	(734, 416, 5, 2, 8.00),
	(735, 416, 6, 1, 12.00),
	(736, 417, 27, 1, 10.00),
	(737, 417, 29, 2, 6.00),
	(738, 417, 30, 1, 3.50),
	(739, 419, 4, 1, 3.50),
	(740, 419, 2, 2, 9.00),
	(741, 419, 5, 1, 8.00),
	(742, 420, 2, 2, 9.00),
	(743, 420, 1, 1, 4.00),
	(744, 421, 5, 2, 8.00),
	(745, 422, 15, 1, 8.50),
	(746, 423, 5, 1, 8.00),
	(747, 423, 3, 1, 2.50),
	(748, 424, 1, 1, 4.00),
	(749, 425, 8, 1, 2.00),
	(750, 425, 5, 1, 8.00),
	(751, 426, 7, 1, 4.50),
	(752, 426, 7, 1, 4.50),
	(753, 427, 30, 2, 3.50),
	(754, 429, 9, 1, 4.00),
	(755, 430, 15, 2, 8.50),
	(756, 430, 14, 1, 9.50),
	(757, 430, 17, 1, 4.00),
	(758, 431, 17, 1, 4.00),
	(759, 431, 15, 1, 8.50),
	(760, 431, 19, 3, 3.50),
	(761, 432, 1, 1, 4.00),
	(762, 433, 14, 1, 9.50),
	(763, 433, 19, 1, 3.50),
	(764, 434, 1, 1, 4.00),
	(765, 434, 1, 1, 4.00),
	(766, 434, 3, 1, 2.50),
	(767, 435, 15, 1, 8.50),
	(768, 435, 17, 1, 4.00),
	(769, 435, 15, 1, 8.50),
	(770, 436, 1, 1, 4.00),
	(771, 436, 5, 1, 8.00),
	(772, 436, 1, 1, 4.00),
	(773, 437, 3, 1, 2.50),
	(774, 438, 2, 1, 9.00),
	(775, 438, 7, 1, 4.50),
	(776, 438, 5, 1, 8.00),
	(777, 439, 20, 2, 9.00),
	(778, 440, 11, 2, 5.00),
	(779, 440, 13, 1, 8.00),
	(780, 441, 7, 1, 4.50),
	(781, 442, 5, 1, 8.00),
	(782, 443, 2, 2, 9.00),
	(783, 443, 2, 1, 9.00),
	(784, 444, 1, 1, 4.00),
	(785, 446, 1, 1, 4.00),
	(786, 447, 7, 1, 4.50),
	(787, 447, 7, 1, 4.50),
	(788, 448, 16, 1, 4.00),
	(789, 449, 5, 1, 8.00),
	(790, 449, 1, 1, 4.00),
	(791, 449, 3, 1, 2.50),
	(792, 450, 19, 2, 3.50),
	(793, 450, 18, 3, 2.50),
	(794, 450, 17, 1, 4.00),
	(795, 451, 1, 1, 4.00),
	(796, 451, 2, 2, 9.00),
	(797, 451, 2, 1, 9.00),
	(798, 452, 27, 1, 10.00),
	(799, 452, 29, 1, 6.00),
	(800, 453, 14, 1, 9.50),
	(801, 453, 18, 1, 2.50),
	(802, 454, 27, 1, 10.00),
	(803, 454, 27, 1, 10.00),
	(804, 456, 25, 1, 2.50),
	(805, 457, 5, 1, 8.00),
	(806, 458, 26, 1, 12.00),
	(807, 459, 3, 1, 2.50),
	(808, 459, 6, 1, 12.00),
	(809, 460, 26, 3, 12.00),
	(810, 460, 26, 1, 12.00),
	(811, 460, 27, 1, 10.00),
	(812, 461, 12, 2, 3.50),
	(813, 461, 9, 1, 4.00),
	(814, 461, 10, 1, 2.50),
	(815, 463, 17, 1, 4.00),
	(816, 463, 15, 1, 8.50),
	(817, 463, 19, 1, 3.50),
	(818, 464, 23, 1, 4.50),
	(819, 464, 22, 1, 8.50),
	(820, 466, 3, 1, 2.50),
	(821, 466, 4, 2, 3.50),
	(822, 467, 15, 1, 8.50),
	(823, 467, 17, 1, 4.00),
	(824, 468, 3, 1, 2.50),
	(825, 468, 4, 1, 3.50),
	(826, 469, 18, 1, 2.50),
	(827, 469, 16, 1, 4.00),
	(828, 470, 3, 1, 2.50),
	(829, 470, 1, 1, 4.00),
	(830, 471, 20, 1, 9.00),
	(831, 471, 23, 1, 4.50),
	(832, 471, 25, 1, 2.50),
	(833, 472, 1, 1, 4.00),
	(834, 472, 1, 2, 4.00),
	(835, 472, 1, 1, 4.00),
	(836, 473, 19, 2, 3.50),
	(837, 473, 16, 2, 4.00),
	(838, 473, 14, 2, 9.50),
	(839, 474, 27, 3, 10.00);

