DELETE FROM "public"."lineas_transaccion";
DELETE FROM "public"."transacciones";
DELETE FROM "public"."wallet";
DELETE FROM "public"."usuario";
DELETE FROM "public"."asignaciones_camareros";
DELETE FROM "public"."camareros";
DELETE FROM "public"."productos";
DELETE FROM "public"."barras";

-- TABLA BARRAS
INSERT INTO "public"."barras" ("id_barra", "nombre_localizacion", "estado_cola") VALUES
	(1, 'Barra Escenario Principal', 'alta'),
	(2, 'Barra Escenario Indie', 'baja'),
	(3, 'Food Truck Hamburguesas', 'media'),
	(4, 'Food Truck Vegano', 'baja'),
	(5, 'Barra Zona VIP', 'baja');

-- TABLA CAMAREROS
INSERT INTO "public"."camareros" ("id_camarero", "nombre", "apellidos", "activo", "id_barra_actual") VALUES
	(1, 'Javier', 'Ruiz', true, 1),
	(2, 'Diego', 'Suárez', true, 5),
	(3, 'Sofía', 'Sánchez', true, 4),
	(4, 'Irene', 'Suárez', true, 5),
	(5, 'Paula', 'Moreno', true, 1),
	(6, 'Alba', 'Martínez', true, 2),
	(7, 'Lucía', 'Morales', true, 5),
	(8, 'Elena', 'Molina', true, 5),
	(9, 'Ana', 'Gutiérrez', true, 3),
	(10, 'Pablo', 'Pérez', true, 1),
	(11, 'Diego', 'Morales', true, 1),
	(12, 'Sofía', 'Ramos', true, 5),
	(13, 'Álvaro', 'Ramírez', true, 3),
	(14, 'Noelia', 'Morales', true, 4),
	(15, 'Marcos', 'Suárez', true, 4),
	(16, 'Elena', 'Ortega', true, 5),
	(17, 'Sofía', 'Fernández', true, 1),
	(18, 'Marcos', 'Ramos', true, 1),
	(19, 'Marcos', 'Ortega', true, 3),
	(20, 'Carmen', 'Delgado', true, 3);

-- TABLA ASIGNACIONES_CAMAREROS
INSERT INTO "public"."asignaciones_camareros" ("id_asignacion", "id_camarero", "id_barra", "fecha_inicio", "fecha_fin", "horas_imputadas") VALUES
	(1, 1, 1, '2026-04-18 16:00:00', '2026-04-19 04:00:00', 12.00),
	(2, 1, 1, '2026-04-19 18:00:00', '2026-04-20 04:00:00', 10.00),
	(3, 1, 1, '2026-04-20 17:00:00', NULL, NULL),
	(4, 2, 3, '2026-04-18 16:00:00', '2026-04-19 04:00:00', 12.00),
	(5, 2, 5, '2026-04-19 17:30:00', '2026-04-20 04:00:00', 10.50),
	(6, 2, 1, '2026-04-20 16:00:00', '2026-04-20 20:00:00', 4.00),
	(7, 2, 5, '2026-04-20 20:00:00', NULL, NULL),
	(8, 3, 4, '2026-04-18 16:00:00', '2026-04-19 04:00:00', 12.00),
	(9, 3, 4, '2026-04-19 16:30:00', '2026-04-20 04:00:00', 11.50),
	(10, 3, 4, '2026-04-20 16:00:00', NULL, NULL),
	(11, 4, 4, '2026-04-18 16:00:00', '2026-04-19 04:00:00', 12.00),
	(12, 4, 5, '2026-04-19 16:00:00', '2026-04-20 04:00:00', 12.00),
	(13, 4, 1, '2026-04-20 18:00:00', '2026-04-20 19:00:00', 1.00),
	(14, 4, 5, '2026-04-20 19:00:00', '2026-04-20 21:30:00', 2.50),
	(15, 4, 5, '2026-04-20 21:30:00', NULL, NULL),
	(16, 5, 5, '2026-04-18 17:00:00', '2026-04-19 04:00:00', 11.00),
	(17, 5, 1, '2026-04-19 16:00:00', '2026-04-20 04:00:00', 12.00),
	(18, 5, 1, '2026-04-20 18:30:00', NULL, NULL),
	(19, 6, 1, '2026-04-18 17:30:00', '2026-04-19 04:00:00', 10.50),
	(20, 6, 2, '2026-04-19 20:00:00', '2026-04-20 04:00:00', 8.00),
	(21, 6, 2, '2026-04-20 16:00:00', NULL, NULL),
	(22, 7, 4, '2026-04-18 17:30:00', '2026-04-18 22:00:00', 4.50),
	(23, 7, 4, '2026-04-18 22:00:00', '2026-04-19 04:00:00', 6.00),
	(24, 7, 5, '2026-04-19 19:00:00', '2026-04-20 04:00:00', 9.00),
	(25, 7, 5, '2026-04-20 16:00:00', NULL, NULL),
	(26, 8, 1, '2026-04-18 18:00:00', '2026-04-19 04:00:00', 10.00),
	(27, 8, 5, '2026-04-19 16:00:00', '2026-04-20 04:00:00', 12.00),
	(28, 8, 5, '2026-04-20 16:30:00', NULL, NULL),
	(29, 9, 2, '2026-04-18 16:00:00', '2026-04-19 04:00:00', 12.00),
	(30, 9, 3, '2026-04-19 16:30:00', '2026-04-20 04:00:00', 11.50),
	(31, 9, 3, '2026-04-20 16:30:00', NULL, NULL),
	(32, 10, 3, '2026-04-18 19:00:00', '2026-04-19 04:00:00', 9.00),
	(33, 10, 1, '2026-04-19 17:30:00', '2026-04-20 04:00:00', 10.50),
	(34, 10, 1, '2026-04-20 16:00:00', NULL, NULL),
	(35, 11, 3, '2026-04-18 18:30:00', '2026-04-19 04:00:00', 9.50),
	(36, 11, 1, '2026-04-19 16:00:00', '2026-04-20 04:00:00', 12.00),
	(37, 11, 1, '2026-04-20 18:00:00', NULL, NULL),
	(38, 12, 3, '2026-04-18 17:00:00', '2026-04-19 04:00:00', 11.00),
	(39, 12, 4, '2026-04-19 16:00:00', '2026-04-20 04:00:00', 12.00),
	(40, 12, 1, '2026-04-20 04:00:00', '2026-04-20 04:00:00', 0.00),
	(41, 12, 5, '2026-04-20 04:00:00', '2026-04-20 04:00:00', 0.00),
	(42, 12, 5, '2026-04-20 16:00:00', NULL, NULL),
	(43, 13, 3, '2026-04-18 16:00:00', '2026-04-19 04:00:00', 12.00),
	(44, 13, 1, '2026-04-19 16:00:00', '2026-04-20 03:30:00', 11.50),
	(45, 13, 4, '2026-04-20 03:30:00', '2026-04-20 03:30:00', 0.00),
	(46, 13, 3, '2026-04-20 03:30:00', '2026-04-20 04:00:00', 0.50),
	(47, 13, 2, '2026-04-20 18:30:00', '2026-04-20 21:00:00', 2.50),
	(48, 13, 3, '2026-04-20 21:00:00', NULL, NULL),
	(49, 14, 1, '2026-04-18 16:00:00', '2026-04-19 04:00:00', 12.00),
	(50, 14, 4, '2026-04-19 16:30:00', '2026-04-20 04:00:00', 11.50),
	(51, 14, 4, '2026-04-20 17:00:00', NULL, NULL),
	(52, 15, 4, '2026-04-18 16:00:00', '2026-04-18 20:30:00', 4.50),
	(53, 15, 3, '2026-04-18 20:30:00', '2026-04-19 02:00:00', 5.50),
	(54, 15, 4, '2026-04-19 02:00:00', '2026-04-19 02:00:00', 0.00),
	(55, 15, 1, '2026-04-19 02:00:00', '2026-04-19 04:00:00', 2.00),
	(56, 15, 5, '2026-04-19 17:30:00', '2026-04-20 02:00:00', 8.50),
	(57, 15, 4, '2026-04-20 02:00:00', '2026-04-20 04:00:00', 2.00),
	(58, 15, 4, '2026-04-20 17:00:00', NULL, NULL),
	(59, 16, 4, '2026-04-18 18:30:00', '2026-04-19 04:00:00', 9.50),
	(60, 16, 1, '2026-04-19 16:00:00', '2026-04-19 21:30:00', 5.50),
	(61, 16, 3, '2026-04-19 21:30:00', '2026-04-19 21:30:00', 0.00),
	(62, 16, 5, '2026-04-19 21:30:00', '2026-04-20 04:00:00', 6.50),
	(63, 16, 5, '2026-04-20 16:00:00', NULL, NULL),
	(64, 17, 1, '2026-04-18 16:00:00', '2026-04-19 04:00:00', 12.00),
	(65, 17, 1, '2026-04-19 16:00:00', '2026-04-19 19:00:00', 3.00),
	(66, 17, 1, '2026-04-19 19:00:00', '2026-04-20 04:00:00', 9.00),
	(67, 17, 1, '2026-04-20 16:00:00', NULL, NULL),
	(68, 18, 5, '2026-04-18 16:00:00', '2026-04-19 04:00:00', 12.00),
	(69, 18, 1, '2026-04-19 18:00:00', '2026-04-20 04:00:00', 10.00),
	(70, 18, 1, '2026-04-20 16:00:00', NULL, NULL),
	(71, 19, 2, '2026-04-18 20:00:00', '2026-04-19 02:30:00', 6.50),
	(72, 19, 3, '2026-04-19 02:30:00', '2026-04-19 04:00:00', 1.50),
	(73, 19, 3, '2026-04-19 16:00:00', '2026-04-19 19:00:00', 3.00),
	(74, 19, 3, '2026-04-19 19:00:00', '2026-04-20 04:00:00', 9.00),
	(75, 19, 3, '2026-04-20 17:00:00', NULL, NULL),
	(76, 20, 2, '2026-04-18 16:00:00', '2026-04-19 04:00:00', 12.00),
	(77, 20, 3, '2026-04-19 16:30:00', '2026-04-20 04:00:00', 11.50),
	(78, 20, 3, '2026-04-20 16:00:00', NULL, NULL);

-- TABLA PRODUCTOS
INSERT INTO "public"."productos" ("id_producto", "id_barra", "nombre", "precio", "categoria") VALUES
	(1, 1, 'Cerveza (Caña)', 4.00, 'bebida'),
	(2, 1, 'Cerveza (Litro)', 9.00, 'bebida'),
	(3, 1, 'Agua', 2.50, 'bebida'),
	(4, 1, 'Refresco', 3.50, 'bebida'),
	(5, 1, 'Copa Nacional', 8.00, 'bebida'),
	(6, 1, 'Copa Premium', 12.00, 'bebida'),
	(7, 1, 'Bebida Energética', 4.50, 'bebida'),
	(8, 1, 'Snack Salado', 2.00, 'comida'),
	(9, 2, 'Cerveza (Caña)', 4.00, 'bebida'),
	(10, 2, 'Agua', 2.50, 'bebida'),
	(11, 2, 'Tinto de Verano', 5.00, 'bebida'),
	(12, 2, 'Refresco', 3.50, 'bebida'),
	(13, 2, 'Copa Nacional', 8.00, 'bebida'),
	(14, 3, 'Doble Smash', 9.50, 'comida'),
	(15, 3, 'Burger Pollo Crujiente', 8.50, 'comida'),
	(16, 3, 'Patatas Fritas', 4.00, 'comida'),
	(17, 3, 'Cerveza (Caña)', 4.00, 'bebida'),
	(18, 3, 'Agua', 2.50, 'bebida'),
	(19, 3, 'Refresco', 3.50, 'bebida'),
	(20, 4, 'Wrap de Heura', 9.00, 'comida'),
	(21, 4, 'Hummus con Nachos', 6.00, 'comida'),
	(22, 4, 'Poke de Verduras', 8.50, 'comida'),
	(23, 4, 'Kombucha', 4.50, 'bebida'),
	(24, 4, 'Cerveza Artesanal', 5.50, 'bebida'),
	(25, 4, 'Agua', 2.50, 'bebida'),
	(26, 5, 'Copa Premium', 12.00, 'bebida'),
	(27, 5, 'Cocktail de Autor', 10.00, 'bebida'),
	(28, 5, 'Botella Champagne', 90.00, 'bebida'),
	(29, 5, 'Cerveza Artesanal', 6.00, 'bebida'),
	(30, 5, 'Agua Premium', 3.50, 'bebida');

-- TABLA USUARIO
INSERT INTO "public"."usuario" ("id_usuario", "nombre", "apellidos", "edad", "correo", "telefono", "token_pago", "preferencia_musica", "preferencia_comida") VALUES
	(1, 'Noelia', 'Muñoz', 25, 'noelia.muñoz_1496@yahoo.es', '+34 657 72 58 35', 'tok_1A2B', 'Metal', 'Paella'),
	(2, 'Paula', 'Ortega', 28, 'paula.ortega_1636@icloud.com', '+34 613 35 77 39', 'tok_9P3C', 'Indie', 'Tacos'),
	(3, 'Alejandro', 'Delgado', 28, 'alejandro.delgado_4390@icloud.com', '+34 654 76 61 44', 'tok_7A0U', 'Electrónica', 'Sushi'),
	(4, 'Raúl', 'Gil', 34, 'raúl.gil_0796@yahoo.es', '+34 641 82 66 81', 'tok_4L9A', 'Metal', 'Vegano'),
	(5, 'María', 'Suárez', 31, 'maría.suárez_4633@hotmail.com', '+34 668 78 76 97', 'tok_2W0S', 'Indie', 'Kebab'),
	(6, 'Ana', 'Delgado', 26, 'ana.delgado_0973@icloud.com', '+34 668 13 55 19', 'tok_3X0Z', 'Rock', 'Tacos'),
	(7, 'Sara', 'Martínez', 34, 'sara.martínez_2006@yahoo.es', '+34 647 48 50 03', 'tok_5Q7N', 'Metal', 'Hamburguesas'),
	(8, 'Sofía', 'Moreno', 21, 'sofía.moreno_6692@outlook.com', '+34 639 60 33 59', 'tok_1Z3R', 'Indie', 'Vegano'),
	(9, 'Álvaro', 'Navarro', 23, 'álvaro.navarro_6170@icloud.com', '+34 604 84 46 98', 'tok_9V0G', 'Rock', 'Pizza'),
	(10, 'Laura', 'Álvarez', 26, 'laura.álvarez_7125@yahoo.es', '+34 637 52 26 95', 'tok_0P2A', 'Electrónica', 'Paella'),
	(11, 'Mario', 'Serrano', 23, 'mario.serrano_6219@icloud.com', '+34 611 87 87 31', 'tok_9W4I', 'Urban', 'Tacos'),
	(12, 'Hugo', 'Muñoz', 34, 'hugo.muñoz_6004@icloud.com', '+34 651 00 78 71', 'tok_9K2T', 'Techno', 'Vegano'),
	(13, 'Irene', 'Navarro', 32, 'irene.navarro_8437@outlook.com', '+34 680 00 12 45', 'tok_5P1E', 'Urban', 'Paella'),
	(14, 'Sara', 'Moreno', 30, 'sara.moreno_2487@icloud.com', '+34 646 15 09 02', 'tok_8O0C', 'Indie', 'Tacos'),
	(15, 'David', 'Blanco', 33, 'david.blanco_9918@icloud.com', '+34 696 31 96 43', 'tok_1Y1Q', 'Electrónica', 'Sushi'),
	(16, 'Sergio', 'Fernández', 20, 'sergio.fernández_3733@yahoo.es', '+34 687 49 23 53', 'tok_8L6Z', 'Rock', 'Paella'),
	(17, 'Claudia', 'López', 24, 'claudia.lópez_5919@outlook.com', '+34 676 43 51 47', 'tok_3Q8O', 'Rock', 'Tacos'),
	(18, 'Jorge', 'Molina', 32, 'jorge.molina_5636@outlook.com', '+34 604 59 58 59', 'tok_8X3A', 'Electrónica', 'Paella'),
	(19, 'David', 'Fernández', 26, 'david.fernández_5445@yahoo.es', '+34 630 91 72 29', 'tok_7Q7J', 'Electrónica', 'Sushi'),
	(20, 'Claudia', 'Martínez', 18, 'claudia.martínez_9471@icloud.com', '+34 671 93 89 17', 'tok_2N8Y', 'Electrónica', 'Hot Dogs'),
	(21, 'Raúl', 'Navarro', 35, 'raúl.navarro_4915@gmail.com', '+34 638 60 78 95', 'tok_9R3L', 'Electrónica', 'Paella'),
	(22, 'Claudia', 'Morales', 29, 'claudia.morales_6480@outlook.com', '+34 603 48 94 03', 'tok_2M4M', 'Reggaetón', 'Paella'),
	(23, 'Claudia', 'Torres', 18, 'claudia.torres_9825@gmail.com', '+34 627 70 39 27', 'tok_5U6E', 'Electrónica', 'Pizza'),
	(24, 'Lucía', 'Fernández', 28, 'lucía.fernández_5621@hotmail.com', '+34 663 11 71 33', 'tok_0W7N', 'Metal', 'Sushi'),
	(25, 'Ana', 'Ruiz', 20, 'ana.ruiz_0467@gmail.com', '+34 657 51 56 80', 'tok_6A3F', 'Rock', 'Sushi'),
	(26, 'Pablo', 'Suárez', 26, 'pablo.suárez_9005@hotmail.com', '+34 649 50 53 50', 'tok_8V8A', 'Techno', 'Vegano'),
	(27, 'Javier', 'Gómez', 31, 'javier.gómez_6449@outlook.com', '+34 628 08 30 17', 'tok_8W9C', 'Pop', 'Kebab'),
	(28, 'David', 'Pérez', 27, 'david.pérez_7620@icloud.com', '+34 614 02 06 89', 'tok_0J5A', 'Rock', 'Paella'),
	(29, 'Carlos', 'Navarro', 35, 'carlos.navarro_9075@yahoo.es', '+34 631 32 54 77', 'tok_9E2R', 'Urban', 'Pizza'),
	(30, 'Sara', 'Martín', 31, 'sara.martín_9429@hotmail.com', '+34 674 52 87 49', 'tok_1O7K', 'Indie', 'Hot Dogs'),
	(31, 'Julia', 'Suárez', 18, 'julia.suárez_8644@outlook.com', '+34 615 30 10 30', 'tok_0Y2E', 'Urban', 'Hamburguesas'),
	(32, 'Carlos', 'Ruiz', 19, 'carlos.ruiz_1952@hotmail.com', '+34 680 35 29 75', 'tok_6Y1Y', 'Techno', 'Pizza'),
	(33, 'Ana', 'Delgado', 33, 'ana.delgado_4701@hotmail.com', '+34 624 55 49 17', 'tok_2W1P', 'Indie', 'Pizza'),
	(34, 'Sergio', 'Gutiérrez', 30, 'sergio.gutiérrez_8774@hotmail.com', '+34 616 64 56 54', 'tok_1J3Z', 'Metal', 'Paella'),
	(35, 'Jorge', 'Gil', 23, 'jorge.gil_0805@yahoo.es', '+34 668 94 07 81', 'tok_1M4L', 'Metal', 'Vegano'),
	(36, 'Elena', 'Serrano', 21, 'elena.serrano_7694@gmail.com', '+34 633 70 18 23', 'tok_2W9L', 'Metal', 'Kebab'),
	(37, 'Claudia', 'Ramos', 23, 'claudia.ramos_6040@outlook.com', '+34 626 17 85 34', 'tok_4Q0Y', 'Rock', 'Vegano'),
	(38, 'David', 'Gil', 19, 'david.gil_3247@yahoo.es', '+34 691 74 50 59', 'tok_0N0L', 'Pop', 'Paella'),
	(39, 'Claudia', 'Torres', 28, 'claudia.torres_0240@outlook.com', '+34 636 51 42 34', 'tok_5V5Y', 'Reggaetón', 'Kebab'),
	(40, 'Hugo', 'Molina', 18, 'hugo.molina_2496@icloud.com', '+34 620 58 35 99', 'tok_1H9Y', 'Urban', 'Paella'),
	(41, 'Álvaro', 'Fernández', 23, 'álvaro.fernández_3737@yahoo.es', '+34 616 74 06 22', 'tok_1V1O', 'Indie', 'Pizza'),
	(42, 'Sara', 'Sánchez', 21, 'sara.sánchez_0510@outlook.com', '+34 635 29 96 39', 'tok_5L6B', 'Rock', 'Sushi'),
	(43, 'Sara', 'Ortega', 30, 'sara.ortega_9268@gmail.com', '+34 670 71 99 17', 'tok_7H7E', 'Electrónica', 'Paella'),
	(44, 'Julia', 'Gil', 24, 'julia.gil_3344@yahoo.es', '+34 665 35 71 27', 'tok_3A3K', 'Techno', 'Vegano'),
	(45, 'Sara', 'Muñoz', 30, 'sara.muñoz_6904@outlook.com', '+34 697 84 36 03', 'tok_2W9B', 'Metal', 'Hot Dogs'),
	(46, 'Claudia', 'Moreno', 26, 'claudia.moreno_3958@hotmail.com', '+34 680 16 96 97', 'tok_9G9I', 'Reggaetón', 'Hamburguesas'),
	(47, 'Diego', 'Gutiérrez', 21, 'diego.gutiérrez_5409@icloud.com', '+34 680 43 74 72', 'tok_6X7T', 'Urban', 'Sushi'),
	(48, 'Sara', 'Martín', 21, 'sara.martín_0538@gmail.com', '+34 668 70 58 39', 'tok_8U3X', 'Electrónica', 'Tacos'),
	(49, 'Jorge', 'Muñoz', 21, 'jorge.muñoz_7286@outlook.com', '+34 664 45 11 32', 'tok_6U6U', 'Pop', 'Kebab'),
	(50, 'Javier', 'García', 35, 'javier.garcía_9449@hotmail.com', '+34 635 22 18 51', 'tok_5F8W', 'Urban', 'Sushi'),
	(51, 'Irene', 'Ramos', 30, 'irene.ramos_7745@hotmail.com', '+34 605 20 95 96', 'tok_5N5V', 'Rock', 'Hot Dogs'),
	(52, 'Carmen', 'Sánchez', 28, 'carmen.sánchez_0874@gmail.com', '+34 674 77 15 35', 'tok_1X6Z', 'Pop', 'Kebab'),
	(53, 'Marta', 'Serrano', 33, 'marta.serrano_1761@hotmail.com', '+34 629 14 65 52', 'tok_4T5Z', 'Pop', 'Pizza'),
	(54, 'Elena', 'Gil', 23, 'elena.gil_5665@gmail.com', '+34 663 10 08 78', 'tok_1V7G', 'Rock', 'Paella'),
	(55, 'Iván', 'Delgado', 27, 'iván.delgado_0920@gmail.com', '+34 634 58 74 71', 'tok_4L9X', 'Urban', 'Vegano'),
	(56, 'Alejandro', 'Alonso', 27, 'alejandro.alonso_3664@gmail.com', '+34 671 42 12 36', 'tok_2J4S', 'Electrónica', 'Paella'),
	(57, 'Paula', 'Gómez', 25, 'paula.gómez_5796@hotmail.com', '+34 672 86 22 59', 'tok_2C6I', 'Metal', 'Pizza'),
	(58, 'Sofía', 'Moreno', 24, 'sofía.moreno_8050@hotmail.com', '+34 673 78 34 67', 'tok_9P1B', 'Metal', 'Hamburguesas'),
	(59, 'Álvaro', 'Moreno', 34, 'álvaro.moreno_4128@outlook.com', '+34 624 53 94 80', 'tok_9Q1N', 'Electrónica', 'Kebab'),
	(60, 'Sofía', 'Delgado', 20, 'sofía.delgado_2011@yahoo.es', '+34 689 63 33 63', 'tok_3E0Y', 'Urban', 'Pizza'),
	(61, 'Alba', 'Morales', 24, 'alba.morales_4926@icloud.com', '+34 688 67 99 86', 'tok_8T4C', 'Rock', 'Sushi'),
	(62, 'Mario', 'Vázquez', 29, 'mario.vázquez_8270@gmail.com', '+34 679 26 70 24', 'tok_2S3F', 'Metal', 'Kebab'),
	(63, 'María', 'Navarro', 34, 'maría.navarro_4794@icloud.com', '+34 613 12 09 94', 'tok_9Y5K', 'Pop', 'Paella'),
	(64, 'Claudia', 'Muñoz', 31, 'claudia.muñoz_6877@outlook.com', '+34 601 62 55 79', 'tok_3A5K', 'Metal', 'Vegano'),
	(65, 'Alba', 'Moreno', 18, 'alba.moreno_1925@outlook.com', '+34 659 08 66 54', 'tok_9G9N', 'Metal', 'Pizza'),
	(66, 'Alejandro', 'García', 18, 'alejandro.garcía_0381@hotmail.com', '+34 622 64 95 85', 'tok_8L1K', 'Electrónica', 'Tacos'),
	(67, 'Pablo', 'Fernández', 29, 'pablo.fernández_7367@hotmail.com', '+34 694 00 55 08', 'tok_3J3Y', 'Indie', 'Vegano'),
	(68, 'Iván', 'Suárez', 28, 'iván.suárez_5425@yahoo.es', '+34 652 31 41 47', 'tok_4D0L', 'Urban', 'Kebab'),
	(69, 'Laura', 'Domínguez', 28, 'laura.domínguez_0099@yahoo.es', '+34 628 26 38 15', 'tok_3N1N', 'Urban', 'Vegano'),
	(70, 'Carmen', 'Vázquez', 29, 'carmen.vázquez_9706@outlook.com', '+34 632 00 81 52', 'tok_7I5K', 'Indie', 'Paella'),
	(71, 'Álvaro', 'Vázquez', 22, 'álvaro.vázquez_5829@yahoo.es', '+34 608 36 07 66', 'tok_7Z1T', 'Reggaetón', 'Sushi'),
	(72, 'Sergio', 'López', 22, 'sergio.lópez_3818@yahoo.es', '+34 626 56 52 77', 'tok_8V7B', 'Pop', 'Hot Dogs'),
	(73, 'Julia', 'Díaz', 20, 'julia.díaz_6981@yahoo.es', '+34 678 71 30 85', 'tok_6U4X', 'Metal', 'Tacos'),
	(74, 'Marcos', 'Martínez', 32, 'marcos.martínez_6181@yahoo.es', '+34 681 41 21 61', 'tok_9H7I', 'Metal', 'Tacos'),
	(75, 'David', 'Muñoz', 30, 'david.muñoz_4767@hotmail.com', '+34 634 28 30 70', 'tok_6T4V', 'Electrónica', 'Tacos');

-- TABLA WALLET
INSERT INTO "public"."wallet" ("id_wallet", "id_usuario", "saldo") VALUES
	(1, 1, 37.66),
	(2, 2, 196.57),
	(3, 3, 151.55),
	(4, 4, 89.43),
	(5, 5, 190.25),
	(6, 6, 74.04),
	(7, 7, 22.36),
	(8, 8, 177.65),
	(9, 9, 114.54),
	(10, 10, 0.00),
	(11, 11, 148.97),
	(12, 12, 0.00),
	(13, 13, 147.31),
	(14, 14, 118.66),
	(15, 15, 0.00),
	(16, 16, 131.18),
	(17, 17, 159.17),
	(18, 18, 62.80),
	(19, 19, 0.00),
	(20, 20, 144.84),
	(21, 21, 84.12),
	(22, 22, 184.00),
	(23, 23, 55.36),
	(24, 24, 134.02),
	(25, 25, 106.53),
	(26, 26, 115.86),
	(27, 27, 189.72),
	(28, 28, 181.94),
	(29, 29, 65.37),
	(30, 30, 69.13),
	(31, 31, 152.35),
	(32, 32, 20.35),
	(33, 33, 61.95),
	(34, 34, 74.25),
	(35, 35, 190.46),
	(36, 36, 143.82),
	(37, 37, 102.04),
	(38, 38, 187.07),
	(39, 39, 95.79),
	(40, 40, 93.88),
	(41, 41, 38.24),
	(42, 42, 46.77),
	(43, 43, 126.88),
	(44, 44, 198.80),
	(45, 45, 95.97),
	(46, 46, 58.13),
	(47, 47, 47.83),
	(48, 48, 168.99),
	(49, 49, 0.00),
	(50, 50, 0.00),
	(51, 51, 41.14),
	(52, 52, 161.78),
	(53, 53, 112.81),
	(54, 54, 0.00),
	(55, 55, 53.82),
	(56, 56, 82.12),
	(57, 57, 157.05),
	(58, 58, 49.10),
	(59, 59, 139.99),
	(60, 60, 96.29),
	(61, 61, 158.83),
	(62, 62, 162.83),
	(63, 63, 184.94),
	(64, 64, 182.96),
	(65, 65, 0.00),
	(66, 66, 84.92),
	(67, 67, 46.96),
	(68, 68, 49.56),
	(69, 69, 169.91),
	(70, 70, 106.28),
	(71, 71, 74.35),
	(72, 72, 120.62),
	(73, 73, 39.41),
	(74, 74, 136.79),
	(75, 75, 76.77);

-- TABLA TRANSACCIONES
INSERT INTO "public"."transacciones" ("id_transaccion", "id_wallet", "id_barra", "tipo_movimiento", "monto", "fecha") VALUES
	(1, 1, 4, 'compra', 14.50, '2026-04-18 16:00:00'),
	(2, 1, 1, 'pago_bebida', 8.00, '2026-04-20 21:30:00'),
	(3, 1, 5, 'pago_bebida', 17.00, '2026-04-19 01:30:00'),
	(4, 1, 1, 'pago_bebida', 29.50, '2026-04-19 18:30:00'),
	(5, 1, 4, 'pago_bebida', 18.00, '2026-04-18 18:00:00'),
	(6, 1, 5, 'pago_bebida', 12.00, '2026-04-18 01:00:00'),
	(7, 1, 4, 'compra', 14.50, '2026-04-20 20:00:00'),
	(8, 2, 3, 'pago_comida', 8.50, '2026-04-20 20:30:00'),
	(9, 2, 3, 'pago_comida', 9.50, '2026-04-20 23:00:00'),
	(10, 2, 1, 'pago_bebida', 9.50, '2026-04-20 04:00:00'),
	(11, 2, 5, 'pago_bebida', 17.50, '2026-04-20 17:00:00'),
	(12, 2, 1, 'pago_bebida', 23.00, '2026-04-18 16:00:00'),
	(13, 2, 3, 'pago_bebida', 2.50, '2026-04-19 18:00:00'),
	(14, 3, 1, 'pago_bebida', 24.50, '2026-04-18 17:00:00'),
	(15, 3, 1, 'pago_bebida', 7.00, '2026-04-18 01:30:00'),
	(16, 3, 5, 'pago_bebida', 30.00, '2026-04-18 17:00:00'),
	(17, 3, 3, 'compra', 19.00, '2026-04-18 01:30:00'),
	(18, 3, 3, 'pago_bebida', 4.00, '2026-04-19 20:00:00'),
	(19, 3, 3, 'pago_bebida', 8.00, '2026-04-18 22:00:00'),
	(20, 4, 1, 'pago_bebida', 13.00, '2026-04-20 22:30:00'),
	(21, 4, 1, 'pago_bebida', 3.50, '2026-04-19 17:00:00'),
	(22, 4, 1, 'pago_bebida', 20.00, '2026-04-20 01:00:00'),
	(23, 4, 5, 'pago_bebida', 26.00, '2026-04-20 22:30:00'),
	(24, 4, 3, 'pago_bebida', 8.00, '2026-04-19 03:00:00'),
	(25, 4, 3, 'pago_comida', 9.50, '2026-04-19 02:00:00'),
	(26, 4, 3, 'pago_comida', 27.00, '2026-04-18 19:30:00'),
	(27, 5, 4, 'pago_bebida', 9.00, '2026-04-19 23:30:00'),
	(28, 5, 4, 'pago_comida', 9.00, '2026-04-19 22:00:00'),
	(29, 5, 1, 'pago_bebida', 32.00, '2026-04-20 01:30:00'),
	(30, 5, 1, 'recharge', 21.64, '2026-04-20 01:00:00'),
	(31, 5, 1, 'pago_bebida', 18.00, '2026-04-20 20:00:00'),
	(32, 5, 1, 'pago_bebida', 9.00, '2026-04-19 23:30:00'),
	(33, 5, 1, 'pago_bebida', 12.00, '2026-04-19 23:00:00'),
	(34, 6, 4, 'pago_comida', 30.00, '2026-04-20 19:30:00'),
	(35, 6, 1, 'pago_bebida', 23.00, '2026-04-18 01:30:00'),
	(36, 6, 1, 'pago_bebida', 15.50, '2026-04-18 20:00:00'),
	(37, 6, 5, 'pago_bebida', 22.00, '2026-04-20 17:30:00'),
	(38, 6, 3, 'pago_comida', 21.00, '2026-04-20 16:00:00'),
	(39, 7, 1, 'pago_bebida', 32.00, '2026-04-20 16:00:00'),
	(40, 7, 1, 'pago_bebida', 17.00, '2026-04-18 19:30:00'),
	(41, 7, 1, 'pago_bebida', 3.50, '2026-04-18 03:00:00'),
	(42, 7, 5, 'pago_bebida', 29.00, '2026-04-20 00:00:00'),
	(43, 7, 3, 'pago_comida', 22.00, '2026-04-18 22:30:00'),
	(44, 8, 3, 'pago_bebida', 4.00, '2026-04-20 17:30:00'),
	(45, 8, 2, 'pago_bebida', 17.00, '2026-04-18 22:30:00'),
	(46, 8, 5, 'pago_bebida', 22.00, '2026-04-20 17:30:00'),
	(47, 8, 3, 'pago_comida', 9.50, '2026-04-18 02:30:00'),
	(48, 8, 5, 'pago_bebida', 3.50, '2026-04-19 22:00:00'),
	(49, 8, 5, 'pago_bebida', 180.00, '2026-04-19 21:00:00'),
	(50, 8, 4, 'compra', 11.50, '2026-04-18 17:30:00'),
	(51, 9, 2, 'pago_bebida', 8.00, '2026-04-20 18:30:00'),
	(52, 9, 3, 'recharge', 44.44, '2026-04-20 18:00:00'),
	(53, 9, 4, 'pago_comida', 32.00, '2026-04-19 23:00:00'),
	(54, 9, 3, 'compra', 21.50, '2026-04-20 17:30:00'),
	(55, 9, 4, 'pago_comida', 18.00, '2026-04-20 19:30:00'),
	(56, 9, 2, 'pago_bebida', 7.50, '2026-04-19 00:00:00'),
	(57, 9, 4, 'pago_bebida', 9.50, '2026-04-19 20:00:00'),
	(58, 9, 1, 'pago_bebida', 9.00, '2026-04-20 16:30:00'),
	(59, 10, 5, 'pago_bebida', 10.00, '2026-04-18 00:30:00'),
	(60, 10, 1, 'pago_bebida', 9.00, '2026-04-20 21:30:00'),
	(61, 10, 3, 'compra', 25.00, '2026-04-19 21:00:00'),
	(62, 10, 1, 'compra', 23.50, '2026-04-19 20:00:00'),
	(63, 10, 1, 'pago_bebida', 20.00, '2026-04-20 04:00:00'),
	(64, 10, 1, 'compra', 7.50, '2026-04-19 02:30:00'),
	(65, 10, 1, 'pago_bebida', 3.50, '2026-04-19 00:30:00'),
	(66, 11, 3, 'compra', 26.00, '2026-04-19 20:30:00'),
	(67, 11, 4, 'recharge', 29.86, '2026-04-19 20:00:00'),
	(68, 11, 1, 'pago_bebida', 17.50, '2026-04-18 16:30:00'),
	(69, 11, 2, 'pago_bebida', 10.00, '2026-04-20 17:00:00'),
	(70, 11, 1, 'pago_bebida', 9.00, '2026-04-18 20:30:00'),
	(71, 12, 3, 'compra', 22.50, '2026-04-19 20:00:00'),
	(72, 12, 1, 'pago_bebida', 31.00, '2026-04-20 16:00:00'),
	(73, 12, 4, 'compra', 8.50, '2026-04-19 16:30:00'),
	(74, 12, 5, 'pago_bebida', 12.00, '2026-04-19 23:00:00'),
	(75, 12, 1, 'compra', 11.00, '2026-04-20 01:00:00'),
	(76, 12, 3, 'compra', 8.00, '2026-04-18 21:30:00'),
	(77, 12, 3, 'pago_bebida', 11.50, '2026-04-19 04:00:00'),
	(78, 13, 3, 'recharge', 11.69, '2026-04-18 19:30:00'),
	(79, 13, 1, 'compra', 15.00, '2026-04-20 02:00:00'),
	(80, 13, 3, 'pago_comida', 8.00, '2026-04-18 01:30:00'),
	(81, 13, 3, 'pago_comida', 9.50, '2026-04-19 17:30:00'),
	(82, 13, 3, 'pago_bebida', 5.00, '2026-04-18 20:30:00'),
	(83, 14, 2, 'recharge', 32.14, '2026-04-19 22:00:00'),
	(84, 14, 4, 'pago_bebida', 5.50, '2026-04-19 02:00:00'),
	(85, 14, 3, 'recharge', 27.07, '2026-04-19 02:00:00'),
	(86, 14, 2, 'recharge', 12.78, '2026-04-19 04:00:00'),
	(87, 14, 1, 'pago_bebida', 4.50, '2026-04-18 16:30:00'),
	(88, 14, 3, 'compra', 8.00, '2026-04-19 01:00:00'),
	(89, 14, 2, 'pago_bebida', 7.50, '2026-04-20 01:30:00'),
	(90, 15, 1, 'pago_bebida', 19.50, '2026-04-19 16:00:00'),
	(91, 15, 2, 'recharge', 35.31, '2026-04-18 19:30:00'),
	(92, 15, 2, 'pago_bebida', 7.00, '2026-04-19 22:00:00'),
	(93, 15, 4, 'compra', 23.00, '2026-04-18 18:30:00'),
	(94, 15, 3, 'pago_comida', 45.00, '2026-04-18 21:00:00'),
	(95, 15, 1, 'compra', 6.50, '2026-04-20 18:30:00'),
	(96, 16, 2, 'pago_bebida', 14.00, '2026-04-19 02:30:00'),
	(97, 16, 1, 'pago_bebida', 14.00, '2026-04-20 02:00:00'),
	(98, 16, 5, 'pago_bebida', 202.00, '2026-04-18 02:30:00'),
	(99, 16, 3, 'pago_comida', 8.00, '2026-04-20 21:30:00'),
	(100, 16, 3, 'pago_comida', 25.00, '2026-04-18 19:00:00'),
	(101, 16, 1, 'pago_bebida', 11.50, '2026-04-19 22:00:00'),
	(102, 17, 5, 'recharge', 49.60, '2026-04-19 21:30:00'),
	(103, 17, 5, 'pago_bebida', 3.50, '2026-04-18 20:30:00'),
	(104, 17, 2, 'pago_bebida', 5.00, '2026-04-18 04:00:00'),
	(105, 17, 5, 'pago_bebida', 25.50, '2026-04-18 21:30:00'),
	(106, 17, 4, 'pago_bebida', 9.00, '2026-04-19 23:30:00'),
	(107, 18, 4, 'pago_bebida', 4.50, '2026-04-19 21:00:00'),
	(108, 18, 5, 'pago_bebida', 285.50, '2026-04-18 03:00:00'),
	(109, 18, 3, 'pago_bebida', 3.50, '2026-04-20 16:00:00'),
	(110, 18, 4, 'pago_comida', 12.00, '2026-04-18 20:30:00'),
	(111, 18, 4, 'pago_comida', 8.50, '2026-04-18 16:00:00'),
	(112, 18, 4, 'pago_bebida', 14.50, '2026-04-18 17:30:00'),
	(113, 18, 5, 'pago_bebida', 30.00, '2026-04-20 22:30:00'),
	(114, 19, 3, 'compra', 23.00, '2026-04-20 22:30:00'),
	(115, 19, 1, 'pago_bebida', 26.00, '2026-04-18 22:00:00'),
	(116, 19, 3, 'recharge', 34.79, '2026-04-20 04:00:00'),
	(117, 19, 1, 'pago_bebida', 25.00, '2026-04-18 03:30:00'),
	(118, 19, 5, 'pago_bebida', 24.00, '2026-04-20 01:30:00'),
	(119, 19, 2, 'pago_bebida', 6.50, '2026-04-19 18:30:00'),
	(120, 19, 1, 'pago_bebida', 12.50, '2026-04-20 16:00:00'),
	(121, 19, 1, 'pago_bebida', 27.00, '2026-04-19 23:30:00'),
	(122, 20, 3, 'compra', 21.50, '2026-04-19 22:30:00'),
	(123, 20, 2, 'pago_bebida', 4.00, '2026-04-20 17:30:00'),
	(124, 20, 5, 'pago_bebida', 19.50, '2026-04-18 20:30:00'),
	(125, 20, 2, 'pago_bebida', 13.00, '2026-04-18 03:00:00'),
	(126, 20, 1, 'pago_bebida', 12.00, '2026-04-20 01:30:00'),
	(127, 20, 1, 'pago_bebida', 36.00, '2026-04-19 19:00:00'),
	(128, 20, 1, 'compra', 18.50, '2026-04-20 21:00:00'),
	(129, 21, 5, 'pago_bebida', 24.00, '2026-04-20 01:30:00'),
	(130, 21, 4, 'pago_bebida', 5.00, '2026-04-20 17:00:00'),
	(131, 21, 4, 'pago_bebida', 19.00, '2026-04-20 00:30:00'),
	(132, 21, 1, 'pago_bebida', 2.50, '2026-04-20 19:30:00'),
	(133, 21, 2, 'pago_bebida', 8.00, '2026-04-19 22:00:00'),
	(134, 21, 3, 'pago_comida', 19.00, '2026-04-20 02:30:00'),
	(135, 22, 3, 'pago_comida', 8.50, '2026-04-19 23:30:00'),
	(136, 22, 3, 'pago_bebida', 14.50, '2026-04-20 23:00:00'),
	(137, 22, 4, 'pago_comida', 9.00, '2026-04-18 20:00:00'),
	(138, 22, 3, 'pago_bebida', 9.50, '2026-04-18 17:00:00'),
	(139, 22, 1, 'pago_bebida', 18.00, '2026-04-18 03:30:00'),
	(140, 23, 2, 'pago_bebida', 4.00, '2026-04-19 00:00:00'),
	(141, 23, 2, 'pago_bebida', 7.50, '2026-04-20 20:30:00'),
	(142, 23, 3, 'compra', 15.50, '2026-04-18 17:00:00'),
	(143, 23, 2, 'pago_bebida', 4.00, '2026-04-18 00:30:00'),
	(144, 23, 4, 'pago_comida', 27.00, '2026-04-19 17:30:00'),
	(145, 23, 2, 'pago_bebida', 3.50, '2026-04-19 19:00:00'),
	(146, 23, 3, 'pago_bebida', 10.00, '2026-04-18 01:00:00'),
	(147, 23, 2, 'pago_bebida', 5.00, '2026-04-20 21:00:00'),
	(148, 24, 1, 'recharge', 24.48, '2026-04-20 16:00:00'),
	(149, 24, 4, 'recharge', 13.81, '2026-04-20 02:30:00'),
	(150, 24, 3, 'compra', 23.00, '2026-04-18 01:00:00'),
	(151, 24, 3, 'pago_bebida', 13.00, '2026-04-19 22:00:00'),
	(152, 24, 4, 'compra', 19.50, '2026-04-18 18:00:00'),
	(153, 24, 2, 'pago_bebida', 8.00, '2026-04-19 01:30:00'),
	(154, 24, 1, 'pago_bebida', 9.00, '2026-04-18 21:00:00'),
	(155, 25, 1, 'pago_bebida', 14.00, '2026-04-19 01:00:00'),
	(156, 25, 1, 'pago_bebida', 24.00, '2026-04-18 04:00:00'),
	(157, 25, 3, 'compra', 8.00, '2026-04-19 19:00:00'),
	(158, 25, 5, 'pago_bebida', 20.00, '2026-04-20 04:00:00'),
	(159, 25, 3, 'compra', 12.00, '2026-04-20 21:30:00'),
	(160, 25, 4, 'compra', 26.00, '2026-04-18 23:30:00'),
	(161, 25, 1, 'pago_bebida', 12.00, '2026-04-20 04:00:00'),
	(162, 26, 5, 'recharge', 22.88, '2026-04-20 17:30:00'),
	(163, 26, 1, 'pago_bebida', 9.50, '2026-04-19 01:30:00'),
	(164, 26, 3, 'pago_comida', 9.50, '2026-04-20 17:00:00'),
	(165, 26, 5, 'pago_bebida', 30.50, '2026-04-18 02:30:00'),
	(166, 26, 5, 'pago_bebida', 34.50, '2026-04-19 18:30:00'),
	(167, 27, 2, 'pago_bebida', 25.00, '2026-04-20 17:00:00'),
	(168, 27, 3, 'pago_bebida', 11.50, '2026-04-18 20:00:00'),
	(169, 27, 1, 'recharge', 11.42, '2026-04-18 02:30:00'),
	(170, 27, 3, 'recharge', 11.60, '2026-04-20 20:00:00'),
	(171, 28, 1, 'pago_bebida', 11.00, '2026-04-19 02:00:00'),
	(172, 28, 4, 'compra', 31.50, '2026-04-18 19:00:00'),
	(173, 28, 5, 'pago_bebida', 16.00, '2026-04-18 00:30:00'),
	(174, 28, 1, 'pago_bebida', 16.00, '2026-04-20 20:30:00'),
	(175, 28, 5, 'pago_bebida', 22.00, '2026-04-20 20:30:00'),
	(176, 28, 1, 'pago_bebida', 6.50, '2026-04-19 01:00:00'),
	(177, 28, 3, 'compra', 25.00, '2026-04-19 22:00:00'),
	(178, 29, 4, 'pago_bebida', 2.50, '2026-04-19 22:30:00'),
	(179, 29, 3, 'pago_comida', 9.50, '2026-04-20 20:00:00'),
	(180, 29, 1, 'recharge', 20.25, '2026-04-20 18:30:00'),
	(181, 29, 3, 'pago_comida', 9.50, '2026-04-18 20:00:00'),
	(182, 29, 5, 'pago_bebida', 15.50, '2026-04-20 18:30:00'),
	(183, 29, 3, 'pago_bebida', 10.50, '2026-04-19 00:00:00'),
	(184, 30, 5, 'pago_bebida', 24.00, '2026-04-18 16:30:00'),
	(185, 30, 4, 'pago_bebida', 16.00, '2026-04-19 23:30:00'),
	(186, 30, 3, 'compra', 11.00, '2026-04-19 03:30:00'),
	(187, 30, 2, 'pago_bebida', 2.50, '2026-04-18 17:30:00'),
	(188, 30, 5, 'pago_bebida', 12.00, '2026-04-19 23:30:00'),
	(189, 31, 3, 'pago_bebida', 10.50, '2026-04-18 03:30:00'),
	(190, 31, 3, 'pago_bebida', 10.50, '2026-04-20 04:00:00'),
	(191, 31, 1, 'pago_bebida', 17.00, '2026-04-20 22:30:00'),
	(192, 31, 5, 'pago_bebida', 104.00, '2026-04-18 16:30:00'),
	(193, 31, 2, 'pago_bebida', 5.00, '2026-04-20 00:00:00'),
	(194, 31, 1, 'recharge', 13.12, '2026-04-19 02:30:00'),
	(195, 32, 2, 'pago_bebida', 5.00, '2026-04-18 03:30:00'),
	(196, 32, 5, 'pago_bebida', 202.00, '2026-04-18 21:30:00'),
	(197, 32, 4, 'pago_bebida', 2.50, '2026-04-19 18:00:00'),
	(198, 32, 3, 'pago_comida', 17.00, '2026-04-20 18:00:00'),
	(199, 32, 1, 'pago_bebida', 3.50, '2026-04-19 17:00:00'),
	(200, 32, 1, 'pago_bebida', 11.50, '2026-04-18 16:30:00'),
	(201, 32, 2, 'pago_bebida', 11.50, '2026-04-20 17:30:00'),
	(202, 33, 5, 'pago_bebida', 27.50, '2026-04-20 02:00:00'),
	(203, 33, 3, 'pago_comida', 19.00, '2026-04-18 23:00:00'),
	(204, 33, 5, 'pago_bebida', 10.00, '2026-04-19 22:00:00'),
	(205, 33, 3, 'recharge', 21.99, '2026-04-20 16:30:00'),
	(206, 34, 5, 'pago_bebida', 3.50, '2026-04-20 16:30:00'),
	(207, 34, 4, 'pago_bebida', 4.50, '2026-04-18 17:00:00'),
	(208, 34, 1, 'pago_bebida', 13.00, '2026-04-18 03:00:00'),
	(209, 34, 1, 'pago_bebida', 9.00, '2026-04-18 21:00:00'),
	(210, 34, 3, 'pago_bebida', 8.00, '2026-04-19 03:00:00'),
	(211, 34, 5, 'pago_bebida', 20.00, '2026-04-20 02:30:00'),
	(212, 34, 1, 'pago_bebida', 25.50, '2026-04-20 17:00:00'),
	(213, 35, 3, 'pago_comida', 16.50, '2026-04-20 22:00:00'),
	(214, 35, 2, 'pago_bebida', 31.00, '2026-04-20 17:00:00'),
	(215, 35, 1, 'pago_bebida', 12.00, '2026-04-19 20:00:00'),
	(216, 35, 5, 'pago_bebida', 3.50, '2026-04-20 20:30:00'),
	(217, 35, 4, 'pago_bebida', 2.50, '2026-04-18 18:30:00'),
	(218, 35, 3, 'pago_bebida', 12.00, '2026-04-20 20:30:00'),
	(219, 35, 1, 'pago_bebida', 25.00, '2026-04-18 18:00:00'),
	(220, 36, 3, 'pago_bebida', 7.00, '2026-04-19 22:30:00'),
	(221, 36, 3, 'pago_bebida', 7.50, '2026-04-18 20:00:00'),
	(222, 36, 3, 'compra', 21.50, '2026-04-20 21:30:00'),
	(223, 36, 1, 'pago_bebida', 3.50, '2026-04-19 23:00:00'),
	(224, 36, 5, 'pago_bebida', 103.50, '2026-04-18 17:00:00'),
	(225, 36, 1, 'pago_bebida', 20.00, '2026-04-18 00:00:00'),
	(226, 36, 1, 'pago_bebida', 12.00, '2026-04-20 03:00:00'),
	(227, 37, 1, 'recharge', 32.34, '2026-04-19 21:30:00'),
	(228, 37, 1, 'recharge', 29.42, '2026-04-18 02:30:00'),
	(229, 37, 4, 'pago_bebida', 2.50, '2026-04-19 17:30:00'),
	(230, 37, 3, 'pago_bebida', 2.50, '2026-04-18 17:00:00'),
	(231, 37, 1, 'pago_bebida', 16.00, '2026-04-20 16:00:00'),
	(232, 37, 4, 'pago_comida', 6.00, '2026-04-20 02:00:00'),
	(233, 37, 5, 'pago_bebida', 48.00, '2026-04-18 16:30:00'),
	(234, 37, 1, 'compra', 26.50, '2026-04-20 01:00:00'),
	(235, 38, 1, 'pago_bebida', 6.00, '2026-04-19 21:30:00'),
	(236, 38, 5, 'pago_bebida', 20.00, '2026-04-20 18:30:00'),
	(237, 38, 5, 'pago_bebida', 9.50, '2026-04-20 20:00:00'),
	(238, 38, 5, 'pago_bebida', 30.00, '2026-04-18 23:30:00'),
	(239, 38, 4, 'pago_comida', 27.00, '2026-04-20 19:30:00'),
	(240, 39, 3, 'compra', 16.50, '2026-04-19 23:00:00'),
	(241, 39, 5, 'pago_bebida', 22.00, '2026-04-19 17:00:00'),
	(242, 39, 1, 'pago_bebida', 14.50, '2026-04-20 16:30:00'),
	(243, 39, 3, 'pago_bebida', 4.00, '2026-04-20 20:00:00'),
	(244, 39, 1, 'pago_bebida', 8.00, '2026-04-19 18:00:00'),
	(245, 40, 3, 'compra', 10.50, '2026-04-18 19:00:00'),
	(246, 40, 5, 'pago_bebida', 10.00, '2026-04-18 23:30:00'),
	(247, 40, 2, 'pago_bebida', 23.00, '2026-04-20 22:00:00'),
	(248, 40, 1, 'pago_bebida', 4.00, '2026-04-19 20:30:00'),
	(249, 40, 2, 'pago_bebida', 9.00, '2026-04-19 18:00:00'),
	(250, 40, 1, 'pago_bebida', 26.50, '2026-04-19 20:30:00'),
	(251, 40, 3, 'pago_bebida', 2.50, '2026-04-20 21:30:00'),
	(252, 41, 2, 'pago_bebida', 18.00, '2026-04-20 19:30:00'),
	(253, 41, 1, 'recharge', 49.52, '2026-04-19 23:30:00'),
	(254, 41, 1, 'pago_bebida', 36.00, '2026-04-19 21:30:00'),
	(255, 41, 1, 'recharge', 45.87, '2026-04-20 04:00:00'),
	(256, 41, 1, 'recharge', 47.67, '2026-04-18 18:30:00'),
	(257, 41, 1, 'pago_bebida', 16.00, '2026-04-19 03:00:00'),
	(258, 41, 1, 'pago_bebida', 15.00, '2026-04-18 02:00:00'),
	(259, 41, 4, 'recharge', 25.46, '2026-04-19 17:30:00'),
	(260, 42, 4, 'pago_bebida', 2.50, '2026-04-18 21:30:00'),
	(261, 42, 3, 'compra', 13.00, '2026-04-20 19:00:00'),
	(262, 42, 1, 'pago_bebida', 8.00, '2026-04-19 00:00:00'),
	(263, 42, 3, 'compra', 21.50, '2026-04-19 20:00:00'),
	(264, 42, 3, 'pago_comida', 25.50, '2026-04-19 21:30:00'),
	(265, 42, 1, 'pago_bebida', 19.50, '2026-04-20 18:30:00'),
	(266, 42, 1, 'recharge', 32.28, '2026-04-19 23:00:00'),
	(267, 43, 5, 'pago_bebida', 49.50, '2026-04-20 18:00:00'),
	(268, 43, 1, 'pago_bebida', 12.50, '2026-04-19 19:00:00'),
	(269, 43, 5, 'pago_bebida', 38.00, '2026-04-19 19:00:00'),
	(270, 43, 1, 'pago_bebida', 21.00, '2026-04-18 21:30:00'),
	(271, 43, 2, 'pago_bebida', 15.50, '2026-04-19 02:00:00'),
	(272, 44, 1, 'pago_bebida', 25.00, '2026-04-19 19:00:00'),
	(273, 44, 1, 'pago_bebida', 4.50, '2026-04-18 01:30:00'),
	(274, 44, 5, 'pago_bebida', 42.00, '2026-04-19 18:00:00'),
	(275, 44, 5, 'pago_bebida', 17.00, '2026-04-19 02:00:00'),
	(276, 44, 5, 'pago_bebida', 30.00, '2026-04-19 00:00:00'),
	(277, 44, 5, 'pago_bebida', 6.00, '2026-04-19 23:00:00'),
	(278, 44, 1, 'pago_bebida', 27.00, '2026-04-18 21:30:00'),
	(279, 45, 3, 'recharge', 17.26, '2026-04-18 22:00:00'),
	(280, 45, 3, 'recharge', 40.97, '2026-04-20 22:00:00'),
	(281, 45, 4, 'recharge', 15.04, '2026-04-19 01:30:00'),
	(282, 45, 3, 'compra', 10.50, '2026-04-19 04:00:00'),
	(283, 45, 3, 'pago_comida', 9.50, '2026-04-20 23:30:00'),
	(284, 45, 1, 'pago_bebida', 4.00, '2026-04-19 23:30:00'),
	(285, 46, 3, 'pago_bebida', 5.00, '2026-04-20 16:00:00'),
	(286, 46, 1, 'pago_bebida', 3.50, '2026-04-18 18:30:00'),
	(287, 46, 5, 'pago_bebida', 46.00, '2026-04-19 17:00:00'),
	(288, 46, 1, 'pago_bebida', 8.00, '2026-04-18 01:30:00'),
	(289, 46, 1, 'pago_bebida', 12.00, '2026-04-18 20:00:00'),
	(290, 46, 4, 'compra', 24.00, '2026-04-19 20:00:00'),
	(291, 46, 1, 'pago_bebida', 9.00, '2026-04-20 01:30:00'),
	(292, 47, 3, 'recharge', 47.19, '2026-04-18 23:00:00'),
	(293, 47, 1, 'pago_bebida', 8.00, '2026-04-20 22:00:00'),
	(294, 47, 1, 'pago_bebida', 10.50, '2026-04-18 21:30:00'),
	(295, 47, 3, 'pago_bebida', 3.50, '2026-04-19 17:00:00'),
	(296, 47, 5, 'pago_bebida', 15.50, '2026-04-19 17:00:00'),
	(297, 47, 5, 'pago_bebida', 3.50, '2026-04-19 23:00:00'),
	(298, 48, 3, 'compra', 6.50, '2026-04-18 18:00:00'),
	(299, 48, 3, 'pago_bebida', 2.50, '2026-04-20 01:30:00'),
	(300, 48, 3, 'pago_comida', 8.50, '2026-04-19 22:00:00'),
	(301, 48, 1, 'pago_bebida', 15.00, '2026-04-19 19:30:00'),
	(302, 49, 2, 'pago_bebida', 11.50, '2026-04-18 04:00:00'),
	(303, 49, 1, 'pago_bebida', 20.00, '2026-04-18 04:00:00'),
	(304, 49, 1, 'pago_bebida', 24.00, '2026-04-18 04:00:00'),
	(305, 49, 2, 'pago_bebida', 10.00, '2026-04-19 03:30:00'),
	(306, 49, 1, 'pago_bebida', 33.00, '2026-04-20 04:00:00'),
	(307, 49, 3, 'pago_bebida', 4.00, '2026-04-18 16:00:00'),
	(308, 50, 1, 'pago_bebida', 4.50, '2026-04-18 01:30:00'),
	(309, 50, 4, 'pago_bebida', 2.50, '2026-04-20 19:00:00'),
	(310, 50, 4, 'pago_bebida', 2.50, '2026-04-20 20:00:00'),
	(311, 50, 5, 'pago_bebida', 18.00, '2026-04-20 16:30:00'),
	(312, 50, 1, 'recharge', 38.13, '2026-04-19 00:30:00'),
	(313, 50, 3, 'recharge', 32.80, '2026-04-20 23:30:00'),
	(314, 50, 2, 'pago_bebida', 14.00, '2026-04-18 22:30:00'),
	(315, 51, 3, 'compra', 25.00, '2026-04-20 02:00:00'),
	(316, 51, 3, 'compra', 15.50, '2026-04-18 20:00:00'),
	(317, 51, 5, 'pago_bebida', 18.00, '2026-04-20 21:30:00'),
	(318, 51, 4, 'pago_bebida', 15.50, '2026-04-19 00:30:00'),
	(319, 51, 3, 'compra', 31.00, '2026-04-18 02:30:00'),
	(320, 51, 1, 'pago_bebida', 20.00, '2026-04-20 02:30:00'),
	(321, 52, 1, 'pago_bebida', 16.00, '2026-04-19 16:00:00'),
	(322, 52, 4, 'pago_bebida', 9.00, '2026-04-20 20:30:00'),
	(323, 52, 3, 'compra', 19.50, '2026-04-20 03:30:00'),
	(324, 52, 3, 'pago_bebida', 11.00, '2026-04-19 16:30:00'),
	(325, 52, 5, 'pago_bebida', 18.00, '2026-04-18 19:00:00'),
	(326, 52, 3, 'pago_bebida', 2.50, '2026-04-20 03:00:00'),
	(327, 53, 3, 'pago_comida', 9.50, '2026-04-20 16:30:00'),
	(328, 53, 1, 'pago_bebida', 17.00, '2026-04-20 21:00:00'),
	(329, 53, 4, 'pago_comida', 6.00, '2026-04-19 22:30:00'),
	(330, 53, 5, 'pago_bebida', 12.00, '2026-04-20 22:00:00'),
	(331, 53, 4, 'compra', 8.50, '2026-04-18 22:00:00'),
	(332, 53, 2, 'pago_bebida', 4.00, '2026-04-18 21:00:00'),
	(333, 54, 1, 'pago_bebida', 16.50, '2026-04-20 17:00:00'),
	(334, 54, 3, 'compra', 15.00, '2026-04-18 02:00:00'),
	(335, 54, 1, 'pago_bebida', 13.50, '2026-04-18 21:30:00'),
	(336, 54, 1, 'pago_bebida', 5.00, '2026-04-20 21:00:00'),
	(337, 54, 1, 'compra', 49.00, '2026-04-19 20:00:00'),
	(338, 54, 4, 'compra', 22.50, '2026-04-19 16:30:00'),
	(339, 54, 3, 'compra', 22.00, '2026-04-18 18:30:00'),
	(340, 55, 1, 'pago_bebida', 6.00, '2026-04-19 21:00:00'),
	(341, 55, 1, 'pago_bebida', 37.00, '2026-04-19 16:30:00'),
	(342, 55, 4, 'compra', 14.00, '2026-04-20 19:30:00'),
	(343, 55, 3, 'pago_bebida', 3.50, '2026-04-20 00:00:00'),
	(344, 55, 4, 'recharge', 28.41, '2026-04-20 17:30:00'),
	(345, 56, 1, 'pago_bebida', 8.00, '2026-04-19 00:30:00'),
	(346, 56, 5, 'pago_bebida', 10.00, '2026-04-18 17:00:00'),
	(347, 56, 4, 'pago_comida', 17.50, '2026-04-19 21:00:00'),
	(348, 56, 4, 'recharge', 5.57, '2026-04-20 22:30:00'),
	(349, 56, 4, 'pago_comida', 36.00, '2026-04-18 20:30:00'),
	(350, 56, 3, 'compra', 14.50, '2026-04-18 23:30:00'),
	(351, 56, 5, 'pago_bebida', 6.00, '2026-04-18 03:30:00'),
	(352, 57, 2, 'pago_bebida', 2.50, '2026-04-19 16:00:00'),
	(353, 57, 4, 'compra', 13.50, '2026-04-18 23:30:00'),
	(354, 57, 1, 'pago_bebida', 12.50, '2026-04-20 18:00:00'),
	(355, 57, 2, 'pago_bebida', 20.00, '2026-04-18 01:30:00'),
	(356, 57, 1, 'recharge', 46.12, '2026-04-18 22:30:00'),
	(357, 57, 1, 'pago_bebida', 3.50, '2026-04-18 03:00:00'),
	(358, 57, 4, 'recharge', 23.98, '2026-04-19 02:00:00'),
	(359, 58, 2, 'pago_bebida', 19.00, '2026-04-20 17:30:00'),
	(360, 58, 1, 'pago_bebida', 25.00, '2026-04-19 18:00:00'),
	(361, 58, 3, 'pago_comida', 4.00, '2026-04-18 19:30:00'),
	(362, 58, 5, 'pago_bebida', 22.00, '2026-04-19 22:30:00'),
	(363, 58, 4, 'pago_bebida', 5.50, '2026-04-18 03:30:00'),
	(364, 58, 1, 'pago_bebida', 18.00, '2026-04-19 18:00:00'),
	(365, 58, 1, 'pago_bebida', 24.00, '2026-04-20 18:30:00'),
	(366, 59, 5, 'pago_bebida', 12.00, '2026-04-18 04:00:00'),
	(367, 59, 1, 'pago_bebida', 3.50, '2026-04-20 03:30:00'),
	(368, 59, 3, 'compra', 13.00, '2026-04-18 01:30:00'),
	(369, 59, 1, 'pago_bebida', 15.00, '2026-04-20 18:00:00'),
	(370, 59, 3, 'pago_bebida', 7.50, '2026-04-19 03:30:00'),
	(371, 59, 2, 'pago_bebida', 4.00, '2026-04-18 22:30:00'),
	(372, 60, 3, 'pago_bebida', 3.50, '2026-04-19 00:30:00'),
	(373, 60, 3, 'pago_comida', 9.50, '2026-04-18 01:00:00'),
	(374, 60, 5, 'pago_bebida', 10.00, '2026-04-18 01:30:00'),
	(375, 60, 1, 'compra', 14.00, '2026-04-19 19:00:00'),
	(376, 60, 1, 'pago_bebida', 31.00, '2026-04-20 17:00:00'),
	(377, 60, 4, 'pago_comida', 9.00, '2026-04-20 23:00:00'),
	(378, 60, 1, 'pago_comida', 2.00, '2026-04-20 00:30:00'),
	(379, 61, 5, 'pago_bebida', 21.50, '2026-04-18 02:00:00'),
	(380, 61, 1, 'pago_bebida', 3.50, '2026-04-20 23:00:00'),
	(381, 61, 4, 'pago_comida', 9.00, '2026-04-18 03:00:00'),
	(382, 61, 2, 'pago_bebida', 10.00, '2026-04-18 21:00:00'),
	(383, 61, 1, 'pago_bebida', 4.00, '2026-04-20 00:30:00'),
	(384, 61, 2, 'pago_bebida', 5.00, '2026-04-18 21:00:00'),
	(385, 62, 1, 'pago_bebida', 9.00, '2026-04-18 16:00:00'),
	(386, 62, 1, 'pago_bebida', 15.50, '2026-04-20 03:30:00'),
	(387, 62, 3, 'pago_comida', 12.00, '2026-04-18 19:00:00'),
	(388, 62, 5, 'pago_bebida', 22.00, '2026-04-18 23:00:00'),
	(389, 62, 5, 'pago_bebida', 13.50, '2026-04-19 23:30:00'),
	(390, 62, 1, 'pago_bebida', 10.50, '2026-04-19 00:30:00'),
	(391, 63, 1, 'pago_bebida', 8.00, '2026-04-19 23:00:00'),
	(392, 63, 5, 'pago_bebida', 121.00, '2026-04-19 19:00:00'),
	(393, 63, 3, 'pago_bebida', 6.50, '2026-04-18 22:00:00'),
	(394, 63, 1, 'compra', 6.50, '2026-04-20 16:00:00'),
	(395, 63, 3, 'compra', 20.00, '2026-04-20 00:30:00'),
	(396, 64, 3, 'compra', 17.00, '2026-04-19 02:00:00'),
	(397, 64, 2, 'recharge', 44.07, '2026-04-20 16:00:00'),
	(398, 64, 1, 'pago_bebida', 7.50, '2026-04-19 01:30:00'),
	(399, 64, 4, 'compra', 8.50, '2026-04-20 23:30:00'),
	(400, 64, 1, 'pago_bebida', 21.00, '2026-04-18 19:00:00'),
	(401, 64, 1, 'pago_bebida', 11.50, '2026-04-20 01:30:00'),
	(402, 64, 1, 'pago_bebida', 3.50, '2026-04-19 21:00:00'),
	(403, 65, 3, 'pago_comida', 8.50, '2026-04-18 16:30:00'),
	(404, 65, 4, 'compra', 17.00, '2026-04-18 22:30:00'),
	(405, 65, 1, 'compra', 18.00, '2026-04-18 04:00:00'),
	(406, 65, 5, 'pago_bebida', 10.00, '2026-04-20 22:00:00'),
	(407, 65, 1, 'pago_bebida', 27.00, '2026-04-18 20:30:00'),
	(408, 65, 2, 'pago_bebida', 5.00, '2026-04-18 01:00:00'),
	(409, 66, 3, 'pago_bebida', 4.00, '2026-04-19 17:00:00'),
	(410, 66, 4, 'recharge', 11.42, '2026-04-19 19:00:00'),
	(411, 66, 1, 'pago_bebida', 8.00, '2026-04-20 03:00:00'),
	(412, 66, 3, 'compra', 7.50, '2026-04-19 04:00:00'),
	(413, 66, 1, 'pago_bebida', 8.00, '2026-04-18 20:00:00'),
	(414, 66, 5, 'pago_bebida', 12.00, '2026-04-18 18:30:00'),
	(415, 66, 3, 'pago_comida', 19.00, '2026-04-19 04:00:00'),
	(416, 67, 3, 'pago_comida', 4.00, '2026-04-19 21:30:00'),
	(417, 67, 1, 'pago_bebida', 12.00, '2026-04-19 04:00:00'),
	(418, 67, 3, 'compra', 21.50, '2026-04-19 21:00:00'),
	(419, 67, 5, 'pago_bebida', 7.00, '2026-04-19 02:30:00'),
	(420, 67, 1, 'pago_bebida', 4.00, '2026-04-20 18:30:00'),
	(421, 67, 1, 'pago_bebida', 13.50, '2026-04-20 22:30:00'),
	(422, 68, 1, 'pago_bebida', 16.50, '2026-04-18 20:30:00'),
	(423, 68, 3, 'compra', 20.00, '2026-04-20 03:00:00'),
	(424, 68, 3, 'pago_bebida', 13.00, '2026-04-19 23:00:00'),
	(425, 68, 1, 'pago_bebida', 18.50, '2026-04-20 22:00:00'),
	(426, 68, 3, 'compra', 23.00, '2026-04-18 00:30:00'),
	(427, 68, 1, 'pago_bebida', 32.00, '2026-04-20 02:00:00'),
	(428, 69, 3, 'recharge', 32.97, '2026-04-20 19:00:00'),
	(429, 69, 1, 'compra', 8.00, '2026-04-19 18:30:00'),
	(430, 69, 2, 'pago_bebida', 10.00, '2026-04-19 01:00:00'),
	(431, 69, 4, 'recharge', 28.00, '2026-04-20 18:30:00'),
	(432, 69, 3, 'pago_comida', 4.00, '2026-04-19 16:30:00'),
	(433, 70, 1, 'pago_bebida', 4.00, '2026-04-19 18:30:00'),
	(434, 70, 3, 'pago_bebida', 12.00, '2026-04-18 20:00:00'),
	(435, 70, 1, 'pago_bebida', 12.00, '2026-04-20 21:00:00'),
	(436, 70, 1, 'pago_bebida', 18.00, '2026-04-20 03:30:00'),
	(437, 70, 3, 'recharge', 20.34, '2026-04-18 00:00:00'),
	(438, 70, 5, 'pago_bebida', 9.50, '2026-04-19 21:00:00'),
	(439, 70, 1, 'pago_bebida', 3.50, '2026-04-18 23:00:00'),
	(440, 71, 3, 'recharge', 16.57, '2026-04-19 22:30:00'),
	(441, 71, 2, 'pago_bebida', 15.50, '2026-04-19 02:30:00'),
	(442, 71, 2, 'pago_bebida', 5.00, '2026-04-19 04:00:00'),
	(443, 71, 4, 'pago_bebida', 9.00, '2026-04-20 17:00:00'),
	(444, 71, 4, 'pago_comida', 14.50, '2026-04-18 02:30:00'),
	(445, 71, 1, 'pago_bebida', 2.50, '2026-04-19 17:00:00'),
	(446, 71, 2, 'recharge', 17.78, '2026-04-20 16:00:00'),
	(447, 72, 1, 'pago_bebida', 13.00, '2026-04-20 16:30:00'),
	(448, 72, 4, 'compra', 37.50, '2026-04-20 20:30:00'),
	(449, 72, 4, 'pago_bebida', 2.50, '2026-04-19 21:00:00'),
	(450, 72, 3, 'pago_bebida', 6.50, '2026-04-18 02:00:00'),
	(451, 72, 1, 'pago_bebida', 38.50, '2026-04-20 20:00:00'),
	(452, 72, 4, 'recharge', 38.88, '2026-04-18 20:00:00'),
	(453, 73, 3, 'compra', 12.00, '2026-04-19 04:00:00'),
	(454, 73, 2, 'pago_bebida', 4.00, '2026-04-19 21:00:00'),
	(455, 73, 3, 'pago_comida', 8.50, '2026-04-19 23:00:00'),
	(456, 73, 2, 'pago_bebida', 2.50, '2026-04-18 22:00:00'),
	(457, 73, 4, 'compra', 31.50, '2026-04-19 02:00:00'),
	(458, 73, 1, 'pago_bebida', 11.50, '2026-04-20 02:00:00'),
	(459, 73, 3, 'pago_comida', 8.50, '2026-04-18 19:30:00'),
	(460, 73, 5, 'pago_bebida', 13.00, '2026-04-20 23:00:00'),
	(461, 74, 1, 'pago_bebida', 8.50, '2026-04-19 16:30:00'),
	(462, 74, 1, 'pago_bebida', 25.00, '2026-04-19 23:30:00'),
	(463, 74, 5, 'pago_bebida', 6.00, '2026-04-18 03:30:00'),
	(464, 74, 1, 'pago_bebida', 25.50, '2026-04-19 22:00:00'),
	(465, 74, 2, 'pago_bebida', 18.50, '2026-04-20 19:30:00'),
	(466, 74, 3, 'pago_comida', 8.50, '2026-04-18 00:00:00'),
	(467, 74, 3, 'compra', 13.00, '2026-04-20 01:30:00'),
	(468, 75, 1, 'pago_bebida', 4.50, '2026-04-20 21:30:00'),
	(469, 75, 3, 'compra', 23.00, '2026-04-20 20:30:00'),
	(470, 75, 1, 'recharge', 45.10, '2026-04-18 23:30:00'),
	(471, 75, 4, 'pago_comida', 9.00, '2026-04-20 23:00:00'),
	(472, 75, 3, 'pago_comida', 8.50, '2026-04-20 16:30:00'),
	(473, 75, 4, 'pago_comida', 9.00, '2026-04-18 22:00:00'),
	(474, 75, 1, 'pago_bebida', 4.50, '2026-04-19 16:00:00');

-- TABLA LINEAS_TRANSACCION
INSERT INTO "public"."lineas_transaccion" ("id_linea", "id_transaccion", "id_producto", "cantidad", "precio_unitario") VALUES
	(1, 1, 20, 1, 9.00),
	(2, 1, 24, 1, 5.50),
	(3, 2, 5, 1, 8.00),
	(4, 3, 27, 1, 10.00),
	(5, 3, 30, 1, 3.50),
	(6, 3, 30, 1, 3.50),
	(7, 4, 5, 2, 8.00),
	(8, 4, 7, 1, 4.50),
	(9, 4, 2, 1, 9.00),
	(10, 5, 24, 2, 5.50),
	(11, 5, 25, 1, 2.50),
	(12, 5, 23, 1, 4.50),
	(13, 6, 26, 1, 12.00),
	(14, 7, 21, 1, 6.00),
	(15, 7, 25, 1, 2.50),
	(16, 7, 21, 1, 6.00),
	(17, 8, 15, 1, 8.50),
	(18, 9, 14, 1, 9.50),
	(19, 10, 3, 1, 2.50),
	(20, 10, 4, 2, 3.50),
	(21, 11, 30, 2, 3.50),
	(22, 11, 30, 3, 3.50),
	(23, 12, 2, 2, 9.00),
	(24, 12, 3, 2, 2.50),
	(25, 13, 18, 1, 2.50),
	(26, 14, 2, 1, 9.00),
	(27, 14, 4, 1, 3.50),
	(28, 14, 6, 1, 12.00),
	(29, 15, 7, 1, 4.50),
	(30, 15, 3, 1, 2.50),
	(31, 16, 27, 3, 10.00),
	(32, 17, 19, 2, 3.50),
	(33, 17, 14, 1, 9.50),
	(34, 17, 18, 1, 2.50),
	(35, 18, 17, 1, 4.00),
	(36, 19, 17, 2, 4.00),
	(37, 20, 5, 1, 8.00),
	(38, 20, 3, 1, 2.50),
	(39, 20, 3, 1, 2.50),
	(40, 21, 4, 1, 3.50),
	(41, 22, 1, 1, 4.00),
	(42, 22, 5, 2, 8.00),
	(43, 23, 30, 3, 3.50),
	(44, 23, 26, 1, 12.00),
	(45, 23, 30, 1, 3.50),
	(46, 24, 17, 2, 4.00),
	(47, 25, 14, 1, 9.50),
	(48, 26, 14, 2, 9.50),
	(49, 26, 16, 1, 4.00),
	(50, 26, 16, 1, 4.00),
	(51, 27, 23, 1, 4.50),
	(52, 27, 23, 1, 4.50),
	(53, 28, 20, 1, 9.00),
	(54, 29, 6, 2, 12.00),
	(55, 29, 5, 1, 8.00),
	(56, 31, 2, 2, 9.00),
	(57, 32, 2, 1, 9.00),
	(58, 33, 5, 1, 8.00),
	(59, 33, 1, 1, 4.00),
	(60, 34, 20, 2, 9.00),
	(61, 34, 21, 2, 6.00),
	(62, 35, 2, 1, 9.00),
	(63, 35, 3, 2, 2.50),
	(64, 35, 2, 1, 9.00),
	(65, 36, 4, 1, 3.50),
	(66, 36, 5, 1, 8.00),
	(67, 36, 1, 1, 4.00),
	(68, 37, 27, 1, 10.00),
	(69, 37, 26, 1, 12.00),
	(70, 38, 15, 1, 8.50),
	(71, 38, 16, 1, 4.00),
	(72, 38, 15, 1, 8.50),
	(73, 39, 6, 2, 12.00),
	(74, 39, 5, 1, 8.00),
	(75, 40, 5, 1, 8.00),
	(76, 40, 2, 1, 9.00),
	(77, 41, 4, 1, 3.50),
	(78, 42, 29, 2, 6.00),
	(79, 42, 30, 2, 3.50),
	(80, 42, 27, 1, 10.00),
	(81, 43, 15, 1, 8.50),
	(82, 43, 14, 1, 9.50),
	(83, 43, 16, 1, 4.00),
	(84, 44, 17, 1, 4.00),
	(85, 45, 13, 1, 8.00),
	(86, 45, 11, 1, 5.00),
	(87, 45, 9, 1, 4.00),
	(88, 46, 27, 1, 10.00),
	(89, 46, 29, 2, 6.00),
	(90, 47, 14, 1, 9.50),
	(91, 48, 30, 1, 3.50),
	(92, 49, 28, 1, 90.00),
	(93, 49, 28, 1, 90.00),
	(94, 50, 20, 1, 9.00),
	(95, 50, 25, 1, 2.50),
	(96, 51, 13, 1, 8.00),
	(97, 53, 20, 1, 9.00),
	(98, 53, 21, 1, 6.00),
	(99, 53, 22, 2, 8.50),
	(100, 54, 14, 1, 9.50),
	(101, 54, 18, 1, 2.50),
	(102, 54, 14, 1, 9.50),
	(103, 55, 21, 1, 6.00),
	(104, 55, 21, 2, 6.00),
	(105, 56, 12, 1, 3.50),
	(106, 56, 9, 1, 4.00),
	(107, 57, 25, 2, 2.50),
	(108, 57, 23, 1, 4.50),
	(109, 58, 2, 1, 9.00),
	(110, 59, 27, 1, 10.00),
	(111, 60, 2, 1, 9.00),
	(112, 61, 15, 2, 8.50),
	(113, 61, 17, 1, 4.00),
	(114, 61, 17, 1, 4.00),
	(115, 62, 2, 2, 9.00),
	(116, 62, 4, 1, 3.50),
	(117, 62, 8, 1, 2.00),
	(118, 63, 5, 1, 8.00),
	(119, 63, 5, 1, 8.00),
	(120, 63, 1, 1, 4.00),
	(121, 64, 8, 2, 2.00),
	(122, 64, 4, 1, 3.50),
	(123, 65, 4, 1, 3.50),
	(124, 66, 17, 2, 4.00),
	(125, 66, 14, 1, 9.50),
	(126, 66, 15, 1, 8.50),
	(127, 68, 4, 2, 3.50),
	(128, 68, 4, 3, 3.50),
	(129, 69, 11, 1, 5.00),
	(130, 69, 11, 1, 5.00),
	(131, 70, 3, 1, 2.50),
	(132, 70, 3, 1, 2.50),
	(133, 70, 1, 1, 4.00),
	(134, 71, 19, 1, 3.50),
	(135, 71, 14, 2, 9.50),
	(136, 72, 4, 1, 3.50),
	(137, 72, 4, 1, 3.50),
	(138, 72, 6, 2, 12.00),
	(139, 73, 21, 1, 6.00),
	(140, 73, 25, 1, 2.50),
	(141, 74, 26, 1, 12.00),
	(142, 75, 8, 2, 2.00),
	(143, 75, 4, 2, 3.50),
	(144, 76, 17, 1, 4.00),
	(145, 76, 16, 1, 4.00),
	(146, 77, 19, 1, 3.50),
	(147, 77, 17, 1, 4.00),
	(148, 77, 17, 1, 4.00),
	(149, 79, 2, 1, 9.00),
	(150, 79, 1, 1, 4.00),
	(151, 79, 8, 1, 2.00),
	(152, 80, 16, 1, 4.00),
	(153, 80, 16, 1, 4.00),
	(154, 81, 14, 1, 9.50),
	(155, 82, 18, 2, 2.50),
	(156, 84, 24, 1, 5.50),
	(157, 87, 7, 1, 4.50),
	(158, 88, 16, 1, 4.00),
	(159, 88, 17, 1, 4.00),
	(160, 89, 10, 2, 2.50),
	(161, 89, 10, 1, 2.50),
	(162, 90, 7, 2, 4.50),
	(163, 90, 5, 1, 8.00),
	(164, 90, 3, 1, 2.50),
	(165, 92, 12, 2, 3.50),
	(166, 93, 25, 2, 2.50),
	(167, 93, 20, 2, 9.00),
	(168, 94, 14, 3, 9.50),
	(169, 94, 16, 2, 4.00),
	(170, 94, 15, 1, 8.50),
	(171, 95, 7, 1, 4.50),
	(172, 95, 8, 1, 2.00),
	(173, 96, 12, 1, 3.50),
	(174, 96, 10, 1, 2.50),
	(175, 96, 9, 2, 4.00),
	(176, 97, 3, 1, 2.50),
	(177, 97, 3, 1, 2.50),
	(178, 97, 7, 2, 4.50),
	(179, 98, 26, 1, 12.00),
	(180, 98, 27, 1, 10.00),
	(181, 98, 28, 2, 90.00),
	(182, 99, 16, 2, 4.00),
	(183, 100, 16, 2, 4.00),
	(184, 100, 15, 1, 8.50),
	(185, 100, 15, 1, 8.50),
	(186, 101, 2, 1, 9.00),
	(187, 101, 3, 1, 2.50),
	(188, 103, 30, 1, 3.50),
	(189, 104, 10, 2, 2.50),
	(190, 105, 27, 1, 10.00),
	(191, 105, 30, 1, 3.50),
	(192, 105, 26, 1, 12.00),
	(193, 106, 23, 2, 4.50),
	(194, 107, 23, 1, 4.50),
	(195, 108, 26, 1, 12.00),
	(196, 108, 30, 1, 3.50),
	(197, 108, 28, 3, 90.00),
	(198, 109, 19, 1, 3.50),
	(199, 110, 21, 1, 6.00),
	(200, 110, 21, 1, 6.00),
	(201, 111, 22, 1, 8.50),
	(202, 112, 23, 2, 4.50),
	(203, 112, 24, 1, 5.50),
	(204, 113, 27, 2, 10.00),
	(205, 113, 27, 1, 10.00),
	(206, 114, 14, 2, 9.50),
	(207, 114, 17, 1, 4.00),
	(208, 115, 2, 2, 9.00),
	(209, 115, 1, 2, 4.00),
	(210, 117, 3, 1, 2.50),
	(211, 117, 7, 1, 4.50),
	(212, 117, 2, 2, 9.00),
	(213, 118, 26, 2, 12.00),
	(214, 119, 10, 1, 2.50),
	(215, 119, 9, 1, 4.00),
	(216, 120, 7, 1, 4.50),
	(217, 120, 5, 1, 8.00),
	(218, 121, 2, 1, 9.00),
	(219, 121, 2, 2, 9.00),
	(220, 122, 17, 2, 4.00),
	(221, 122, 16, 1, 4.00),
	(222, 122, 14, 1, 9.50),
	(223, 123, 9, 1, 4.00),
	(224, 124, 27, 1, 10.00),
	(225, 124, 29, 1, 6.00),
	(226, 124, 30, 1, 3.50),
	(227, 125, 11, 1, 5.00),
	(228, 125, 13, 1, 8.00),
	(229, 126, 6, 1, 12.00),
	(230, 127, 2, 1, 9.00),
	(231, 127, 2, 1, 9.00),
	(232, 127, 2, 2, 9.00),
	(233, 128, 6, 1, 12.00),
	(234, 128, 8, 2, 2.00),
	(235, 128, 3, 1, 2.50),
	(236, 129, 29, 1, 6.00),
	(237, 129, 26, 1, 12.00),
	(238, 129, 29, 1, 6.00),
	(239, 130, 25, 2, 2.50),
	(240, 131, 23, 2, 4.50),
	(241, 131, 24, 1, 5.50),
	(242, 131, 23, 1, 4.50),
	(243, 132, 3, 1, 2.50),
	(244, 133, 9, 1, 4.00),
	(245, 133, 9, 1, 4.00),
	(246, 134, 14, 1, 9.50),
	(247, 134, 14, 1, 9.50),
	(248, 135, 15, 1, 8.50),
	(249, 136, 19, 2, 3.50),
	(250, 136, 19, 1, 3.50),
	(251, 136, 17, 1, 4.00),
	(252, 137, 20, 1, 9.00),
	(253, 138, 19, 2, 3.50),
	(254, 138, 18, 1, 2.50),
	(255, 139, 2, 2, 9.00),
	(256, 140, 9, 1, 4.00),
	(257, 141, 11, 1, 5.00),
	(258, 141, 10, 1, 2.50),
	(259, 142, 19, 1, 3.50),
	(260, 142, 17, 1, 4.00),
	(261, 142, 16, 2, 4.00),
	(262, 143, 9, 1, 4.00),
	(263, 144, 20, 1, 9.00),
	(264, 144, 20, 2, 9.00),
	(265, 145, 12, 1, 3.50),
	(266, 146, 17, 1, 4.00),
	(267, 146, 19, 1, 3.50),
	(268, 146, 18, 1, 2.50),
	(269, 147, 11, 1, 5.00),
	(270, 150, 14, 1, 9.50),
	(271, 150, 14, 1, 9.50),
	(272, 150, 17, 1, 4.00),
	(273, 151, 17, 1, 4.00),
	(274, 151, 17, 1, 4.00),
	(275, 151, 18, 2, 2.50),
	(276, 152, 25, 2, 2.50),
	(277, 152, 20, 1, 9.00),
	(278, 152, 24, 1, 5.50),
	(279, 153, 9, 2, 4.00),
	(280, 154, 7, 2, 4.50),
	(281, 155, 3, 1, 2.50),
	(282, 155, 2, 1, 9.00),
	(283, 155, 3, 1, 2.50),
	(284, 156, 7, 1, 4.50),
	(285, 156, 4, 1, 3.50),
	(286, 156, 5, 2, 8.00),
	(287, 157, 16, 1, 4.00),
	(288, 157, 17, 1, 4.00),
	(289, 158, 27, 2, 10.00),
	(290, 159, 16, 1, 4.00),
	(291, 159, 17, 1, 4.00),
	(292, 159, 16, 1, 4.00),
	(293, 160, 21, 2, 6.00),
	(294, 160, 25, 2, 2.50),
	(295, 160, 23, 2, 4.50),
	(296, 161, 1, 1, 4.00),
	(297, 161, 5, 1, 8.00),
	(298, 163, 3, 1, 2.50),
	(299, 163, 7, 1, 4.50),
	(300, 163, 3, 1, 2.50),
	(301, 164, 14, 1, 9.50),
	(302, 165, 30, 2, 3.50),
	(303, 165, 27, 2, 10.00),
	(304, 165, 30, 1, 3.50),
	(305, 166, 30, 3, 3.50),
	(306, 166, 26, 1, 12.00),
	(307, 166, 26, 1, 12.00),
	(308, 167, 11, 1, 5.00),
	(309, 167, 13, 2, 8.00),
	(310, 167, 9, 1, 4.00),
	(311, 168, 17, 1, 4.00),
	(312, 168, 18, 3, 2.50),
	(313, 171, 4, 1, 3.50),
	(314, 171, 3, 2, 2.50),
	(315, 171, 3, 1, 2.50),
	(316, 172, 25, 1, 2.50),
	(317, 172, 22, 2, 8.50),
	(318, 172, 21, 2, 6.00),
	(319, 173, 29, 1, 6.00),
	(320, 173, 27, 1, 10.00),
	(321, 174, 1, 1, 4.00),
	(322, 174, 1, 1, 4.00),
	(323, 174, 1, 2, 4.00),
	(324, 175, 26, 1, 12.00),
	(325, 175, 27, 1, 10.00),
	(326, 176, 3, 1, 2.50),
	(327, 176, 1, 1, 4.00),
	(328, 177, 17, 2, 4.00),
	(329, 177, 15, 2, 8.50),
	(330, 178, 25, 1, 2.50),
	(331, 179, 14, 1, 9.50),
	(332, 181, 14, 1, 9.50),
	(333, 182, 26, 1, 12.00),
	(334, 182, 30, 1, 3.50),
	(335, 183, 19, 3, 3.50),
	(336, 184, 26, 1, 12.00),
	(337, 184, 26, 1, 12.00),
	(338, 185, 24, 2, 5.50),
	(339, 185, 25, 2, 2.50),
	(340, 186, 18, 1, 2.50),
	(341, 186, 15, 1, 8.50),
	(342, 187, 10, 1, 2.50),
	(343, 188, 26, 1, 12.00),
	(344, 189, 17, 2, 4.00),
	(345, 189, 18, 1, 2.50),
	(346, 190, 19, 3, 3.50),
	(347, 191, 1, 1, 4.00),
	(348, 191, 7, 2, 4.50),
	(349, 191, 1, 1, 4.00),
	(350, 192, 30, 2, 3.50),
	(351, 192, 28, 1, 90.00),
	(352, 192, 30, 2, 3.50),
	(353, 193, 10, 2, 2.50),
	(354, 195, 10, 1, 2.50),
	(355, 195, 10, 1, 2.50),
	(356, 196, 26, 1, 12.00),
	(357, 196, 27, 1, 10.00),
	(358, 196, 28, 2, 90.00),
	(359, 197, 25, 1, 2.50),
	(360, 198, 15, 2, 8.50),
	(361, 199, 4, 1, 3.50),
	(362, 200, 3, 1, 2.50),
	(363, 200, 2, 1, 9.00),
	(364, 201, 9, 1, 4.00),
	(365, 201, 12, 1, 3.50),
	(366, 201, 9, 1, 4.00),
	(367, 202, 26, 2, 12.00),
	(368, 202, 30, 1, 3.50),
	(369, 203, 14, 2, 9.50),
	(370, 204, 27, 1, 10.00),
	(371, 206, 30, 1, 3.50),
	(372, 207, 23, 1, 4.50),
	(373, 208, 1, 1, 4.00),
	(374, 208, 2, 1, 9.00),
	(375, 209, 2, 1, 9.00),
	(376, 210, 17, 1, 4.00),
	(377, 210, 17, 1, 4.00),
	(378, 211, 27, 2, 10.00),
	(379, 212, 5, 2, 8.00),
	(380, 212, 3, 2, 2.50),
	(381, 212, 7, 1, 4.50),
	(382, 213, 15, 1, 8.50),
	(383, 213, 16, 1, 4.00),
	(384, 213, 16, 1, 4.00),
	(385, 214, 11, 2, 5.00),
	(386, 214, 10, 2, 2.50),
	(387, 214, 13, 2, 8.00),
	(388, 215, 1, 1, 4.00),
	(389, 215, 5, 1, 8.00),
	(390, 216, 30, 1, 3.50),
	(391, 217, 25, 1, 2.50),
	(392, 218, 17, 1, 4.00),
	(393, 218, 17, 1, 4.00),
	(394, 218, 17, 1, 4.00),
	(395, 219, 5, 1, 8.00),
	(396, 219, 5, 1, 8.00),
	(397, 219, 2, 1, 9.00),
	(398, 220, 19, 1, 3.50),
	(399, 220, 19, 1, 3.50),
	(400, 221, 19, 1, 3.50),
	(401, 221, 17, 1, 4.00),
	(402, 222, 18, 1, 2.50),
	(403, 222, 14, 1, 9.50),
	(404, 222, 14, 1, 9.50),
	(405, 223, 4, 1, 3.50),
	(406, 224, 28, 1, 90.00),
	(407, 224, 27, 1, 10.00),
	(408, 224, 30, 1, 3.50),
	(409, 225, 1, 2, 4.00),
	(410, 225, 6, 1, 12.00),
	(411, 226, 6, 1, 12.00),
	(412, 229, 25, 1, 2.50),
	(413, 230, 18, 1, 2.50),
	(414, 231, 5, 2, 8.00),
	(415, 232, 21, 1, 6.00),
	(416, 233, 26, 2, 12.00),
	(417, 233, 26, 1, 12.00),
	(418, 233, 26, 1, 12.00),
	(419, 234, 5, 2, 8.00),
	(420, 234, 8, 3, 2.00),
	(421, 234, 7, 1, 4.50),
	(422, 235, 4, 1, 3.50),
	(423, 235, 3, 1, 2.50),
	(424, 236, 27, 1, 10.00),
	(425, 236, 27, 1, 10.00),
	(426, 237, 29, 1, 6.00),
	(427, 237, 30, 1, 3.50),
	(428, 238, 29, 1, 6.00),
	(429, 238, 26, 2, 12.00),
	(430, 239, 20, 2, 9.00),
	(431, 239, 20, 1, 9.00),
	(432, 240, 17, 2, 4.00),
	(433, 240, 15, 1, 8.50),
	(434, 241, 27, 1, 10.00),
	(435, 241, 26, 1, 12.00),
	(436, 242, 3, 1, 2.50),
	(437, 242, 1, 1, 4.00),
	(438, 242, 1, 2, 4.00),
	(439, 243, 17, 1, 4.00),
	(440, 244, 5, 1, 8.00),
	(441, 245, 16, 2, 4.00),
	(442, 245, 18, 1, 2.50),
	(443, 246, 27, 1, 10.00),
	(444, 247, 9, 2, 4.00),
	(445, 247, 11, 2, 5.00),
	(446, 247, 11, 1, 5.00),
	(447, 248, 1, 1, 4.00),
	(448, 249, 10, 1, 2.50),
	(449, 249, 10, 1, 2.50),
	(450, 249, 9, 1, 4.00),
	(451, 250, 6, 2, 12.00),
	(452, 250, 3, 1, 2.50),
	(453, 251, 18, 1, 2.50),
	(454, 252, 9, 2, 4.00),
	(455, 252, 11, 1, 5.00),
	(456, 252, 11, 1, 5.00),
	(457, 254, 2, 1, 9.00),
	(458, 254, 2, 3, 9.00),
	(459, 257, 5, 2, 8.00),
	(460, 258, 7, 2, 4.50),
	(461, 258, 4, 1, 3.50),
	(462, 258, 3, 1, 2.50),
	(463, 260, 25, 1, 2.50),
	(464, 261, 14, 1, 9.50),
	(465, 261, 19, 1, 3.50),
	(466, 262, 5, 1, 8.00),
	(467, 263, 14, 1, 9.50),
	(468, 263, 17, 2, 4.00),
	(469, 263, 17, 1, 4.00),
	(470, 264, 15, 1, 8.50),
	(471, 264, 15, 2, 8.50),
	(472, 265, 3, 1, 2.50),
	(473, 265, 2, 1, 9.00),
	(474, 265, 1, 2, 4.00),
	(475, 267, 27, 1, 10.00),
	(476, 267, 30, 1, 3.50),
	(477, 267, 26, 3, 12.00),
	(478, 268, 5, 1, 8.00),
	(479, 268, 7, 1, 4.50),
	(480, 269, 29, 1, 6.00),
	(481, 269, 26, 1, 12.00),
	(482, 269, 27, 2, 10.00),
	(483, 270, 1, 3, 4.00),
	(484, 270, 2, 1, 9.00),
	(485, 271, 10, 1, 2.50),
	(486, 271, 11, 1, 5.00),
	(487, 271, 9, 2, 4.00),
	(488, 272, 5, 2, 8.00),
	(489, 272, 2, 1, 9.00),
	(490, 273, 7, 1, 4.50),
	(491, 274, 27, 3, 10.00),
	(492, 274, 26, 1, 12.00),
	(493, 275, 30, 1, 3.50),
	(494, 275, 30, 1, 3.50),
	(495, 275, 27, 1, 10.00),
	(496, 276, 27, 3, 10.00),
	(497, 277, 29, 1, 6.00),
	(498, 278, 2, 3, 9.00),
	(499, 282, 18, 1, 2.50),
	(500, 282, 16, 2, 4.00),
	(501, 283, 14, 1, 9.50),
	(502, 284, 1, 1, 4.00),
	(503, 285, 18, 2, 2.50),
	(504, 286, 4, 1, 3.50),
	(505, 287, 29, 1, 6.00),
	(506, 287, 27, 1, 10.00),
	(507, 287, 27, 3, 10.00),
	(508, 288, 1, 2, 4.00),
	(509, 289, 1, 3, 4.00),
	(510, 290, 21, 1, 6.00),
	(511, 290, 23, 2, 4.50),
	(512, 290, 20, 1, 9.00),
	(513, 291, 2, 1, 9.00),
	(514, 293, 5, 1, 8.00),
	(515, 294, 5, 1, 8.00),
	(516, 294, 3, 1, 2.50),
	(517, 295, 19, 1, 3.50),
	(518, 296, 30, 1, 3.50),
	(519, 296, 29, 1, 6.00),
	(520, 296, 29, 1, 6.00),
	(521, 297, 30, 1, 3.50),
	(522, 298, 18, 1, 2.50),
	(523, 298, 16, 1, 4.00),
	(524, 299, 18, 1, 2.50),
	(525, 300, 15, 1, 8.50),
	(526, 301, 5, 1, 8.00),
	(527, 301, 4, 2, 3.50),
	(528, 302, 12, 1, 3.50),
	(529, 302, 13, 1, 8.00),
	(530, 303, 5, 1, 8.00),
	(531, 303, 4, 2, 3.50),
	(532, 303, 3, 2, 2.50),
	(533, 304, 6, 1, 12.00),
	(534, 304, 6, 1, 12.00),
	(535, 305, 11, 1, 5.00),
	(536, 305, 11, 1, 5.00),
	(537, 306, 2, 1, 9.00),
	(538, 306, 5, 3, 8.00),
	(539, 307, 17, 1, 4.00),
	(540, 308, 7, 1, 4.50),
	(541, 309, 25, 1, 2.50),
	(542, 310, 25, 1, 2.50),
	(543, 311, 29, 1, 6.00),
	(544, 311, 26, 1, 12.00),
	(545, 314, 10, 1, 2.50),
	(546, 314, 13, 1, 8.00),
	(547, 314, 12, 1, 3.50),
	(548, 315, 14, 1, 9.50),
	(549, 315, 16, 3, 4.00),
	(550, 315, 19, 1, 3.50),
	(551, 316, 15, 1, 8.50),
	(552, 316, 19, 2, 3.50),
	(553, 317, 26, 1, 12.00),
	(554, 317, 29, 1, 6.00),
	(555, 318, 25, 2, 2.50),
	(556, 318, 24, 1, 5.50),
	(557, 318, 25, 2, 2.50),
	(558, 319, 17, 1, 4.00),
	(559, 319, 16, 2, 4.00),
	(560, 319, 14, 2, 9.50),
	(561, 320, 7, 1, 4.50),
	(562, 320, 6, 1, 12.00),
	(563, 320, 4, 1, 3.50),
	(564, 321, 5, 1, 8.00),
	(565, 321, 5, 1, 8.00),
	(566, 322, 23, 2, 4.50),
	(567, 323, 15, 1, 8.50),
	(568, 323, 18, 1, 2.50),
	(569, 323, 15, 1, 8.50),
	(570, 324, 19, 1, 3.50),
	(571, 324, 18, 1, 2.50),
	(572, 324, 18, 2, 2.50),
	(573, 325, 29, 1, 6.00),
	(574, 325, 26, 1, 12.00),
	(575, 326, 18, 1, 2.50),
	(576, 327, 14, 1, 9.50),
	(577, 328, 7, 2, 4.50),
	(578, 328, 5, 1, 8.00),
	(579, 329, 21, 1, 6.00),
	(580, 330, 26, 1, 12.00),
	(581, 331, 25, 1, 2.50),
	(582, 331, 21, 1, 6.00),
	(583, 332, 9, 1, 4.00),
	(584, 333, 3, 2, 2.50),
	(585, 333, 7, 1, 4.50),
	(586, 333, 4, 2, 3.50),
	(587, 334, 18, 1, 2.50),
	(588, 334, 16, 1, 4.00),
	(589, 334, 15, 1, 8.50),
	(590, 335, 2, 1, 9.00),
	(591, 335, 7, 1, 4.50),
	(592, 336, 3, 2, 2.50),
	(593, 337, 6, 3, 12.00),
	(594, 337, 2, 1, 9.00),
	(595, 337, 8, 2, 2.00),
	(596, 338, 20, 1, 9.00),
	(597, 338, 20, 1, 9.00),
	(598, 338, 23, 1, 4.50),
	(599, 339, 17, 1, 4.00),
	(600, 339, 15, 1, 8.50),
	(601, 339, 14, 1, 9.50),
	(602, 340, 4, 1, 3.50),
	(603, 340, 3, 1, 2.50),
	(604, 341, 6, 2, 12.00),
	(605, 341, 1, 1, 4.00),
	(606, 341, 2, 1, 9.00),
	(607, 342, 25, 1, 2.50),
	(608, 342, 21, 1, 6.00),
	(609, 342, 24, 1, 5.50),
	(610, 343, 19, 1, 3.50),
	(611, 345, 1, 2, 4.00),
	(612, 346, 27, 1, 10.00),
	(613, 347, 22, 1, 8.50),
	(614, 347, 20, 1, 9.00),
	(615, 349, 20, 2, 9.00),
	(616, 349, 20, 2, 9.00),
	(617, 350, 19, 1, 3.50),
	(618, 350, 18, 1, 2.50),
	(619, 350, 15, 1, 8.50),
	(620, 351, 29, 1, 6.00),
	(621, 352, 10, 1, 2.50),
	(622, 353, 23, 1, 4.50),
	(623, 353, 20, 1, 9.00),
	(624, 354, 5, 1, 8.00),
	(625, 354, 7, 1, 4.50),
	(626, 355, 9, 1, 4.00),
	(627, 355, 13, 1, 8.00),
	(628, 355, 13, 1, 8.00),
	(629, 357, 4, 1, 3.50),
	(630, 359, 12, 3, 3.50),
	(631, 359, 11, 1, 5.00),
	(632, 359, 12, 1, 3.50),
	(633, 360, 5, 1, 8.00),
	(634, 360, 2, 1, 9.00),
	(635, 360, 5, 1, 8.00),
	(636, 361, 16, 1, 4.00),
	(637, 362, 27, 1, 10.00),
	(638, 362, 26, 1, 12.00),
	(639, 363, 24, 1, 5.50),
	(640, 364, 2, 2, 9.00),
	(641, 365, 5, 1, 8.00),
	(642, 365, 5, 2, 8.00),
	(643, 366, 26, 1, 12.00),
	(644, 367, 4, 1, 3.50),
	(645, 368, 14, 1, 9.50),
	(646, 368, 19, 1, 3.50),
	(647, 369, 7, 1, 4.50),
	(648, 369, 3, 1, 2.50),
	(649, 369, 1, 2, 4.00),
	(650, 370, 17, 1, 4.00),
	(651, 370, 19, 1, 3.50),
	(652, 371, 9, 1, 4.00),
	(653, 372, 19, 1, 3.50),
	(654, 373, 14, 1, 9.50),
	(655, 374, 27, 1, 10.00),
	(656, 375, 1, 1, 4.00),
	(657, 375, 1, 1, 4.00),
	(658, 375, 8, 3, 2.00),
	(659, 376, 2, 2, 9.00),
	(660, 376, 2, 1, 9.00),
	(661, 376, 1, 1, 4.00),
	(662, 377, 20, 1, 9.00),
	(663, 378, 8, 1, 2.00),
	(664, 379, 29, 1, 6.00),
	(665, 379, 30, 1, 3.50),
	(666, 379, 26, 1, 12.00),
	(667, 380, 4, 1, 3.50),
	(668, 381, 20, 1, 9.00),
	(669, 382, 12, 1, 3.50),
	(670, 382, 10, 1, 2.50),
	(671, 382, 9, 1, 4.00),
	(672, 383, 1, 1, 4.00),
	(673, 384, 10, 1, 2.50),
	(674, 384, 10, 1, 2.50),
	(675, 385, 2, 1, 9.00),
	(676, 386, 1, 1, 4.00),
	(677, 386, 5, 1, 8.00),
	(678, 386, 4, 1, 3.50),
	(679, 387, 16, 3, 4.00),
	(680, 388, 27, 1, 10.00),
	(681, 388, 26, 1, 12.00),
	(682, 389, 27, 1, 10.00),
	(683, 389, 30, 1, 3.50),
	(684, 390, 3, 1, 2.50),
	(685, 390, 5, 1, 8.00),
	(686, 391, 5, 1, 8.00),
	(687, 392, 30, 2, 3.50),
	(688, 392, 28, 1, 90.00),
	(689, 392, 26, 2, 12.00),
	(690, 393, 17, 1, 4.00),
	(691, 393, 18, 1, 2.50),
	(692, 394, 7, 1, 4.50),
	(693, 394, 8, 1, 2.00),
	(694, 395, 14, 1, 9.50),
	(695, 395, 17, 2, 4.00),
	(696, 395, 18, 1, 2.50),
	(697, 396, 16, 1, 4.00),
	(698, 396, 19, 1, 3.50),
	(699, 396, 14, 1, 9.50),
	(700, 398, 3, 1, 2.50),
	(701, 398, 3, 1, 2.50),
	(702, 398, 3, 1, 2.50),
	(703, 399, 21, 1, 6.00),
	(704, 399, 25, 1, 2.50),
	(705, 400, 1, 1, 4.00),
	(706, 400, 1, 2, 4.00),
	(707, 400, 2, 1, 9.00),
	(708, 401, 3, 1, 2.50),
	(709, 401, 2, 1, 9.00),
	(710, 402, 4, 1, 3.50),
	(711, 403, 15, 1, 8.50),
	(712, 404, 24, 1, 5.50),
	(713, 404, 24, 1, 5.50),
	(714, 404, 21, 1, 6.00),
	(715, 405, 8, 1, 2.00),
	(716, 405, 1, 2, 4.00),
	(717, 405, 5, 1, 8.00),
	(718, 406, 27, 1, 10.00),
	(719, 407, 2, 1, 9.00),
	(720, 407, 2, 2, 9.00),
	(721, 408, 10, 2, 2.50),
	(722, 409, 17, 1, 4.00),
	(723, 411, 5, 1, 8.00),
	(724, 412, 16, 1, 4.00),
	(725, 412, 19, 1, 3.50),
	(726, 413, 1, 2, 4.00),
	(727, 414, 29, 2, 6.00),
	(728, 415, 14, 2, 9.50),
	(729, 416, 16, 1, 4.00),
	(730, 417, 1, 1, 4.00),
	(731, 417, 5, 1, 8.00),
	(732, 418, 19, 1, 3.50),
	(733, 418, 14, 1, 9.50),
	(734, 418, 15, 1, 8.50),
	(735, 419, 30, 2, 3.50),
	(736, 420, 1, 1, 4.00),
	(737, 421, 7, 1, 4.50),
	(738, 421, 2, 1, 9.00),
	(739, 422, 1, 1, 4.00),
	(740, 422, 4, 1, 3.50),
	(741, 422, 7, 2, 4.50),
	(742, 423, 16, 2, 4.00),
	(743, 423, 15, 1, 8.50),
	(744, 423, 19, 1, 3.50),
	(745, 424, 18, 2, 2.50),
	(746, 424, 17, 1, 4.00),
	(747, 424, 17, 1, 4.00),
	(748, 425, 3, 1, 2.50),
	(749, 425, 5, 2, 8.00),
	(750, 426, 18, 1, 2.50),
	(751, 426, 15, 2, 8.50),
	(752, 426, 19, 1, 3.50),
	(753, 427, 3, 2, 2.50),
	(754, 427, 2, 2, 9.00),
	(755, 427, 2, 1, 9.00),
	(756, 429, 8, 1, 2.00),
	(757, 429, 3, 1, 2.50),
	(758, 429, 4, 1, 3.50),
	(759, 430, 9, 1, 4.00),
	(760, 430, 12, 1, 3.50),
	(761, 430, 10, 1, 2.50),
	(762, 432, 16, 1, 4.00),
	(763, 433, 1, 1, 4.00),
	(764, 434, 17, 1, 4.00),
	(765, 434, 17, 2, 4.00),
	(766, 435, 6, 1, 12.00),
	(767, 436, 3, 2, 2.50),
	(768, 436, 3, 2, 2.50),
	(769, 436, 5, 1, 8.00),
	(770, 438, 29, 1, 6.00),
	(771, 438, 30, 1, 3.50),
	(772, 439, 4, 1, 3.50),
	(773, 441, 13, 1, 8.00),
	(774, 441, 11, 1, 5.00),
	(775, 441, 10, 1, 2.50),
	(776, 442, 10, 2, 2.50),
	(777, 443, 23, 2, 4.50),
	(778, 444, 21, 1, 6.00),
	(779, 444, 22, 1, 8.50),
	(780, 445, 3, 1, 2.50),
	(781, 447, 5, 1, 8.00),
	(782, 447, 3, 2, 2.50),
	(783, 448, 20, 3, 9.00),
	(784, 448, 24, 1, 5.50),
	(785, 448, 25, 2, 2.50),
	(786, 449, 25, 1, 2.50),
	(787, 450, 17, 1, 4.00),
	(788, 450, 18, 1, 2.50),
	(789, 451, 6, 3, 12.00),
	(790, 451, 3, 1, 2.50),
	(791, 453, 14, 1, 9.50),
	(792, 453, 18, 1, 2.50),
	(793, 454, 9, 1, 4.00),
	(794, 455, 15, 1, 8.50),
	(795, 456, 10, 1, 2.50),
	(796, 457, 24, 2, 5.50),
	(797, 457, 21, 2, 6.00),
	(798, 457, 22, 1, 8.50),
	(799, 458, 3, 1, 2.50),
	(800, 458, 2, 1, 9.00),
	(801, 459, 15, 1, 8.50),
	(802, 460, 29, 1, 6.00),
	(803, 460, 30, 2, 3.50),
	(804, 461, 7, 1, 4.50),
	(805, 461, 1, 1, 4.00),
	(806, 462, 5, 1, 8.00),
	(807, 462, 1, 2, 4.00),
	(808, 462, 2, 1, 9.00),
	(809, 463, 29, 1, 6.00),
	(810, 464, 5, 1, 8.00),
	(811, 464, 4, 3, 3.50),
	(812, 464, 4, 2, 3.50),
	(813, 465, 13, 1, 8.00),
	(814, 465, 13, 1, 8.00),
	(815, 465, 10, 1, 2.50),
	(816, 466, 15, 1, 8.50),
	(817, 467, 14, 1, 9.50),
	(818, 467, 19, 1, 3.50),
	(819, 468, 7, 1, 4.50),
	(820, 469, 17, 1, 4.00),
	(821, 469, 14, 1, 9.50),
	(822, 469, 14, 1, 9.50),
	(823, 471, 20, 1, 9.00),
	(824, 472, 15, 1, 8.50),
	(825, 473, 20, 1, 9.00),
	(826, 474, 7, 1, 4.50);

