DELETE FROM "public"."lineas_transaccion";
DELETE FROM "public"."transacciones";
DELETE FROM "public"."wallet";
DELETE FROM "public"."usuario";
DELETE FROM "public"."asignaciones_camareros";
DELETE FROM "public"."camareros";
DELETE FROM "public"."productos";
DELETE FROM "public"."barras";

-- TABLA BARRAS
INSERT INTO "public"."barras" ("id_barra", "nombre_localizacion", "estado_cola") VALUES
	(1, 'Barra Escenario Principal', 'alta'),
	(2, 'Barra Escenario Indie', 'baja'),
	(3, 'Food Truck Hamburguesas', 'media'),
	(4, 'Food Truck Vegano', 'baja'),
	(5, 'Barra Zona VIP', 'baja');

-- TABLA CAMAREROS
INSERT INTO "public"."camareros" ("id_camarero", "nombre", "apellidos", "activo", "id_barra_actual") VALUES
	(1, 'Jorge', 'Delgado', true, 1),
	(2, 'Lucía', 'Vázquez', true, 2),
	(3, 'Sara', 'Fernández', true, 1),
	(4, 'Javier', 'Ortega', true, 1),
	(5, 'David', 'Alonso', true, 1),
	(6, 'Paula', 'Romero', true, 3),
	(7, 'Pablo', 'Gil', true, 1),
	(8, 'Álvaro', 'Ortega', true, 1),
	(9, 'Julia', 'Muñoz', true, 3),
	(10, 'Mario', 'Fernández', true, 4),
	(11, 'Alejandro', 'García', true, 5),
	(12, 'Alba', 'Molina', true, 1),
	(13, 'Marta', 'Romero', true, 1),
	(14, 'Mario', 'Gil', true, 3),
	(15, 'Jorge', 'Alonso', true, 2),
	(16, 'Marcos', 'Gutiérrez', true, 5),
	(17, 'María', 'Vázquez', true, 1),
	(18, 'Lucía', 'Vázquez', true, 1),
	(19, 'Claudia', 'Navarro', true, 2),
	(20, 'Jorge', 'Suárez', true, 2);

-- TABLA ASIGNACIONES_CAMAREROS
INSERT INTO "public"."asignaciones_camareros" ("id_asignacion", "id_camarero", "id_barra", "fecha_inicio", "fecha_fin", "horas_imputadas") VALUES
	(1, 1, 1, '2026-04-19 07:00:00', '2026-04-19 16:00:00', 9.00),
	(2, 1, 5, '2026-04-20 04:00:00', '2026-04-20 11:30:00', 7.50),
	(3, 1, 1, '2026-04-20 11:30:00', '2026-04-20 16:00:00', 4.50),
	(4, 1, 1, '2026-04-21 04:00:00', '2026-04-21 05:30:00', 1.50),
	(5, 1, 1, '2026-04-21 05:30:00', '2026-04-21 11:00:00', 5.50),
	(6, 1, 1, '2026-04-21 11:00:00', NULL, NULL),
	(7, 2, 1, '2026-04-19 04:00:00', '2026-04-19 09:00:00', 5.00),
	(8, 2, 3, '2026-04-19 09:00:00', '2026-04-19 16:00:00', 7.00),
	(9, 2, 2, '2026-04-20 04:00:00', '2026-04-20 16:00:00', 12.00),
	(10, 2, 1, '2026-04-21 04:00:00', '2026-04-21 08:00:00', 4.00),
	(11, 2, 2, '2026-04-21 08:00:00', NULL, NULL),
	(12, 3, 4, '2026-04-19 04:30:00', '2026-04-19 16:00:00', 11.50),
	(13, 3, 1, '2026-04-20 06:30:00', '2026-04-20 16:00:00', 9.50),
	(14, 3, 3, '2026-04-21 04:00:00', '2026-04-21 05:30:00', 1.50),
	(15, 3, 1, '2026-04-21 05:30:00', NULL, NULL),
	(16, 4, 5, '2026-04-19 08:00:00', '2026-04-19 09:00:00', 1.00),
	(17, 4, 1, '2026-04-19 09:00:00', '2026-04-19 16:00:00', 7.00),
	(18, 4, 1, '2026-04-20 04:00:00', '2026-04-20 16:00:00', 12.00),
	(19, 4, 1, '2026-04-21 04:00:00', NULL, NULL),
	(20, 5, 4, '2026-04-19 07:30:00', '2026-04-19 16:00:00', 8.50),
	(21, 5, 1, '2026-04-20 04:00:00', '2026-04-20 16:00:00', 12.00),
	(22, 5, 1, '2026-04-21 04:00:00', NULL, NULL),
	(23, 6, 5, '2026-04-19 04:00:00', '2026-04-19 16:00:00', 12.00),
	(24, 6, 1, '2026-04-19 16:00:00', '2026-04-19 16:00:00', 0.00),
	(25, 6, 1, '2026-04-19 16:00:00', '2026-04-19 16:00:00', 0.00),
	(26, 6, 1, '2026-04-19 16:00:00', '2026-04-19 16:00:00', 0.00),
	(27, 6, 2, '2026-04-20 04:00:00', '2026-04-20 14:00:00', 10.00),
	(28, 6, 3, '2026-04-20 14:00:00', '2026-04-20 16:00:00', 2.00),
	(29, 6, 3, '2026-04-21 04:00:00', NULL, NULL),
	(30, 7, 5, '2026-04-19 04:00:00', '2026-04-19 07:30:00', 3.50),
	(31, 7, 3, '2026-04-19 07:30:00', '2026-04-19 16:00:00', 8.50),
	(32, 7, 1, '2026-04-20 04:00:00', '2026-04-20 16:00:00', 12.00),
	(33, 7, 1, '2026-04-21 04:00:00', NULL, NULL),
	(34, 8, 4, '2026-04-19 04:00:00', '2026-04-19 13:30:00', 9.50),
	(35, 8, 3, '2026-04-19 13:30:00', '2026-04-19 16:00:00', 2.50),
	(36, 8, 1, '2026-04-20 05:30:00', '2026-04-20 16:00:00', 10.50),
	(37, 8, 1, '2026-04-21 06:00:00', NULL, NULL),
	(38, 9, 1, '2026-04-19 06:30:00', '2026-04-19 12:00:00', 5.50),
	(39, 9, 1, '2026-04-19 12:00:00', '2026-04-19 12:00:00', 0.00),
	(40, 9, 1, '2026-04-19 12:00:00', '2026-04-19 16:00:00', 4.00),
	(41, 9, 3, '2026-04-20 04:30:00', '2026-04-20 16:00:00', 11.50),
	(42, 9, 3, '2026-04-21 04:00:00', NULL, NULL),
	(43, 10, 1, '2026-04-19 04:00:00', '2026-04-19 16:00:00', 12.00),
	(44, 10, 4, '2026-04-20 04:00:00', '2026-04-20 16:00:00', 12.00),
	(45, 10, 4, '2026-04-21 04:00:00', NULL, NULL),
	(46, 11, 3, '2026-04-19 04:00:00', '2026-04-19 16:00:00', 12.00),
	(47, 11, 2, '2026-04-20 04:00:00', '2026-04-20 13:00:00', 9.00),
	(48, 11, 5, '2026-04-20 13:00:00', '2026-04-20 16:00:00', 3.00),
	(49, 11, 5, '2026-04-21 04:00:00', NULL, NULL),
	(50, 12, 1, '2026-04-19 05:00:00', '2026-04-19 16:00:00', 11.00),
	(51, 12, 1, '2026-04-20 04:00:00', '2026-04-20 16:00:00', 12.00),
	(52, 12, 1, '2026-04-21 05:30:00', NULL, NULL),
	(53, 13, 2, '2026-04-19 04:00:00', '2026-04-19 16:00:00', 12.00),
	(54, 13, 5, '2026-04-20 04:00:00', '2026-04-20 04:30:00', 0.50),
	(55, 13, 1, '2026-04-20 04:30:00', '2026-04-20 16:00:00', 11.50),
	(56, 13, 1, '2026-04-21 04:00:00', NULL, NULL),
	(57, 14, 1, '2026-04-19 04:00:00', '2026-04-19 13:00:00', 9.00),
	(58, 14, 1, '2026-04-19 13:00:00', '2026-04-19 14:00:00', 1.00),
	(59, 14, 4, '2026-04-19 14:00:00', '2026-04-19 16:00:00', 2.00),
	(60, 14, 3, '2026-04-20 04:00:00', '2026-04-20 16:00:00', 12.00),
	(61, 14, 2, '2026-04-21 08:00:00', '2026-04-21 11:00:00', 3.00),
	(62, 14, 3, '2026-04-21 11:00:00', '2026-04-21 11:30:00', 0.50),
	(63, 14, 3, '2026-04-21 11:30:00', NULL, NULL),
	(64, 15, 5, '2026-04-19 04:00:00', '2026-04-19 16:00:00', 12.00),
	(65, 15, 2, '2026-04-20 04:00:00', '2026-04-20 16:00:00', 12.00),
	(66, 15, 2, '2026-04-21 04:00:00', NULL, NULL),
	(67, 16, 4, '2026-04-19 04:00:00', '2026-04-19 16:00:00', 12.00),
	(68, 16, 4, '2026-04-20 04:00:00', '2026-04-20 08:00:00', 4.00),
	(69, 16, 4, '2026-04-20 08:00:00', '2026-04-20 16:00:00', 8.00),
	(70, 16, 5, '2026-04-20 16:00:00', '2026-04-20 16:00:00', 0.00),
	(71, 16, 5, '2026-04-21 04:00:00', NULL, NULL),
	(72, 17, 1, '2026-04-19 06:30:00', '2026-04-19 16:00:00', 9.50),
	(73, 17, 1, '2026-04-20 07:00:00', '2026-04-20 16:00:00', 9.00),
	(74, 17, 1, '2026-04-21 04:00:00', NULL, NULL),
	(75, 18, 5, '2026-04-19 04:00:00', '2026-04-19 16:00:00', 12.00),
	(76, 18, 1, '2026-04-20 04:00:00', '2026-04-20 08:30:00', 4.50),
	(77, 18, 1, '2026-04-20 08:30:00', '2026-04-20 16:00:00', 7.50),
	(78, 18, 3, '2026-04-21 04:00:00', '2026-04-21 07:30:00', 3.50),
	(79, 18, 1, '2026-04-21 07:30:00', NULL, NULL),
	(80, 19, 1, '2026-04-19 06:30:00', '2026-04-19 16:00:00', 9.50),
	(81, 19, 2, '2026-04-20 06:00:00', '2026-04-20 16:00:00', 10.00),
	(82, 19, 2, '2026-04-21 04:00:00', NULL, NULL),
	(83, 20, 5, '2026-04-19 04:00:00', '2026-04-19 16:00:00', 12.00),
	(84, 20, 2, '2026-04-20 05:30:00', '2026-04-20 16:00:00', 10.50),
	(85, 20, 5, '2026-04-21 05:30:00', '2026-04-21 07:30:00', 2.00),
	(86, 20, 3, '2026-04-21 07:30:00', '2026-04-21 10:00:00', 2.50),
	(87, 20, 2, '2026-04-21 10:00:00', NULL, NULL);

-- TABLA PRODUCTOS
INSERT INTO "public"."productos" ("id_producto", "id_barra", "nombre", "precio", "categoria") VALUES
	(1, 1, 'Cerveza (Caña)', 4.00, 'bebida'),
	(2, 1, 'Cerveza (Litro)', 9.00, 'bebida'),
	(3, 1, 'Agua', 2.50, 'bebida'),
	(4, 1, 'Refresco', 3.50, 'bebida'),
	(5, 1, 'Copa Nacional', 8.00, 'bebida'),
	(6, 1, 'Copa Premium', 12.00, 'bebida'),
	(7, 1, 'Bebida Energética', 4.50, 'bebida'),
	(8, 1, 'Snack Salado', 2.00, 'comida'),
	(9, 2, 'Cerveza (Caña)', 4.00, 'bebida'),
	(10, 2, 'Agua', 2.50, 'bebida'),
	(11, 2, 'Tinto de Verano', 5.00, 'bebida'),
	(12, 2, 'Refresco', 3.50, 'bebida'),
	(13, 2, 'Copa Nacional', 8.00, 'bebida'),
	(14, 3, 'Doble Smash', 9.50, 'comida'),
	(15, 3, 'Burger Pollo Crujiente', 8.50, 'comida'),
	(16, 3, 'Patatas Fritas', 4.00, 'comida'),
	(17, 3, 'Cerveza (Caña)', 4.00, 'bebida'),
	(18, 3, 'Agua', 2.50, 'bebida'),
	(19, 3, 'Refresco', 3.50, 'bebida'),
	(20, 4, 'Wrap de Heura', 9.00, 'comida'),
	(21, 4, 'Hummus con Nachos', 6.00, 'comida'),
	(22, 4, 'Poke de Verduras', 8.50, 'comida'),
	(23, 4, 'Kombucha', 4.50, 'bebida'),
	(24, 4, 'Cerveza Artesanal', 5.50, 'bebida'),
	(25, 4, 'Agua', 2.50, 'bebida'),
	(26, 5, 'Copa Premium', 12.00, 'bebida'),
	(27, 5, 'Cocktail de Autor', 10.00, 'bebida'),
	(28, 5, 'Botella Champagne', 90.00, 'bebida'),
	(29, 5, 'Cerveza Artesanal', 6.00, 'bebida'),
	(30, 5, 'Agua Premium', 3.50, 'bebida');

-- TABLA USUARIO
INSERT INTO "public"."usuario" ("id_usuario", "nombre", "apellidos", "edad", "correo", "telefono", "token_pago", "preferencia_musica", "preferencia_comida") VALUES
	(1, 'Mario', 'Ramos', 34, 'mario.ramos_9692@icloud.com', '+34 658 19 58 60', 'tok_1A2B', 'Rock', 'Vegano'),
	(2, 'Jorge', 'Ruiz', 31, 'jorge.ruiz_6998@outlook.com', '+34 663 63 20 98', 'tok_4S9I', 'Reggaetón', 'Hot Dogs'),
	(3, 'Marta', 'Ortega', 26, 'marta.ortega_8725@outlook.com', '+34 614 54 06 71', 'tok_0K3I', 'Pop', 'Hamburguesas'),
	(4, 'Marcos', 'Gil', 24, 'marcos.gil_2084@gmail.com', '+34 698 02 20 64', 'tok_6W7L', 'Rock', 'Hamburguesas'),
	(5, 'Carlos', 'Navarro', 26, 'carlos.navarro_8581@yahoo.es', '+34 638 32 71 93', 'tok_2K6T', 'Reggaetón', 'Pizza'),
	(6, 'Paula', 'Ortega', 27, 'paula.ortega_0679@yahoo.es', '+34 610 94 70 99', 'tok_3B0R', 'Pop', 'Tacos'),
	(7, 'María', 'Alonso', 27, 'maría.alonso_1472@yahoo.es', '+34 634 47 51 14', 'tok_7U1H', 'Urban', 'Hot Dogs'),
	(8, 'Julia', 'Muñoz', 30, 'julia.muñoz_5331@outlook.com', '+34 632 60 14 42', 'tok_6M5F', 'Urban', 'Hot Dogs'),
	(9, 'Mario', 'Domínguez', 24, 'mario.domínguez_3482@outlook.com', '+34 688 04 95 66', 'tok_4C9I', 'Indie', 'Hot Dogs'),
	(10, 'Diego', 'Torres', 23, 'diego.torres_4485@yahoo.es', '+34 644 40 28 32', 'tok_0C5D', 'Pop', 'Kebab'),
	(11, 'Marta', 'Navarro', 20, 'marta.navarro_3678@outlook.com', '+34 603 50 85 81', 'tok_4E6X', 'Indie', 'Sushi'),
	(12, 'Hugo', 'Ruiz', 28, 'hugo.ruiz_2512@hotmail.com', '+34 632 16 08 16', 'tok_0G0A', 'Reggaetón', 'Paella'),
	(13, 'Raúl', 'Díaz', 31, 'raúl.díaz_6689@yahoo.es', '+34 690 83 78 05', 'tok_9Q6S', 'Urban', 'Sushi'),
	(14, 'Paula', 'Ruiz', 27, 'paula.ruiz_7142@hotmail.com', '+34 609 65 12 10', 'tok_7B6M', 'Urban', 'Vegano'),
	(15, 'Carlos', 'Ruiz', 32, 'carlos.ruiz_9562@yahoo.es', '+34 640 37 92 05', 'tok_8X5I', 'Rock', 'Kebab'),
	(16, 'Álvaro', 'Ruiz', 23, 'álvaro.ruiz_0175@icloud.com', '+34 661 03 13 38', 'tok_8U5T', 'Rock', 'Pizza'),
	(17, 'Claudia', 'Delgado', 26, 'claudia.delgado_4791@yahoo.es', '+34 680 90 13 93', 'tok_5A9H', 'Techno', 'Tacos'),
	(18, 'Alejandro', 'Serrano', 32, 'alejandro.serrano_6570@icloud.com', '+34 634 40 59 20', 'tok_2I5M', 'Reggaetón', 'Hamburguesas'),
	(19, 'Julia', 'Molina', 21, 'julia.molina_9790@yahoo.es', '+34 698 51 74 80', 'tok_8F3X', 'Rock', 'Sushi'),
	(20, 'Noelia', 'Moreno', 34, 'noelia.moreno_9500@icloud.com', '+34 620 23 47 90', 'tok_5F8F', 'Rock', 'Tacos'),
	(21, 'Hugo', 'Fernández', 22, 'hugo.fernández_5429@hotmail.com', '+34 694 33 56 98', 'tok_6H7S', 'Reggaetón', 'Hamburguesas'),
	(22, 'Elena', 'Romero', 21, 'elena.romero_8646@gmail.com', '+34 609 95 20 94', 'tok_7N1O', 'Metal', 'Sushi'),
	(23, 'Daniel', 'Molina', 34, 'daniel.molina_4629@icloud.com', '+34 624 84 12 76', 'tok_2L4Q', 'Techno', 'Tacos'),
	(24, 'Sara', 'Torres', 33, 'sara.torres_0952@hotmail.com', '+34 616 63 05 36', 'tok_3M0D', 'Techno', 'Paella'),
	(25, 'Irene', 'Domínguez', 32, 'irene.domínguez_5216@gmail.com', '+34 628 94 76 98', 'tok_6G6C', 'Rock', 'Paella'),
	(26, 'Diego', 'Serrano', 23, 'diego.serrano_8551@hotmail.com', '+34 649 91 36 06', 'tok_3K0G', 'Techno', 'Pizza'),
	(27, 'Julia', 'Navarro', 26, 'julia.navarro_6624@hotmail.com', '+34 697 76 50 45', 'tok_7G8E', 'Metal', 'Hamburguesas'),
	(28, 'Elena', 'Álvarez', 31, 'elena.álvarez_4061@outlook.com', '+34 655 78 23 48', 'tok_8U6X', 'Techno', 'Kebab'),
	(29, 'Diego', 'Suárez', 24, 'diego.suárez_1503@gmail.com', '+34 680 01 68 26', 'tok_2E4K', 'Techno', 'Hamburguesas'),
	(30, 'Laura', 'Navarro', 20, 'laura.navarro_4412@gmail.com', '+34 696 79 63 98', 'tok_7R4P', 'Rock', 'Vegano'),
	(31, 'Irene', 'García', 24, 'irene.garcía_3230@icloud.com', '+34 610 34 06 71', 'tok_7G3O', 'Metal', 'Tacos'),
	(32, 'Elena', 'Molina', 18, 'elena.molina_5827@yahoo.es', '+34 662 62 08 40', 'tok_0S2K', 'Indie', 'Sushi'),
	(33, 'Sara', 'Domínguez', 23, 'sara.domínguez_4495@hotmail.com', '+34 688 67 00 21', 'tok_4G8V', 'Metal', 'Kebab'),
	(34, 'Claudia', 'Vázquez', 19, 'claudia.vázquez_9862@icloud.com', '+34 690 87 73 43', 'tok_7V5O', 'Urban', 'Hamburguesas'),
	(35, 'Hugo', 'Ramos', 26, 'hugo.ramos_6633@gmail.com', '+34 612 30 34 25', 'tok_1C6P', 'Electrónica', 'Tacos'),
	(36, 'Daniel', 'Romero', 21, 'daniel.romero_4920@yahoo.es', '+34 693 15 90 52', 'tok_8Y6H', 'Indie', 'Sushi'),
	(37, 'Elena', 'Álvarez', 24, 'elena.álvarez_1567@yahoo.es', '+34 605 18 40 12', 'tok_0D1P', 'Electrónica', 'Hamburguesas'),
	(38, 'Sergio', 'Blanco', 25, 'sergio.blanco_7826@icloud.com', '+34 687 02 20 78', 'tok_9N1V', 'Urban', 'Sushi'),
	(39, 'Carmen', 'Vázquez', 31, 'carmen.vázquez_8809@gmail.com', '+34 642 50 63 41', 'tok_8W7W', 'Metal', 'Hot Dogs'),
	(40, 'Daniel', 'Gil', 25, 'daniel.gil_0350@outlook.com', '+34 613 66 50 84', 'tok_6B5E', 'Techno', 'Vegano'),
	(41, 'Lucía', 'Alonso', 20, 'lucía.alonso_7401@gmail.com', '+34 613 02 42 99', 'tok_0N7U', 'Indie', 'Hamburguesas'),
	(42, 'Sergio', 'Domínguez', 35, 'sergio.domínguez_7676@yahoo.es', '+34 617 60 82 87', 'tok_8H3I', 'Reggaetón', 'Pizza'),
	(43, 'Sara', 'López', 20, 'sara.lópez_5973@icloud.com', '+34 681 17 89 07', 'tok_1M6O', 'Techno', 'Hamburguesas'),
	(44, 'Iván', 'López', 35, 'iván.lópez_2209@yahoo.es', '+34 670 75 52 38', 'tok_5B1Z', 'Electrónica', 'Kebab'),
	(45, 'Claudia', 'Navarro', 31, 'claudia.navarro_5461@icloud.com', '+34 691 53 98 46', 'tok_8S4P', 'Pop', 'Kebab'),
	(46, 'Sergio', 'Molina', 25, 'sergio.molina_3392@yahoo.es', '+34 633 18 09 61', 'tok_2N9Q', 'Electrónica', 'Pizza'),
	(47, 'Mario', 'Vázquez', 29, 'mario.vázquez_3704@gmail.com', '+34 637 60 41 89', 'tok_5N1N', 'Urban', 'Tacos'),
	(48, 'Irene', 'Vázquez', 26, 'irene.vázquez_7381@icloud.com', '+34 647 67 08 63', 'tok_2B2A', 'Metal', 'Vegano'),
	(49, 'Alba', 'Ruiz', 34, 'alba.ruiz_3740@hotmail.com', '+34 672 58 00 97', 'tok_2E4B', 'Techno', 'Kebab'),
	(50, 'Álvaro', 'Ruiz', 20, 'álvaro.ruiz_5468@gmail.com', '+34 669 24 48 81', 'tok_1W7M', 'Techno', 'Pizza'),
	(51, 'Irene', 'Martín', 35, 'irene.martín_1192@gmail.com', '+34 640 59 54 65', 'tok_4M7P', 'Urban', 'Paella'),
	(52, 'Irene', 'Alonso', 31, 'irene.alonso_1813@outlook.com', '+34 658 11 14 61', 'tok_9M1U', 'Reggaetón', 'Kebab'),
	(53, 'Raúl', 'Vázquez', 24, 'raúl.vázquez_2234@gmail.com', '+34 667 11 79 25', 'tok_5R1J', 'Pop', 'Vegano'),
	(54, 'Marta', 'Gutiérrez', 31, 'marta.gutiérrez_2681@hotmail.com', '+34 662 85 38 24', 'tok_2H0U', 'Indie', 'Paella'),
	(55, 'Alba', 'Vázquez', 34, 'alba.vázquez_0673@yahoo.es', '+34 675 98 71 25', 'tok_4Y7Y', 'Techno', 'Hot Dogs'),
	(56, 'Iván', 'Serrano', 35, 'iván.serrano_0183@icloud.com', '+34 646 59 80 14', 'tok_4T1P', 'Urban', 'Kebab'),
	(57, 'Diego', 'Blanco', 20, 'diego.blanco_4419@gmail.com', '+34 659 59 54 24', 'tok_7P7C', 'Techno', 'Vegano'),
	(58, 'Alejandro', 'Navarro', 19, 'alejandro.navarro_1568@outlook.com', '+34 690 26 16 07', 'tok_5N1F', 'Rock', 'Vegano'),
	(59, 'Raúl', 'Ortega', 34, 'raúl.ortega_1137@gmail.com', '+34 610 56 99 78', 'tok_6X3C', 'Reggaetón', 'Sushi'),
	(60, 'Noelia', 'Ruiz', 18, 'noelia.ruiz_4853@outlook.com', '+34 663 84 73 80', 'tok_0X2L', 'Urban', 'Vegano'),
	(61, 'Lucía', 'Blanco', 28, 'lucía.blanco_8102@icloud.com', '+34 631 21 36 14', 'tok_7I3I', 'Reggaetón', 'Pizza'),
	(62, 'Álvaro', 'Ramos', 28, 'álvaro.ramos_9882@gmail.com', '+34 606 46 13 92', 'tok_0S5E', 'Electrónica', 'Hamburguesas'),
	(63, 'Raúl', 'Blanco', 18, 'raúl.blanco_0459@outlook.com', '+34 679 89 47 29', 'tok_8O6V', 'Electrónica', 'Pizza'),
	(64, 'Laura', 'Pérez', 19, 'laura.pérez_5388@icloud.com', '+34 628 04 65 66', 'tok_8P7I', 'Urban', 'Hamburguesas'),
	(65, 'Raúl', 'Torres', 34, 'raúl.torres_6499@hotmail.com', '+34 650 12 96 17', 'tok_0K9X', 'Reggaetón', 'Tacos'),
	(66, 'Lucía', 'Vázquez', 30, 'lucía.vázquez_9514@yahoo.es', '+34 640 59 58 54', 'tok_4H4I', 'Indie', 'Tacos'),
	(67, 'Alba', 'Gómez', 30, 'alba.gómez_3999@hotmail.com', '+34 688 64 34 54', 'tok_9K3J', 'Indie', 'Vegano'),
	(68, 'Carlos', 'Alonso', 27, 'carlos.alonso_1862@hotmail.com', '+34 648 09 01 66', 'tok_3A3U', 'Electrónica', 'Hamburguesas'),
	(69, 'Julia', 'Sánchez', 18, 'julia.sánchez_6750@yahoo.es', '+34 665 94 82 16', 'tok_6N9Q', 'Techno', 'Hot Dogs'),
	(70, 'Alba', 'Molina', 21, 'alba.molina_3216@gmail.com', '+34 613 60 65 02', 'tok_9Q3B', 'Metal', 'Tacos'),
	(71, 'Claudia', 'Fernández', 27, 'claudia.fernández_0770@outlook.com', '+34 618 60 29 38', 'tok_1B0K', 'Pop', 'Paella'),
	(72, 'Lucía', 'Domínguez', 19, 'lucía.domínguez_3454@yahoo.es', '+34 667 04 47 03', 'tok_6N8F', 'Techno', 'Hamburguesas'),
	(73, 'Julia', 'Ramos', 34, 'julia.ramos_3553@yahoo.es', '+34 638 37 67 41', 'tok_2G2F', 'Urban', 'Kebab'),
	(74, 'Ana', 'Molina', 28, 'ana.molina_8415@hotmail.com', '+34 689 61 67 63', 'tok_9S3S', 'Pop', 'Hamburguesas'),
	(75, 'Marta', 'Navarro', 20, 'marta.navarro_0832@icloud.com', '+34 622 48 39 70', 'tok_1X5U', 'Rock', 'Sushi');

-- TABLA WALLET
INSERT INTO "public"."wallet" ("id_wallet", "id_usuario", "saldo") VALUES
	(1, 1, 157.01),
	(2, 2, 100.20),
	(3, 3, 173.32),
	(4, 4, 133.79),
	(5, 5, 117.33),
	(6, 6, 0.00),
	(7, 7, 134.31),
	(8, 8, 109.39),
	(9, 9, 144.93),
	(10, 10, 180.40),
	(11, 11, 0.00),
	(12, 12, 85.36),
	(13, 13, 130.94),
	(14, 14, 27.34),
	(15, 15, 22.89),
	(16, 16, 167.77),
	(17, 17, 54.49),
	(18, 18, 184.03),
	(19, 19, 105.18),
	(20, 20, 32.92),
	(21, 21, 153.37),
	(22, 22, 27.09),
	(23, 23, 107.20),
	(24, 24, 138.79),
	(25, 25, 28.95),
	(26, 26, 141.83),
	(27, 27, 55.40),
	(28, 28, 0.00),
	(29, 29, 114.52),
	(30, 30, 136.57),
	(31, 31, 31.66),
	(32, 32, 39.73),
	(33, 33, 144.14),
	(34, 34, 25.38),
	(35, 35, 181.03),
	(36, 36, 167.78),
	(37, 37, 24.55),
	(38, 38, 130.98),
	(39, 39, 0.00),
	(40, 40, 0.00),
	(41, 41, 190.29),
	(42, 42, 0.00),
	(43, 43, 90.54),
	(44, 44, 25.52),
	(45, 45, 20.59),
	(46, 46, 0.00),
	(47, 47, 25.72),
	(48, 48, 127.99),
	(49, 49, 110.37),
	(50, 50, 83.57),
	(51, 51, 176.88),
	(52, 52, 140.32),
	(53, 53, 82.69),
	(54, 54, 198.18),
	(55, 55, 0.00),
	(56, 56, 165.51),
	(57, 57, 21.29),
	(58, 58, 90.11),
	(59, 59, 176.05),
	(60, 60, 66.16),
	(61, 61, 0.00),
	(62, 62, 98.62),
	(63, 63, 87.99),
	(64, 64, 89.84),
	(65, 65, 58.47),
	(66, 66, 0.00),
	(67, 67, 31.90),
	(68, 68, 57.32),
	(69, 69, 88.86),
	(70, 70, 78.04),
	(71, 71, 25.18),
	(72, 72, 181.63),
	(73, 73, 102.94),
	(74, 74, 45.64),
	(75, 75, 148.78);

-- TABLA TRANSACCIONES
INSERT INTO "public"."transacciones" ("id_transaccion", "id_wallet", "id_barra", "tipo_movimiento", "monto", "fecha") VALUES
	(1, 1, 3, 'pago_comida', 8.00, '2026-04-19 08:00:00'),
	(2, 1, 3, 'pago_comida', 27.50, '2026-04-21 11:30:00'),
	(3, 1, 3, 'pago_comida', 8.50, '2026-04-19 10:00:00'),
	(4, 1, 5, 'pago_bebida', 42.00, '2026-04-19 11:00:00'),
	(5, 1, 4, 'pago_comida', 8.50, '2026-04-21 15:30:00'),
	(6, 1, 5, 'pago_bebida', 6.00, '2026-04-20 10:00:00'),
	(7, 2, 4, 'recharge', 28.48, '2026-04-19 09:30:00'),
	(8, 2, 5, 'recharge', 35.85, '2026-04-19 11:30:00'),
	(9, 2, 2, 'pago_bebida', 7.50, '2026-04-20 10:00:00'),
	(10, 2, 5, 'recharge', 23.70, '2026-04-20 07:30:00'),
	(11, 2, 1, 'pago_bebida', 18.00, '2026-04-20 13:00:00'),
	(12, 2, 3, 'pago_bebida', 6.50, '2026-04-19 04:00:00'),
	(13, 3, 2, 'pago_bebida', 7.50, '2026-04-19 16:00:00'),
	(14, 3, 1, 'recharge', 39.58, '2026-04-19 13:30:00'),
	(15, 3, 3, 'compra', 17.00, '2026-04-19 12:00:00'),
	(16, 3, 1, 'pago_bebida', 12.00, '2026-04-21 09:00:00'),
	(17, 3, 1, 'pago_bebida', 6.50, '2026-04-19 08:30:00'),
	(18, 3, 1, 'pago_bebida', 4.50, '2026-04-21 15:30:00'),
	(19, 4, 1, 'pago_bebida', 24.00, '2026-04-20 09:30:00'),
	(20, 4, 1, 'pago_bebida', 2.50, '2026-04-20 15:00:00'),
	(21, 4, 1, 'pago_bebida', 13.00, '2026-04-19 11:30:00'),
	(22, 4, 2, 'pago_bebida', 3.50, '2026-04-21 13:00:00'),
	(23, 4, 3, 'compra', 15.50, '2026-04-19 13:30:00'),
	(24, 4, 1, 'pago_bebida', 14.00, '2026-04-21 16:00:00'),
	(25, 5, 4, 'compra', 10.50, '2026-04-21 12:00:00'),
	(26, 5, 5, 'pago_bebida', 180.00, '2026-04-19 11:00:00'),
	(27, 5, 3, 'pago_comida', 8.00, '2026-04-19 05:30:00'),
	(28, 5, 5, 'pago_bebida', 30.00, '2026-04-20 06:30:00'),
	(29, 5, 3, 'compra', 14.50, '2026-04-20 15:30:00'),
	(30, 6, 3, 'pago_bebida', 7.00, '2026-04-19 12:00:00'),
	(31, 6, 3, 'compra', 16.00, '2026-04-19 10:30:00'),
	(32, 6, 1, 'pago_bebida', 8.00, '2026-04-21 07:00:00'),
	(33, 6, 5, 'pago_bebida', 10.00, '2026-04-19 13:30:00'),
	(34, 6, 3, 'pago_bebida', 2.50, '2026-04-21 04:30:00'),
	(35, 6, 1, 'pago_bebida', 3.50, '2026-04-19 04:00:00'),
	(36, 6, 3, 'compra', 17.50, '2026-04-19 14:00:00'),
	(37, 7, 1, 'pago_bebida', 31.50, '2026-04-19 09:30:00'),
	(38, 7, 3, 'compra', 15.50, '2026-04-20 14:30:00'),
	(39, 7, 1, 'pago_bebida', 4.50, '2026-04-21 15:00:00'),
	(40, 7, 2, 'pago_bebida', 5.00, '2026-04-21 04:30:00'),
	(41, 7, 5, 'pago_bebida', 23.50, '2026-04-20 12:30:00'),
	(42, 7, 1, 'pago_bebida', 20.00, '2026-04-21 08:00:00'),
	(43, 7, 2, 'pago_bebida', 17.00, '2026-04-19 11:00:00'),
	(44, 8, 1, 'pago_bebida', 15.50, '2026-04-19 06:00:00'),
	(45, 8, 1, 'pago_bebida', 5.00, '2026-04-20 09:30:00'),
	(46, 8, 4, 'pago_bebida', 9.00, '2026-04-20 14:00:00'),
	(47, 8, 3, 'pago_bebida', 11.50, '2026-04-19 09:30:00'),
	(48, 8, 1, 'pago_bebida', 23.50, '2026-04-20 12:30:00'),
	(49, 8, 1, 'recharge', 37.50, '2026-04-19 11:30:00'),
	(50, 9, 3, 'recharge', 22.01, '2026-04-21 04:00:00'),
	(51, 9, 3, 'compra', 26.50, '2026-04-19 13:30:00'),
	(52, 9, 4, 'pago_bebida', 7.50, '2026-04-19 08:30:00'),
	(53, 9, 4, 'pago_bebida', 18.00, '2026-04-19 04:30:00'),
	(54, 9, 3, 'compra', 13.00, '2026-04-19 09:00:00'),
	(55, 9, 3, 'pago_bebida', 6.00, '2026-04-21 08:00:00'),
	(56, 9, 1, 'pago_bebida', 14.00, '2026-04-19 05:30:00'),
	(57, 10, 2, 'pago_bebida', 9.00, '2026-04-20 10:30:00'),
	(58, 10, 1, 'pago_bebida', 24.00, '2026-04-21 06:00:00'),
	(59, 10, 1, 'pago_bebida', 32.00, '2026-04-20 05:00:00'),
	(60, 10, 3, 'pago_bebida', 5.00, '2026-04-19 10:30:00'),
	(61, 10, 1, 'pago_bebida', 3.50, '2026-04-20 07:00:00'),
	(62, 10, 4, 'compra', 17.00, '2026-04-19 04:30:00'),
	(63, 10, 4, 'compra', 13.50, '2026-04-20 10:00:00'),
	(64, 11, 3, 'compra', 13.50, '2026-04-20 05:00:00'),
	(65, 11, 2, 'pago_bebida', 12.00, '2026-04-19 07:00:00'),
	(66, 11, 1, 'pago_bebida', 8.00, '2026-04-19 04:00:00'),
	(67, 11, 5, 'pago_bebida', 18.00, '2026-04-19 08:30:00'),
	(68, 11, 1, 'compra', 17.00, '2026-04-21 12:30:00'),
	(69, 11, 3, 'compra', 20.50, '2026-04-19 10:30:00'),
	(70, 11, 2, 'pago_bebida', 13.00, '2026-04-19 06:00:00'),
	(71, 12, 2, 'pago_bebida', 12.00, '2026-04-19 14:30:00'),
	(72, 12, 4, 'pago_comida', 6.00, '2026-04-21 10:00:00'),
	(73, 12, 3, 'compra', 16.00, '2026-04-19 15:30:00'),
	(74, 12, 4, 'compra', 25.00, '2026-04-20 05:30:00'),
	(75, 12, 5, 'pago_bebida', 10.00, '2026-04-19 08:00:00'),
	(76, 12, 1, 'recharge', 41.30, '2026-04-21 13:00:00'),
	(77, 12, 1, 'pago_bebida', 12.50, '2026-04-21 06:00:00'),
	(78, 13, 3, 'pago_comida', 32.50, '2026-04-21 04:00:00'),
	(79, 13, 4, 'pago_bebida', 4.50, '2026-04-19 13:30:00'),
	(80, 13, 5, 'pago_bebida', 32.50, '2026-04-19 13:00:00'),
	(81, 13, 4, 'pago_comida', 25.50, '2026-04-19 07:30:00'),
	(82, 13, 4, 'compra', 11.00, '2026-04-19 12:30:00'),
	(83, 13, 1, 'pago_bebida', 9.00, '2026-04-19 11:30:00'),
	(84, 14, 3, 'pago_comida', 4.00, '2026-04-21 14:00:00'),
	(85, 14, 1, 'pago_bebida', 24.00, '2026-04-20 04:30:00'),
	(86, 14, 2, 'pago_bebida', 13.00, '2026-04-19 09:30:00'),
	(87, 14, 3, 'pago_bebida', 7.50, '2026-04-21 13:00:00'),
	(88, 14, 3, 'recharge', 41.99, '2026-04-20 07:00:00'),
	(89, 14, 4, 'compra', 11.50, '2026-04-19 11:00:00'),
	(90, 14, 4, 'pago_bebida', 4.50, '2026-04-19 10:30:00'),
	(91, 15, 1, 'pago_bebida', 8.00, '2026-04-19 14:00:00'),
	(92, 15, 4, 'pago_comida', 12.00, '2026-04-19 16:00:00'),
	(93, 15, 5, 'pago_bebida', 180.00, '2026-04-21 09:00:00'),
	(94, 15, 1, 'pago_bebida', 12.00, '2026-04-19 05:00:00'),
	(95, 15, 1, 'pago_bebida', 17.00, '2026-04-20 12:30:00'),
	(96, 15, 1, 'pago_bebida', 8.00, '2026-04-21 07:00:00'),
	(97, 15, 1, 'pago_bebida', 16.50, '2026-04-19 11:30:00'),
	(98, 16, 3, 'compra', 16.50, '2026-04-21 12:30:00'),
	(99, 16, 5, 'pago_bebida', 12.00, '2026-04-20 05:00:00'),
	(100, 16, 4, 'compra', 21.50, '2026-04-21 15:00:00'),
	(101, 16, 4, 'recharge', 24.44, '2026-04-21 12:00:00'),
	(102, 16, 5, 'pago_bebida', 6.00, '2026-04-21 13:00:00'),
	(103, 16, 2, 'pago_bebida', 4.00, '2026-04-21 04:00:00'),
	(104, 16, 1, 'pago_bebida', 4.00, '2026-04-20 15:00:00'),
	(105, 17, 1, 'pago_bebida', 28.50, '2026-04-19 15:30:00'),
	(106, 17, 2, 'pago_bebida', 8.50, '2026-04-21 16:00:00'),
	(107, 17, 4, 'pago_comida', 17.50, '2026-04-21 10:00:00'),
	(108, 17, 1, 'pago_bebida', 19.50, '2026-04-19 16:00:00'),
	(109, 17, 3, 'compra', 7.50, '2026-04-19 15:00:00'),
	(110, 17, 2, 'pago_bebida', 9.00, '2026-04-19 15:30:00'),
	(111, 17, 3, 'pago_comida', 4.00, '2026-04-20 11:30:00'),
	(112, 18, 1, 'pago_bebida', 4.50, '2026-04-21 07:00:00'),
	(113, 18, 3, 'pago_comida', 8.50, '2026-04-19 05:00:00'),
	(114, 18, 3, 'compra', 12.00, '2026-04-21 13:30:00'),
	(115, 18, 3, 'pago_comida', 19.00, '2026-04-20 05:30:00'),
	(116, 19, 3, 'compra', 25.00, '2026-04-19 11:00:00'),
	(117, 19, 2, 'pago_bebida', 8.00, '2026-04-19 05:30:00'),
	(118, 19, 3, 'pago_comida', 36.00, '2026-04-20 14:00:00'),
	(119, 19, 3, 'pago_comida', 13.50, '2026-04-21 12:00:00'),
	(120, 19, 5, 'pago_bebida', 3.50, '2026-04-19 04:30:00'),
	(121, 19, 5, 'pago_bebida', 22.00, '2026-04-20 11:00:00'),
	(122, 20, 2, 'pago_bebida', 2.50, '2026-04-21 07:30:00'),
	(123, 20, 3, 'compra', 12.50, '2026-04-19 14:30:00'),
	(124, 20, 3, 'pago_comida', 40.00, '2026-04-21 05:00:00'),
	(125, 20, 4, 'pago_bebida', 4.50, '2026-04-21 04:30:00'),
	(126, 20, 4, 'pago_comida', 17.00, '2026-04-19 13:30:00'),
	(127, 21, 1, 'compra', 4.50, '2026-04-20 07:00:00'),
	(128, 21, 3, 'pago_comida', 19.00, '2026-04-20 07:30:00'),
	(129, 21, 1, 'recharge', 35.78, '2026-04-21 15:00:00'),
	(130, 21, 2, 'recharge', 13.74, '2026-04-20 05:00:00'),
	(131, 21, 3, 'pago_comida', 4.00, '2026-04-19 04:00:00'),
	(132, 21, 3, 'compra', 7.50, '2026-04-21 04:00:00'),
	(133, 21, 3, 'compra', 15.50, '2026-04-20 14:00:00'),
	(134, 22, 2, 'pago_bebida', 2.50, '2026-04-19 12:30:00'),
	(135, 22, 4, 'pago_bebida', 12.50, '2026-04-19 15:30:00'),
	(136, 22, 1, 'pago_bebida', 20.50, '2026-04-19 04:30:00'),
	(137, 22, 3, 'pago_bebida', 8.00, '2026-04-19 07:00:00'),
	(138, 23, 1, 'pago_bebida', 6.50, '2026-04-19 10:00:00'),
	(139, 23, 3, 'compra', 13.00, '2026-04-20 08:00:00'),
	(140, 23, 5, 'recharge', 44.22, '2026-04-21 08:00:00'),
	(141, 23, 1, 'pago_bebida', 12.00, '2026-04-20 07:00:00'),
	(142, 23, 1, 'pago_bebida', 16.50, '2026-04-19 14:30:00'),
	(143, 23, 2, 'recharge', 6.56, '2026-04-19 09:30:00'),
	(144, 24, 5, 'pago_bebida', 36.00, '2026-04-19 06:00:00'),
	(145, 24, 3, 'pago_bebida', 18.00, '2026-04-19 15:00:00'),
	(146, 24, 1, 'pago_bebida', 9.00, '2026-04-20 08:00:00'),
	(147, 24, 5, 'pago_bebida', 12.00, '2026-04-21 05:30:00'),
	(148, 24, 1, 'pago_bebida', 14.50, '2026-04-20 11:30:00'),
	(149, 24, 1, 'pago_bebida', 5.00, '2026-04-19 10:30:00'),
	(150, 24, 5, 'pago_bebida', 18.00, '2026-04-21 08:30:00'),
	(151, 25, 3, 'pago_bebida', 5.00, '2026-04-19 13:00:00'),
	(152, 25, 4, 'pago_bebida', 5.00, '2026-04-21 09:00:00'),
	(153, 25, 4, 'compra', 31.50, '2026-04-19 09:00:00'),
	(154, 25, 1, 'pago_bebida', 10.50, '2026-04-20 09:00:00'),
	(155, 25, 4, 'compra', 23.50, '2026-04-21 15:00:00'),
	(156, 26, 3, 'pago_comida', 4.00, '2026-04-21 15:30:00'),
	(157, 26, 3, 'pago_bebida', 8.00, '2026-04-19 16:00:00'),
	(158, 26, 5, 'pago_bebida', 9.50, '2026-04-20 13:00:00'),
	(159, 26, 1, 'recharge', 40.91, '2026-04-21 13:30:00'),
	(160, 26, 1, 'pago_bebida', 18.00, '2026-04-19 15:30:00'),
	(161, 26, 4, 'pago_bebida', 2.50, '2026-04-21 15:30:00'),
	(162, 26, 5, 'recharge', 42.88, '2026-04-19 14:00:00'),
	(163, 26, 2, 'pago_bebida', 8.50, '2026-04-20 14:00:00'),
	(164, 27, 5, 'recharge', 22.62, '2026-04-20 10:30:00'),
	(165, 27, 4, 'pago_bebida', 11.00, '2026-04-21 14:00:00'),
	(166, 27, 5, 'pago_bebida', 42.00, '2026-04-19 12:30:00'),
	(167, 27, 3, 'pago_comida', 19.00, '2026-04-20 16:00:00'),
	(168, 27, 5, 'pago_bebida', 30.00, '2026-04-21 13:30:00'),
	(169, 27, 1, 'pago_bebida', 8.00, '2026-04-19 16:00:00'),
	(170, 27, 3, 'compra', 14.50, '2026-04-19 14:00:00'),
	(171, 28, 1, 'compra', 22.00, '2026-04-19 06:00:00'),
	(172, 28, 1, 'pago_bebida', 29.50, '2026-04-19 04:30:00'),
	(173, 28, 1, 'pago_bebida', 11.50, '2026-04-21 11:00:00'),
	(174, 28, 5, 'pago_bebida', 24.00, '2026-04-21 08:00:00'),
	(175, 28, 3, 'pago_comida', 17.50, '2026-04-21 04:00:00'),
	(176, 28, 4, 'pago_comida', 8.50, '2026-04-20 09:00:00'),
	(177, 29, 3, 'pago_comida', 27.50, '2026-04-21 10:30:00'),
	(178, 29, 4, 'compra', 24.00, '2026-04-19 09:00:00'),
	(179, 29, 5, 'pago_bebida', 20.00, '2026-04-21 08:30:00'),
	(180, 29, 2, 'pago_bebida', 13.00, '2026-04-19 15:30:00'),
	(181, 29, 1, 'pago_bebida', 17.00, '2026-04-19 09:00:00'),
	(182, 29, 2, 'pago_bebida', 18.00, '2026-04-20 05:30:00'),
	(183, 30, 3, 'compra', 35.50, '2026-04-21 15:30:00'),
	(184, 30, 1, 'recharge', 27.43, '2026-04-20 08:00:00'),
	(185, 30, 3, 'pago_comida', 13.50, '2026-04-20 16:00:00'),
	(186, 30, 1, 'pago_bebida', 12.00, '2026-04-20 05:30:00'),
	(187, 30, 3, 'pago_bebida', 3.50, '2026-04-19 05:00:00'),
	(188, 30, 2, 'pago_bebida', 10.00, '2026-04-19 14:30:00'),
	(189, 31, 4, 'compra', 42.00, '2026-04-21 10:30:00'),
	(190, 31, 1, 'pago_bebida', 19.50, '2026-04-21 15:00:00'),
	(191, 31, 1, 'pago_bebida', 13.00, '2026-04-21 04:30:00'),
	(192, 31, 1, 'pago_bebida', 14.50, '2026-04-21 14:00:00'),
	(193, 31, 3, 'recharge', 29.36, '2026-04-21 14:00:00'),
	(194, 31, 2, 'pago_bebida', 14.00, '2026-04-20 12:00:00'),
	(195, 31, 1, 'pago_bebida', 12.00, '2026-04-19 14:00:00'),
	(196, 32, 4, 'pago_comida', 6.00, '2026-04-19 12:30:00'),
	(197, 32, 1, 'recharge', 18.97, '2026-04-19 11:00:00'),
	(198, 32, 2, 'pago_bebida', 12.00, '2026-04-20 05:30:00'),
	(199, 32, 5, 'pago_bebida', 22.00, '2026-04-21 06:30:00'),
	(200, 32, 1, 'pago_bebida', 5.00, '2026-04-20 05:00:00'),
	(201, 32, 1, 'pago_bebida', 2.50, '2026-04-19 14:30:00'),
	(202, 33, 3, 'compra', 16.00, '2026-04-20 08:00:00'),
	(203, 33, 3, 'pago_comida', 8.50, '2026-04-19 04:00:00'),
	(204, 33, 3, 'pago_comida', 8.00, '2026-04-21 11:00:00'),
	(205, 33, 3, 'pago_bebida', 12.00, '2026-04-19 08:00:00'),
	(206, 33, 4, 'pago_comida', 12.00, '2026-04-21 07:30:00'),
	(207, 33, 5, 'pago_bebida', 10.50, '2026-04-21 10:00:00'),
	(208, 33, 3, 'recharge', 9.58, '2026-04-21 07:30:00'),
	(209, 34, 3, 'compra', 12.00, '2026-04-21 15:30:00'),
	(210, 34, 1, 'pago_bebida', 24.00, '2026-04-19 07:30:00'),
	(211, 34, 3, 'pago_bebida', 11.00, '2026-04-20 11:00:00'),
	(212, 34, 4, 'compra', 22.50, '2026-04-20 13:30:00'),
	(213, 34, 4, 'pago_bebida', 2.50, '2026-04-19 14:00:00'),
	(214, 35, 2, 'pago_bebida', 8.00, '2026-04-20 09:00:00'),
	(215, 35, 2, 'pago_bebida', 10.00, '2026-04-21 12:30:00'),
	(216, 35, 1, 'pago_bebida', 26.00, '2026-04-20 11:00:00'),
	(217, 35, 5, 'recharge', 38.23, '2026-04-21 08:00:00'),
	(218, 35, 4, 'pago_bebida', 11.50, '2026-04-20 04:30:00'),
	(219, 35, 1, 'pago_bebida', 7.50, '2026-04-20 07:30:00'),
	(220, 35, 3, 'compra', 23.00, '2026-04-20 09:00:00'),
	(221, 36, 4, 'pago_bebida', 10.00, '2026-04-20 09:00:00'),
	(222, 36, 1, 'compra', 30.50, '2026-04-20 04:30:00'),
	(223, 36, 1, 'recharge', 22.25, '2026-04-19 10:00:00'),
	(224, 36, 4, 'compra', 18.00, '2026-04-21 09:00:00'),
	(225, 37, 3, 'compra', 17.50, '2026-04-21 14:30:00'),
	(226, 37, 3, 'pago_bebida', 19.00, '2026-04-20 07:00:00'),
	(227, 37, 3, 'compra', 23.00, '2026-04-20 08:00:00'),
	(228, 37, 1, 'pago_bebida', 31.00, '2026-04-19 11:30:00'),
	(229, 37, 5, 'pago_bebida', 32.00, '2026-04-19 08:00:00'),
	(230, 37, 4, 'compra', 19.00, '2026-04-21 08:00:00'),
	(231, 38, 1, 'pago_bebida', 15.00, '2026-04-19 16:00:00'),
	(232, 38, 1, 'pago_bebida', 14.50, '2026-04-20 06:30:00'),
	(233, 38, 1, 'pago_bebida', 21.00, '2026-04-20 10:00:00'),
	(234, 38, 5, 'pago_bebida', 10.00, '2026-04-20 12:00:00'),
	(235, 38, 2, 'pago_bebida', 21.00, '2026-04-20 14:30:00'),
	(236, 38, 2, 'pago_bebida', 7.50, '2026-04-20 09:30:00'),
	(237, 38, 4, 'recharge', 16.56, '2026-04-20 04:30:00'),
	(238, 39, 4, 'pago_bebida', 5.00, '2026-04-19 13:30:00'),
	(239, 39, 1, 'pago_bebida', 6.50, '2026-04-21 06:30:00'),
	(240, 39, 1, 'recharge', 34.13, '2026-04-21 15:00:00'),
	(241, 39, 2, 'pago_bebida', 11.00, '2026-04-21 04:30:00'),
	(242, 39, 5, 'pago_bebida', 12.00, '2026-04-21 04:00:00'),
	(243, 39, 5, 'pago_bebida', 23.50, '2026-04-21 12:30:00'),
	(244, 39, 3, 'compra', 13.00, '2026-04-19 04:00:00'),
	(245, 40, 2, 'pago_bebida', 6.50, '2026-04-21 14:30:00'),
	(246, 40, 5, 'pago_bebida', 17.00, '2026-04-20 07:00:00'),
	(247, 40, 1, 'pago_bebida', 24.00, '2026-04-21 10:00:00'),
	(248, 40, 3, 'compra', 26.00, '2026-04-19 11:00:00'),
	(249, 40, 5, 'pago_bebida', 3.50, '2026-04-20 12:00:00'),
	(250, 41, 4, 'recharge', 32.65, '2026-04-19 16:00:00'),
	(251, 41, 1, 'recharge', 31.10, '2026-04-21 04:30:00'),
	(252, 41, 3, 'pago_comida', 9.50, '2026-04-21 13:30:00'),
	(253, 41, 5, 'pago_bebida', 190.00, '2026-04-21 15:00:00'),
	(254, 41, 1, 'pago_bebida', 3.50, '2026-04-20 09:00:00'),
	(255, 41, 3, 'pago_comida', 4.00, '2026-04-21 05:30:00'),
	(256, 41, 4, 'pago_bebida', 8.00, '2026-04-21 10:00:00'),
	(257, 42, 3, 'pago_comida', 8.50, '2026-04-21 11:00:00'),
	(258, 42, 5, 'pago_bebida', 30.50, '2026-04-19 04:00:00'),
	(259, 42, 4, 'pago_comida', 15.00, '2026-04-19 09:00:00'),
	(260, 42, 2, 'recharge', 42.17, '2026-04-21 12:00:00'),
	(261, 42, 4, 'pago_bebida', 4.50, '2026-04-19 11:00:00'),
	(262, 43, 1, 'pago_bebida', 32.00, '2026-04-19 05:00:00'),
	(263, 43, 4, 'pago_comida', 6.00, '2026-04-21 15:30:00'),
	(264, 43, 1, 'pago_bebida', 18.00, '2026-04-19 06:00:00'),
	(265, 43, 1, 'pago_bebida', 22.50, '2026-04-20 07:00:00'),
	(266, 43, 3, 'compra', 13.00, '2026-04-19 15:00:00'),
	(267, 43, 1, 'pago_bebida', 18.50, '2026-04-19 06:30:00'),
	(268, 43, 4, 'pago_comida', 29.00, '2026-04-20 08:30:00'),
	(269, 44, 3, 'recharge', 22.77, '2026-04-20 09:30:00'),
	(270, 44, 1, 'pago_bebida', 18.50, '2026-04-19 10:30:00'),
	(271, 44, 2, 'pago_bebida', 2.50, '2026-04-19 15:30:00'),
	(272, 44, 5, 'pago_bebida', 22.00, '2026-04-20 12:30:00'),
	(273, 44, 4, 'compra', 28.00, '2026-04-19 08:00:00'),
	(274, 44, 3, 'compra', 12.50, '2026-04-21 07:00:00'),
	(275, 45, 3, 'compra', 16.00, '2026-04-21 13:30:00'),
	(276, 45, 4, 'compra', 28.00, '2026-04-21 05:00:00'),
	(277, 45, 3, 'compra', 36.00, '2026-04-19 04:00:00'),
	(278, 45, 1, 'pago_bebida', 27.00, '2026-04-21 15:00:00'),
	(279, 45, 1, 'compra', 21.00, '2026-04-19 05:30:00'),
	(280, 45, 5, 'recharge', 49.56, '2026-04-21 13:30:00'),
	(281, 45, 4, 'recharge', 15.15, '2026-04-21 12:30:00'),
	(282, 46, 1, 'pago_bebida', 20.50, '2026-04-19 04:00:00'),
	(283, 46, 1, 'pago_bebida', 12.00, '2026-04-21 12:30:00'),
	(284, 46, 4, 'pago_bebida', 13.00, '2026-04-20 06:00:00'),
	(285, 46, 3, 'compra', 13.50, '2026-04-19 06:30:00'),
	(286, 46, 5, 'pago_bebida', 32.00, '2026-04-21 10:30:00'),
	(287, 46, 3, 'pago_comida', 4.00, '2026-04-21 10:00:00'),
	(288, 47, 3, 'compra', 29.50, '2026-04-21 16:00:00'),
	(289, 47, 3, 'pago_bebida', 4.00, '2026-04-21 14:30:00'),
	(290, 47, 5, 'pago_bebida', 12.00, '2026-04-21 14:30:00'),
	(291, 47, 1, 'pago_bebida', 24.00, '2026-04-19 12:30:00'),
	(292, 47, 3, 'recharge', 26.14, '2026-04-21 06:00:00'),
	(293, 47, 4, 'compra', 42.00, '2026-04-20 09:30:00'),
	(294, 48, 2, 'pago_bebida', 7.00, '2026-04-19 12:00:00'),
	(295, 48, 4, 'compra', 39.50, '2026-04-21 07:30:00'),
	(296, 48, 5, 'pago_bebida', 10.00, '2026-04-20 15:00:00'),
	(297, 48, 2, 'pago_bebida', 14.00, '2026-04-19 11:00:00'),
	(298, 48, 3, 'pago_bebida', 4.00, '2026-04-19 09:00:00'),
	(299, 48, 3, 'compra', 15.50, '2026-04-19 08:00:00'),
	(300, 48, 2, 'pago_bebida', 2.50, '2026-04-19 08:30:00'),
	(301, 49, 3, 'pago_bebida', 9.50, '2026-04-21 13:00:00'),
	(302, 49, 4, 'pago_comida', 17.50, '2026-04-19 13:00:00'),
	(303, 49, 1, 'pago_bebida', 5.00, '2026-04-19 09:30:00'),
	(304, 49, 3, 'compra', 17.00, '2026-04-20 05:00:00'),
	(305, 49, 1, 'pago_bebida', 20.50, '2026-04-21 06:30:00'),
	(306, 49, 5, 'pago_bebida', 38.00, '2026-04-20 15:30:00'),
	(307, 49, 3, 'pago_comida', 25.50, '2026-04-21 15:00:00'),
	(308, 50, 1, 'pago_bebida', 27.00, '2026-04-21 11:00:00'),
	(309, 50, 2, 'pago_bebida', 4.00, '2026-04-21 04:30:00'),
	(310, 50, 3, 'pago_comida', 9.50, '2026-04-20 04:30:00'),
	(311, 50, 1, 'pago_bebida', 19.50, '2026-04-19 15:00:00'),
	(312, 50, 3, 'compra', 23.00, '2026-04-21 07:30:00'),
	(313, 50, 5, 'pago_bebida', 10.00, '2026-04-20 07:00:00'),
	(314, 51, 2, 'pago_bebida', 5.00, '2026-04-20 06:00:00'),
	(315, 51, 1, 'pago_bebida', 4.00, '2026-04-21 13:30:00'),
	(316, 51, 4, 'recharge', 34.41, '2026-04-21 12:00:00'),
	(317, 51, 4, 'pago_comida', 18.00, '2026-04-20 10:30:00'),
	(318, 51, 2, 'pago_bebida', 4.00, '2026-04-21 10:30:00'),
	(319, 51, 1, 'pago_bebida', 47.50, '2026-04-21 04:00:00'),
	(320, 51, 3, 'pago_bebida', 11.50, '2026-04-21 13:30:00'),
	(321, 52, 1, 'compra', 10.00, '2026-04-20 14:00:00'),
	(322, 52, 5, 'pago_bebida', 282.00, '2026-04-19 14:30:00'),
	(323, 52, 5, 'pago_bebida', 15.50, '2026-04-21 12:00:00'),
	(324, 52, 1, 'pago_bebida', 19.00, '2026-04-20 04:00:00'),
	(325, 52, 4, 'recharge', 22.82, '2026-04-21 13:30:00'),
	(326, 52, 5, 'pago_bebida', 27.50, '2026-04-21 13:30:00'),
	(327, 53, 2, 'pago_bebida', 17.00, '2026-04-21 11:30:00'),
	(328, 53, 5, 'pago_bebida', 22.00, '2026-04-19 13:30:00'),
	(329, 53, 3, 'pago_comida', 12.50, '2026-04-19 13:00:00'),
	(330, 53, 5, 'pago_bebida', 18.00, '2026-04-21 07:30:00'),
	(331, 53, 1, 'pago_bebida', 20.50, '2026-04-20 05:00:00'),
	(332, 53, 2, 'pago_bebida', 2.50, '2026-04-20 04:00:00'),
	(333, 53, 2, 'pago_bebida', 9.00, '2026-04-19 05:00:00'),
	(334, 54, 1, 'pago_bebida', 13.50, '2026-04-19 10:30:00'),
	(335, 54, 3, 'recharge', 39.29, '2026-04-19 11:00:00'),
	(336, 54, 5, 'pago_bebida', 13.50, '2026-04-19 16:00:00'),
	(337, 54, 1, 'pago_bebida', 10.50, '2026-04-20 08:30:00'),
	(338, 54, 1, 'recharge', 9.80, '2026-04-21 05:00:00'),
	(339, 55, 1, 'pago_bebida', 16.00, '2026-04-19 12:00:00'),
	(340, 55, 2, 'pago_bebida', 11.50, '2026-04-19 13:00:00'),
	(341, 55, 3, 'pago_bebida', 13.00, '2026-04-20 10:00:00'),
	(342, 55, 5, 'pago_bebida', 10.50, '2026-04-19 14:00:00'),
	(343, 55, 2, 'recharge', 27.81, '2026-04-19 14:30:00'),
	(344, 55, 1, 'pago_bebida', 18.00, '2026-04-20 10:30:00'),
	(345, 56, 1, 'pago_bebida', 6.50, '2026-04-20 13:30:00'),
	(346, 56, 4, 'compra', 19.50, '2026-04-21 10:00:00'),
	(347, 56, 1, 'pago_bebida', 26.00, '2026-04-19 10:30:00'),
	(348, 56, 3, 'pago_comida', 16.50, '2026-04-20 08:00:00'),
	(349, 56, 5, 'pago_bebida', 3.50, '2026-04-19 10:00:00'),
	(350, 56, 1, 'recharge', 20.46, '2026-04-19 11:30:00'),
	(351, 57, 2, 'pago_bebida', 18.50, '2026-04-20 11:00:00'),
	(352, 57, 4, 'pago_comida', 6.00, '2026-04-20 15:00:00'),
	(353, 57, 1, 'recharge', 45.75, '2026-04-20 14:00:00'),
	(354, 57, 1, 'pago_bebida', 4.00, '2026-04-20 14:30:00'),
	(355, 57, 3, 'compra', 20.00, '2026-04-19 10:00:00'),
	(356, 57, 5, 'pago_bebida', 3.50, '2026-04-21 13:30:00'),
	(357, 58, 1, 'pago_bebida', 9.00, '2026-04-21 05:00:00'),
	(358, 58, 1, 'pago_bebida', 21.00, '2026-04-20 06:30:00'),
	(359, 58, 4, 'compra', 23.50, '2026-04-19 12:30:00'),
	(360, 58, 4, 'pago_bebida', 4.50, '2026-04-20 08:30:00'),
	(361, 58, 5, 'recharge', 37.84, '2026-04-20 15:00:00'),
	(362, 58, 1, 'pago_bebida', 12.50, '2026-04-19 16:00:00'),
	(363, 58, 1, 'pago_bebida', 34.50, '2026-04-21 07:00:00'),
	(364, 59, 3, 'compra', 13.00, '2026-04-20 11:30:00'),
	(365, 59, 1, 'pago_bebida', 2.50, '2026-04-21 05:30:00'),
	(366, 59, 3, 'pago_comida', 8.00, '2026-04-21 09:00:00'),
	(367, 59, 1, 'pago_bebida', 16.00, '2026-04-20 09:00:00'),
	(368, 59, 4, 'compra', 17.50, '2026-04-21 04:30:00'),
	(369, 59, 5, 'recharge', 17.22, '2026-04-21 16:00:00'),
	(370, 60, 4, 'compra', 19.50, '2026-04-20 09:00:00'),
	(371, 60, 1, 'pago_bebida', 6.00, '2026-04-20 13:00:00'),
	(372, 60, 1, 'pago_bebida', 18.50, '2026-04-21 12:30:00'),
	(373, 60, 1, 'recharge', 37.61, '2026-04-21 15:30:00'),
	(374, 60, 1, 'pago_bebida', 21.00, '2026-04-19 06:30:00'),
	(375, 60, 3, 'compra', 15.00, '2026-04-20 08:30:00'),
	(376, 60, 4, 'pago_bebida', 13.00, '2026-04-21 05:00:00'),
	(377, 61, 3, 'pago_comida', 9.50, '2026-04-20 16:00:00'),
	(378, 61, 1, 'pago_bebida', 31.00, '2026-04-21 06:00:00'),
	(379, 61, 1, 'pago_comida', 4.00, '2026-04-20 08:00:00'),
	(380, 61, 1, 'pago_bebida', 17.00, '2026-04-19 09:30:00'),
	(381, 61, 1, 'pago_bebida', 7.50, '2026-04-19 07:00:00'),
	(382, 61, 4, 'pago_comida', 27.00, '2026-04-21 04:00:00'),
	(383, 61, 5, 'pago_bebida', 12.00, '2026-04-20 10:30:00'),
	(384, 62, 3, 'recharge', 49.23, '2026-04-21 09:00:00'),
	(385, 62, 2, 'pago_bebida', 2.50, '2026-04-21 12:30:00'),
	(386, 62, 4, 'compra', 17.00, '2026-04-19 11:00:00'),
	(387, 62, 5, 'recharge', 49.61, '2026-04-21 12:00:00'),
	(388, 62, 1, 'pago_bebida', 9.00, '2026-04-19 05:30:00'),
	(389, 62, 4, 'compra', 13.00, '2026-04-21 14:30:00'),
	(390, 63, 1, 'pago_bebida', 23.50, '2026-04-21 11:30:00'),
	(391, 63, 1, 'pago_bebida', 2.50, '2026-04-19 06:00:00'),
	(392, 63, 1, 'pago_bebida', 20.50, '2026-04-21 15:00:00'),
	(393, 63, 5, 'pago_bebida', 20.00, '2026-04-19 11:30:00'),
	(394, 63, 2, 'pago_bebida', 16.50, '2026-04-21 10:00:00'),
	(395, 63, 1, 'pago_bebida', 9.00, '2026-04-20 04:00:00'),
	(396, 63, 4, 'pago_comida', 44.00, '2026-04-19 15:00:00'),
	(397, 64, 1, 'pago_bebida', 4.00, '2026-04-19 12:00:00'),
	(398, 64, 5, 'pago_bebida', 39.50, '2026-04-21 06:00:00'),
	(399, 64, 3, 'pago_bebida', 4.00, '2026-04-20 06:30:00'),
	(400, 64, 1, 'pago_bebida', 16.50, '2026-04-21 12:00:00'),
	(401, 64, 1, 'compra', 14.00, '2026-04-20 15:00:00'),
	(402, 65, 1, 'recharge', 21.31, '2026-04-19 15:00:00'),
	(403, 65, 4, 'compra', 20.00, '2026-04-19 16:00:00'),
	(404, 65, 3, 'pago_comida', 35.00, '2026-04-19 06:00:00'),
	(405, 65, 2, 'pago_bebida', 9.00, '2026-04-19 10:30:00'),
	(406, 65, 3, 'recharge', 13.02, '2026-04-20 09:30:00'),
	(407, 65, 1, 'pago_bebida', 9.00, '2026-04-21 08:00:00'),
	(408, 65, 3, 'compra', 24.00, '2026-04-19 16:00:00'),
	(409, 66, 3, 'recharge', 44.15, '2026-04-21 07:30:00'),
	(410, 66, 1, 'recharge', 44.67, '2026-04-20 05:00:00'),
	(411, 66, 5, 'pago_bebida', 36.00, '2026-04-20 12:00:00'),
	(412, 66, 3, 'pago_bebida', 4.00, '2026-04-19 04:30:00'),
	(413, 66, 5, 'pago_bebida', 10.00, '2026-04-21 14:30:00'),
	(414, 66, 2, 'pago_bebida', 8.50, '2026-04-19 09:30:00'),
	(415, 66, 1, 'pago_bebida', 17.00, '2026-04-19 15:30:00'),
	(416, 67, 4, 'pago_comida', 9.00, '2026-04-21 06:00:00'),
	(417, 67, 4, 'compra', 38.50, '2026-04-20 12:30:00'),
	(418, 67, 1, 'pago_bebida', 2.50, '2026-04-19 12:00:00'),
	(419, 67, 1, 'pago_bebida', 6.00, '2026-04-21 13:00:00'),
	(420, 67, 1, 'pago_bebida', 4.00, '2026-04-19 15:00:00'),
	(421, 67, 1, 'pago_bebida', 13.00, '2026-04-21 10:30:00'),
	(422, 67, 1, 'pago_bebida', 6.50, '2026-04-19 07:00:00'),
	(423, 68, 3, 'compra', 14.50, '2026-04-19 08:00:00'),
	(424, 68, 3, 'pago_bebida', 2.50, '2026-04-19 09:00:00'),
	(425, 68, 1, 'pago_bebida', 10.50, '2026-04-20 16:00:00'),
	(426, 68, 5, 'pago_bebida', 36.00, '2026-04-20 11:00:00'),
	(427, 68, 5, 'pago_bebida', 18.00, '2026-04-21 13:00:00'),
	(428, 68, 5, 'pago_bebida', 12.00, '2026-04-19 09:30:00'),
	(429, 69, 3, 'compra', 25.00, '2026-04-21 10:30:00'),
	(430, 69, 1, 'pago_bebida', 17.00, '2026-04-20 12:30:00'),
	(431, 69, 5, 'pago_bebida', 43.00, '2026-04-20 09:30:00'),
	(432, 69, 2, 'pago_bebida', 18.00, '2026-04-21 15:00:00'),
	(433, 69, 3, 'recharge', 32.28, '2026-04-19 04:00:00'),
	(434, 69, 1, 'pago_bebida', 3.50, '2026-04-21 11:00:00'),
	(435, 70, 1, 'pago_bebida', 8.00, '2026-04-21 06:00:00'),
	(436, 70, 3, 'compra', 8.00, '2026-04-20 15:00:00'),
	(437, 70, 5, 'pago_bebida', 3.50, '2026-04-20 14:30:00'),
	(438, 70, 3, 'compra', 29.50, '2026-04-20 15:00:00'),
	(439, 70, 1, 'pago_bebida', 9.00, '2026-04-21 15:30:00'),
	(440, 70, 4, 'pago_comida', 12.00, '2026-04-20 05:30:00'),
	(441, 70, 4, 'pago_bebida', 11.50, '2026-04-19 05:00:00'),
	(442, 71, 3, 'compra', 13.50, '2026-04-21 14:00:00'),
	(443, 71, 3, 'compra', 8.00, '2026-04-20 12:00:00'),
	(444, 71, 1, 'recharge', 27.02, '2026-04-21 04:00:00'),
	(445, 71, 5, 'pago_bebida', 45.50, '2026-04-20 10:30:00'),
	(446, 71, 1, 'pago_bebida', 17.00, '2026-04-19 15:30:00'),
	(447, 71, 4, 'pago_comida', 34.50, '2026-04-21 07:00:00'),
	(448, 71, 4, 'compra', 17.50, '2026-04-19 06:30:00'),
	(449, 72, 1, 'pago_bebida', 14.50, '2026-04-21 06:30:00'),
	(450, 72, 2, 'pago_bebida', 12.50, '2026-04-19 06:30:00'),
	(451, 72, 1, 'pago_bebida', 8.50, '2026-04-20 13:00:00'),
	(452, 72, 5, 'pago_bebida', 3.50, '2026-04-20 12:30:00'),
	(453, 72, 4, 'pago_comida', 6.00, '2026-04-21 08:30:00'),
	(454, 72, 1, 'pago_bebida', 12.00, '2026-04-19 06:30:00'),
	(455, 73, 3, 'compra', 15.00, '2026-04-21 12:30:00'),
	(456, 73, 5, 'pago_bebida', 48.00, '2026-04-19 09:00:00'),
	(457, 73, 1, 'recharge', 5.01, '2026-04-20 14:00:00'),
	(458, 73, 1, 'pago_bebida', 24.50, '2026-04-21 11:00:00'),
	(459, 73, 5, 'pago_bebida', 21.50, '2026-04-19 05:30:00'),
	(460, 74, 5, 'pago_bebida', 12.00, '2026-04-19 04:00:00'),
	(461, 74, 1, 'pago_bebida', 12.00, '2026-04-20 08:30:00'),
	(462, 74, 4, 'recharge', 21.07, '2026-04-19 07:30:00'),
	(463, 74, 3, 'compra', 23.00, '2026-04-20 15:30:00'),
	(464, 74, 1, 'pago_bebida', 21.00, '2026-04-21 05:00:00'),
	(465, 74, 3, 'pago_bebida', 2.50, '2026-04-20 10:30:00'),
	(466, 74, 5, 'pago_bebida', 32.00, '2026-04-20 07:00:00'),
	(467, 74, 3, 'compra', 20.50, '2026-04-20 14:30:00'),
	(468, 75, 3, 'pago_comida', 8.50, '2026-04-20 16:00:00'),
	(469, 75, 1, 'pago_bebida', 12.50, '2026-04-19 11:00:00'),
	(470, 75, 4, 'pago_comida', 9.00, '2026-04-19 13:00:00'),
	(471, 75, 3, 'pago_comida', 4.00, '2026-04-20 11:30:00'),
	(472, 75, 3, 'compra', 10.00, '2026-04-21 08:30:00'),
	(473, 75, 4, 'pago_comida', 29.00, '2026-04-20 13:30:00'),
	(474, 75, 5, 'pago_bebida', 27.00, '2026-04-20 06:00:00');

-- TABLA LINEAS_TRANSACCION
INSERT INTO "public"."lineas_transaccion" ("id_linea", "id_transaccion", "id_producto", "cantidad", "precio_unitario") VALUES
	(1, 1, 16, 1, 4.00),
	(2, 1, 16, 1, 4.00),
	(3, 2, 15, 1, 8.50),
	(4, 2, 14, 2, 9.50),
	(5, 3, 15, 1, 8.50),
	(6, 4, 26, 1, 12.00),
	(7, 4, 27, 2, 10.00),
	(8, 4, 27, 1, 10.00),
	(9, 5, 22, 1, 8.50),
	(10, 6, 29, 1, 6.00),
	(11, 9, 10, 1, 2.50),
	(12, 9, 11, 1, 5.00),
	(13, 11, 2, 2, 9.00),
	(14, 12, 18, 1, 2.50),
	(15, 12, 17, 1, 4.00),
	(16, 13, 10, 1, 2.50),
	(17, 13, 11, 1, 5.00),
	(18, 15, 18, 1, 2.50),
	(19, 15, 18, 2, 2.50),
	(20, 15, 14, 1, 9.50),
	(21, 16, 1, 3, 4.00),
	(22, 17, 3, 1, 2.50),
	(23, 17, 1, 1, 4.00),
	(24, 18, 7, 1, 4.50),
	(25, 19, 5, 1, 8.00),
	(26, 19, 5, 2, 8.00),
	(27, 20, 3, 1, 2.50),
	(28, 21, 1, 1, 4.00),
	(29, 21, 2, 1, 9.00),
	(30, 22, 12, 1, 3.50),
	(31, 23, 17, 2, 4.00),
	(32, 23, 16, 1, 4.00),
	(33, 23, 19, 1, 3.50),
	(34, 24, 3, 2, 2.50),
	(35, 24, 2, 1, 9.00),
	(36, 25, 23, 1, 4.50),
	(37, 25, 21, 1, 6.00),
	(38, 26, 28, 2, 90.00),
	(39, 27, 16, 1, 4.00),
	(40, 27, 16, 1, 4.00),
	(41, 28, 29, 1, 6.00),
	(42, 28, 26, 2, 12.00),
	(43, 29, 18, 2, 2.50),
	(44, 29, 14, 1, 9.50),
	(45, 30, 19, 1, 3.50),
	(46, 30, 19, 1, 3.50),
	(47, 31, 19, 1, 3.50),
	(48, 31, 15, 1, 8.50),
	(49, 31, 16, 1, 4.00),
	(50, 32, 1, 2, 4.00),
	(51, 33, 27, 1, 10.00),
	(52, 34, 18, 1, 2.50),
	(53, 35, 4, 1, 3.50),
	(54, 36, 17, 1, 4.00),
	(55, 36, 17, 1, 4.00),
	(56, 36, 14, 1, 9.50),
	(57, 37, 7, 3, 4.50),
	(58, 37, 2, 2, 9.00),
	(59, 38, 19, 1, 3.50),
	(60, 38, 15, 1, 8.50),
	(61, 38, 19, 1, 3.50),
	(62, 39, 7, 1, 4.50),
	(63, 40, 10, 1, 2.50),
	(64, 40, 10, 1, 2.50),
	(65, 41, 30, 1, 3.50),
	(66, 41, 27, 1, 10.00),
	(67, 41, 27, 1, 10.00),
	(68, 42, 2, 1, 9.00),
	(69, 42, 4, 1, 3.50),
	(70, 42, 3, 3, 2.50),
	(71, 43, 12, 1, 3.50),
	(72, 43, 12, 1, 3.50),
	(73, 43, 11, 2, 5.00),
	(74, 44, 5, 1, 8.00),
	(75, 44, 1, 1, 4.00),
	(76, 44, 4, 1, 3.50),
	(77, 45, 3, 2, 2.50),
	(78, 46, 23, 1, 4.50),
	(79, 46, 23, 1, 4.50),
	(80, 47, 19, 1, 3.50),
	(81, 47, 17, 2, 4.00),
	(82, 48, 4, 1, 3.50),
	(83, 48, 5, 2, 8.00),
	(84, 48, 1, 1, 4.00),
	(85, 51, 19, 1, 3.50),
	(86, 51, 14, 2, 9.50),
	(87, 51, 16, 1, 4.00),
	(88, 52, 25, 1, 2.50),
	(89, 52, 25, 2, 2.50),
	(90, 53, 23, 3, 4.50),
	(91, 53, 23, 1, 4.50),
	(92, 54, 17, 1, 4.00),
	(93, 54, 18, 2, 2.50),
	(94, 54, 16, 1, 4.00),
	(95, 55, 18, 1, 2.50),
	(96, 55, 19, 1, 3.50),
	(97, 56, 3, 2, 2.50),
	(98, 56, 2, 1, 9.00),
	(99, 57, 11, 1, 5.00),
	(100, 57, 9, 1, 4.00),
	(101, 58, 7, 1, 4.50),
	(102, 58, 4, 1, 3.50),
	(103, 58, 5, 2, 8.00),
	(104, 59, 1, 2, 4.00),
	(105, 59, 5, 1, 8.00),
	(106, 59, 5, 2, 8.00),
	(107, 60, 18, 2, 2.50),
	(108, 61, 4, 1, 3.50),
	(109, 62, 21, 1, 6.00),
	(110, 62, 24, 2, 5.50),
	(111, 63, 23, 1, 4.50),
	(112, 63, 20, 1, 9.00),
	(113, 64, 14, 1, 9.50),
	(114, 64, 17, 1, 4.00),
	(115, 65, 9, 3, 4.00),
	(116, 66, 5, 1, 8.00),
	(117, 67, 29, 1, 6.00),
	(118, 67, 26, 1, 12.00),
	(119, 68, 1, 1, 4.00),
	(120, 68, 8, 2, 2.00),
	(121, 68, 7, 2, 4.50),
	(122, 69, 16, 1, 4.00),
	(123, 69, 17, 2, 4.00),
	(124, 69, 15, 1, 8.50),
	(125, 70, 12, 3, 3.50),
	(126, 70, 10, 1, 2.50),
	(127, 71, 9, 1, 4.00),
	(128, 71, 9, 1, 4.00),
	(129, 71, 9, 1, 4.00),
	(130, 72, 21, 1, 6.00),
	(131, 73, 19, 1, 3.50),
	(132, 73, 15, 1, 8.50),
	(133, 73, 16, 1, 4.00),
	(134, 74, 25, 1, 2.50),
	(135, 74, 21, 3, 6.00),
	(136, 74, 23, 1, 4.50),
	(137, 75, 27, 1, 10.00),
	(138, 77, 5, 1, 8.00),
	(139, 77, 7, 1, 4.50),
	(140, 78, 14, 1, 9.50),
	(141, 78, 16, 1, 4.00),
	(142, 78, 14, 2, 9.50),
	(143, 79, 23, 1, 4.50),
	(144, 80, 30, 3, 3.50),
	(145, 80, 27, 1, 10.00),
	(146, 80, 26, 1, 12.00),
	(147, 81, 22, 3, 8.50),
	(148, 82, 25, 1, 2.50),
	(149, 82, 21, 1, 6.00),
	(150, 82, 25, 1, 2.50),
	(151, 83, 1, 1, 4.00),
	(152, 83, 3, 1, 2.50),
	(153, 83, 3, 1, 2.50),
	(154, 84, 16, 1, 4.00),
	(155, 85, 7, 3, 4.50),
	(156, 85, 3, 1, 2.50),
	(157, 85, 5, 1, 8.00),
	(158, 86, 11, 1, 5.00),
	(159, 86, 9, 1, 4.00),
	(160, 86, 9, 1, 4.00),
	(161, 87, 17, 1, 4.00),
	(162, 87, 19, 1, 3.50),
	(163, 89, 24, 1, 5.50),
	(164, 89, 21, 1, 6.00),
	(165, 90, 23, 1, 4.50),
	(166, 91, 5, 1, 8.00),
	(167, 92, 21, 1, 6.00),
	(168, 92, 21, 1, 6.00),
	(169, 93, 28, 2, 90.00),
	(170, 94, 1, 1, 4.00),
	(171, 94, 1, 2, 4.00),
	(172, 95, 1, 2, 4.00),
	(173, 95, 7, 2, 4.50),
	(174, 96, 4, 1, 3.50),
	(175, 96, 7, 1, 4.50),
	(176, 97, 1, 1, 4.00),
	(177, 97, 2, 1, 9.00),
	(178, 97, 4, 1, 3.50),
	(179, 98, 19, 1, 3.50),
	(180, 98, 14, 1, 9.50),
	(181, 98, 19, 1, 3.50),
	(182, 99, 26, 1, 12.00),
	(183, 100, 23, 1, 4.50),
	(184, 100, 22, 2, 8.50),
	(185, 102, 29, 1, 6.00),
	(186, 103, 9, 1, 4.00),
	(187, 104, 1, 1, 4.00),
	(188, 105, 5, 1, 8.00),
	(189, 105, 5, 2, 8.00),
	(190, 105, 7, 1, 4.50),
	(191, 106, 10, 1, 2.50),
	(192, 106, 12, 1, 3.50),
	(193, 106, 10, 1, 2.50),
	(194, 107, 20, 1, 9.00),
	(195, 107, 22, 1, 8.50),
	(196, 108, 5, 1, 8.00),
	(197, 108, 3, 1, 2.50),
	(198, 108, 2, 1, 9.00),
	(199, 109, 19, 1, 3.50),
	(200, 109, 16, 1, 4.00),
	(201, 110, 9, 1, 4.00),
	(202, 110, 11, 1, 5.00),
	(203, 111, 16, 1, 4.00),
	(204, 112, 7, 1, 4.50),
	(205, 113, 15, 1, 8.50),
	(206, 114, 18, 1, 2.50),
	(207, 114, 14, 1, 9.50),
	(208, 115, 14, 1, 9.50),
	(209, 115, 14, 1, 9.50),
	(210, 116, 17, 1, 4.00),
	(211, 116, 16, 1, 4.00),
	(212, 116, 15, 2, 8.50),
	(213, 117, 9, 2, 4.00),
	(214, 118, 14, 2, 9.50),
	(215, 118, 15, 2, 8.50),
	(216, 119, 14, 1, 9.50),
	(217, 119, 16, 1, 4.00),
	(218, 120, 30, 1, 3.50),
	(219, 121, 27, 1, 10.00),
	(220, 121, 26, 1, 12.00),
	(221, 122, 10, 1, 2.50),
	(222, 123, 17, 1, 4.00),
	(223, 123, 15, 1, 8.50),
	(224, 124, 14, 2, 9.50),
	(225, 124, 16, 1, 4.00),
	(226, 124, 15, 2, 8.50),
	(227, 125, 23, 1, 4.50),
	(228, 126, 22, 2, 8.50),
	(229, 127, 3, 1, 2.50),
	(230, 127, 8, 1, 2.00),
	(231, 128, 14, 1, 9.50),
	(232, 128, 14, 1, 9.50),
	(233, 131, 16, 1, 4.00),
	(234, 132, 19, 1, 3.50),
	(235, 132, 16, 1, 4.00),
	(236, 133, 19, 2, 3.50),
	(237, 133, 15, 1, 8.50),
	(238, 134, 10, 1, 2.50),
	(239, 135, 23, 1, 4.50),
	(240, 135, 24, 1, 5.50),
	(241, 135, 25, 1, 2.50),
	(242, 136, 7, 1, 4.50),
	(243, 136, 5, 2, 8.00),
	(244, 137, 17, 1, 4.00),
	(245, 137, 17, 1, 4.00),
	(246, 138, 1, 1, 4.00),
	(247, 138, 3, 1, 2.50),
	(248, 139, 14, 1, 9.50),
	(249, 139, 19, 1, 3.50),
	(250, 141, 6, 1, 12.00),
	(251, 142, 1, 1, 4.00),
	(252, 142, 7, 1, 4.50),
	(253, 142, 5, 1, 8.00),
	(254, 144, 29, 2, 6.00),
	(255, 144, 26, 2, 12.00),
	(256, 145, 18, 1, 2.50),
	(257, 145, 17, 2, 4.00),
	(258, 145, 18, 3, 2.50),
	(259, 146, 2, 1, 9.00),
	(260, 147, 29, 1, 6.00),
	(261, 147, 29, 1, 6.00),
	(262, 148, 1, 3, 4.00),
	(263, 148, 3, 1, 2.50),
	(264, 149, 3, 1, 2.50),
	(265, 149, 3, 1, 2.50),
	(266, 150, 29, 1, 6.00),
	(267, 150, 26, 1, 12.00),
	(268, 151, 18, 2, 2.50),
	(269, 152, 25, 2, 2.50),
	(270, 153, 20, 2, 9.00),
	(271, 153, 20, 1, 9.00),
	(272, 153, 23, 1, 4.50),
	(273, 154, 1, 2, 4.00),
	(274, 154, 3, 1, 2.50),
	(275, 155, 21, 2, 6.00),
	(276, 155, 24, 1, 5.50),
	(277, 155, 21, 1, 6.00),
	(278, 156, 16, 1, 4.00),
	(279, 157, 17, 1, 4.00),
	(280, 157, 17, 1, 4.00),
	(281, 158, 30, 1, 3.50),
	(282, 158, 29, 1, 6.00),
	(283, 160, 7, 2, 4.50),
	(284, 160, 2, 1, 9.00),
	(285, 161, 25, 1, 2.50),
	(286, 163, 12, 1, 3.50),
	(287, 163, 11, 1, 5.00),
	(288, 165, 24, 2, 5.50),
	(289, 166, 27, 1, 10.00),
	(290, 166, 26, 1, 12.00),
	(291, 166, 27, 2, 10.00),
	(292, 167, 14, 2, 9.50),
	(293, 168, 27, 1, 10.00),
	(294, 168, 27, 1, 10.00),
	(295, 168, 27, 1, 10.00),
	(296, 169, 5, 1, 8.00),
	(297, 170, 18, 1, 2.50),
	(298, 170, 15, 1, 8.50),
	(299, 170, 19, 1, 3.50),
	(300, 171, 2, 2, 9.00),
	(301, 171, 8, 2, 2.00),
	(302, 172, 3, 1, 2.50),
	(303, 172, 2, 3, 9.00),
	(304, 173, 4, 1, 3.50),
	(305, 173, 5, 1, 8.00),
	(306, 174, 26, 1, 12.00),
	(307, 174, 26, 1, 12.00),
	(308, 175, 16, 2, 4.00),
	(309, 175, 14, 1, 9.50),
	(310, 176, 22, 1, 8.50),
	(311, 177, 14, 2, 9.50),
	(312, 177, 15, 1, 8.50),
	(313, 178, 20, 1, 9.00),
	(314, 178, 21, 1, 6.00),
	(315, 178, 23, 2, 4.50),
	(316, 179, 27, 1, 10.00),
	(317, 179, 27, 1, 10.00),
	(318, 180, 11, 1, 5.00),
	(319, 180, 9, 2, 4.00),
	(320, 181, 5, 1, 8.00),
	(321, 181, 2, 1, 9.00),
	(322, 182, 11, 1, 5.00),
	(323, 182, 11, 1, 5.00),
	(324, 182, 13, 1, 8.00),
	(325, 183, 19, 2, 3.50),
	(326, 183, 14, 2, 9.50),
	(327, 183, 14, 1, 9.50),
	(328, 185, 14, 1, 9.50),
	(329, 185, 16, 1, 4.00),
	(330, 186, 1, 1, 4.00),
	(331, 186, 5, 1, 8.00),
	(332, 187, 19, 1, 3.50),
	(333, 188, 10, 1, 2.50),
	(334, 188, 10, 1, 2.50),
	(335, 188, 11, 1, 5.00),
	(336, 189, 21, 1, 6.00),
	(337, 189, 20, 3, 9.00),
	(338, 189, 23, 2, 4.50),
	(339, 190, 7, 1, 4.50),
	(340, 190, 4, 2, 3.50),
	(341, 190, 1, 2, 4.00),
	(342, 191, 1, 1, 4.00),
	(343, 191, 7, 2, 4.50),
	(344, 192, 3, 1, 2.50),
	(345, 192, 1, 1, 4.00),
	(346, 192, 5, 1, 8.00),
	(347, 194, 11, 2, 5.00),
	(348, 194, 9, 1, 4.00),
	(349, 195, 6, 1, 12.00),
	(350, 196, 21, 1, 6.00),
	(351, 198, 9, 2, 4.00),
	(352, 198, 9, 1, 4.00),
	(353, 199, 26, 1, 12.00),
	(354, 199, 27, 1, 10.00),
	(355, 200, 3, 2, 2.50),
	(356, 201, 3, 1, 2.50),
	(357, 202, 14, 1, 9.50),
	(358, 202, 18, 1, 2.50),
	(359, 202, 16, 1, 4.00),
	(360, 203, 15, 1, 8.50),
	(361, 204, 16, 2, 4.00),
	(362, 205, 17, 2, 4.00),
	(363, 205, 17, 1, 4.00),
	(364, 206, 21, 1, 6.00),
	(365, 206, 21, 1, 6.00),
	(366, 207, 30, 1, 3.50),
	(367, 207, 30, 2, 3.50),
	(368, 209, 18, 1, 2.50),
	(369, 209, 14, 1, 9.50),
	(370, 210, 4, 2, 3.50),
	(371, 210, 2, 1, 9.00),
	(372, 210, 5, 1, 8.00),
	(373, 211, 19, 2, 3.50),
	(374, 211, 17, 1, 4.00),
	(375, 212, 20, 2, 9.00),
	(376, 212, 23, 1, 4.50),
	(377, 213, 25, 1, 2.50),
	(378, 214, 13, 1, 8.00),
	(379, 215, 10, 1, 2.50),
	(380, 215, 12, 1, 3.50),
	(381, 215, 9, 1, 4.00),
	(382, 216, 2, 2, 9.00),
	(383, 216, 5, 1, 8.00),
	(384, 218, 23, 2, 4.50),
	(385, 218, 25, 1, 2.50),
	(386, 219, 1, 1, 4.00),
	(387, 219, 4, 1, 3.50),
	(388, 220, 14, 1, 9.50),
	(389, 220, 17, 1, 4.00),
	(390, 220, 14, 1, 9.50),
	(391, 221, 24, 1, 5.50),
	(392, 221, 23, 1, 4.50),
	(393, 222, 5, 3, 8.00),
	(394, 222, 7, 1, 4.50),
	(395, 222, 8, 1, 2.00),
	(396, 224, 23, 2, 4.50),
	(397, 224, 20, 1, 9.00),
	(398, 225, 14, 1, 9.50),
	(399, 225, 17, 2, 4.00),
	(400, 226, 17, 3, 4.00),
	(401, 226, 19, 2, 3.50),
	(402, 227, 17, 1, 4.00),
	(403, 227, 14, 2, 9.50),
	(404, 228, 2, 1, 9.00),
	(405, 228, 2, 2, 9.00),
	(406, 228, 1, 1, 4.00),
	(407, 229, 27, 2, 10.00),
	(408, 229, 26, 1, 12.00),
	(409, 230, 21, 1, 6.00),
	(410, 230, 25, 3, 2.50),
	(411, 230, 24, 1, 5.50),
	(412, 231, 4, 3, 3.50),
	(413, 231, 7, 1, 4.50),
	(414, 232, 1, 1, 4.00),
	(415, 232, 5, 1, 8.00),
	(416, 232, 3, 1, 2.50),
	(417, 233, 1, 2, 4.00),
	(418, 233, 7, 2, 4.50),
	(419, 233, 1, 1, 4.00),
	(420, 234, 27, 1, 10.00),
	(421, 235, 13, 1, 8.00),
	(422, 235, 13, 1, 8.00),
	(423, 235, 11, 1, 5.00),
	(424, 236, 10, 3, 2.50),
	(425, 238, 25, 2, 2.50),
	(426, 239, 3, 1, 2.50),
	(427, 239, 1, 1, 4.00),
	(428, 241, 11, 1, 5.00),
	(429, 241, 12, 1, 3.50),
	(430, 241, 10, 1, 2.50),
	(431, 242, 26, 1, 12.00),
	(432, 243, 27, 2, 10.00),
	(433, 243, 30, 1, 3.50),
	(434, 244, 16, 1, 4.00),
	(435, 244, 16, 1, 4.00),
	(436, 244, 18, 2, 2.50),
	(437, 245, 10, 1, 2.50),
	(438, 245, 9, 1, 4.00),
	(439, 246, 27, 1, 10.00),
	(440, 246, 30, 2, 3.50),
	(441, 247, 6, 2, 12.00),
	(442, 248, 17, 2, 4.00),
	(443, 248, 14, 1, 9.50),
	(444, 248, 15, 1, 8.50),
	(445, 249, 30, 1, 3.50),
	(446, 252, 14, 1, 9.50),
	(447, 253, 27, 1, 10.00),
	(448, 253, 28, 1, 90.00),
	(449, 253, 28, 1, 90.00),
	(450, 254, 4, 1, 3.50),
	(451, 255, 16, 1, 4.00),
	(452, 256, 25, 1, 2.50),
	(453, 256, 24, 1, 5.50),
	(454, 257, 15, 1, 8.50),
	(455, 258, 27, 2, 10.00),
	(456, 258, 30, 1, 3.50),
	(457, 258, 30, 2, 3.50),
	(458, 259, 20, 1, 9.00),
	(459, 259, 21, 1, 6.00),
	(460, 261, 23, 1, 4.50),
	(461, 262, 5, 1, 8.00),
	(462, 262, 6, 2, 12.00),
	(463, 263, 21, 1, 6.00),
	(464, 264, 2, 2, 9.00),
	(465, 265, 5, 2, 8.00),
	(466, 265, 3, 1, 2.50),
	(467, 265, 1, 1, 4.00),
	(468, 266, 14, 1, 9.50),
	(469, 266, 19, 1, 3.50),
	(470, 267, 3, 1, 2.50),
	(471, 267, 6, 1, 12.00),
	(472, 267, 1, 1, 4.00),
	(473, 268, 22, 2, 8.50),
	(474, 268, 21, 2, 6.00),
	(475, 270, 4, 2, 3.50),
	(476, 270, 1, 2, 4.00),
	(477, 270, 4, 1, 3.50),
	(478, 271, 10, 1, 2.50),
	(479, 272, 27, 1, 10.00),
	(480, 272, 26, 1, 12.00),
	(481, 273, 21, 1, 6.00),
	(482, 273, 24, 2, 5.50),
	(483, 273, 24, 2, 5.50),
	(484, 274, 17, 1, 4.00),
	(485, 274, 15, 1, 8.50),
	(486, 275, 16, 2, 4.00),
	(487, 275, 16, 1, 4.00),
	(488, 275, 17, 1, 4.00),
	(489, 276, 22, 2, 8.50),
	(490, 276, 21, 1, 6.00),
	(491, 276, 25, 2, 2.50),
	(492, 277, 14, 3, 9.50),
	(493, 277, 17, 1, 4.00),
	(494, 277, 19, 1, 3.50),
	(495, 278, 4, 2, 3.50),
	(496, 278, 5, 2, 8.00),
	(497, 278, 1, 1, 4.00),
	(498, 279, 2, 1, 9.00),
	(499, 279, 8, 2, 2.00),
	(500, 279, 5, 1, 8.00),
	(501, 282, 3, 1, 2.50),
	(502, 282, 2, 2, 9.00),
	(503, 283, 4, 1, 3.50),
	(504, 283, 7, 1, 4.50),
	(505, 283, 1, 1, 4.00),
	(506, 284, 24, 1, 5.50),
	(507, 284, 25, 3, 2.50),
	(508, 285, 18, 1, 2.50),
	(509, 285, 15, 1, 8.50),
	(510, 285, 18, 1, 2.50),
	(511, 286, 27, 2, 10.00),
	(512, 286, 26, 1, 12.00),
	(513, 287, 16, 1, 4.00),
	(514, 288, 19, 3, 3.50),
	(515, 288, 14, 2, 9.50),
	(516, 289, 17, 1, 4.00),
	(517, 290, 26, 1, 12.00),
	(518, 291, 4, 2, 3.50),
	(519, 291, 5, 1, 8.00),
	(520, 291, 7, 2, 4.50),
	(521, 293, 22, 3, 8.50),
	(522, 293, 25, 3, 2.50),
	(523, 293, 23, 2, 4.50),
	(524, 294, 12, 1, 3.50),
	(525, 294, 12, 1, 3.50),
	(526, 295, 24, 1, 5.50),
	(527, 295, 22, 1, 8.50),
	(528, 295, 22, 3, 8.50),
	(529, 296, 27, 1, 10.00),
	(530, 297, 11, 1, 5.00),
	(531, 297, 10, 2, 2.50),
	(532, 297, 9, 1, 4.00),
	(533, 298, 17, 1, 4.00),
	(534, 299, 15, 1, 8.50),
	(535, 299, 19, 2, 3.50),
	(536, 300, 10, 1, 2.50),
	(537, 301, 19, 1, 3.50),
	(538, 301, 18, 1, 2.50),
	(539, 301, 19, 1, 3.50),
	(540, 302, 22, 1, 8.50),
	(541, 302, 20, 1, 9.00),
	(542, 303, 3, 1, 2.50),
	(543, 303, 3, 1, 2.50),
	(544, 304, 16, 2, 4.00),
	(545, 304, 18, 2, 2.50),
	(546, 304, 16, 1, 4.00),
	(547, 305, 3, 1, 2.50),
	(548, 305, 2, 1, 9.00),
	(549, 305, 2, 1, 9.00),
	(550, 306, 27, 2, 10.00),
	(551, 306, 29, 1, 6.00),
	(552, 306, 26, 1, 12.00),
	(553, 307, 15, 3, 8.50),
	(554, 308, 2, 3, 9.00),
	(555, 309, 9, 1, 4.00),
	(556, 310, 14, 1, 9.50),
	(557, 311, 2, 1, 9.00),
	(558, 311, 4, 3, 3.50),
	(559, 312, 17, 1, 4.00),
	(560, 312, 14, 1, 9.50),
	(561, 312, 14, 1, 9.50),
	(562, 313, 27, 1, 10.00),
	(563, 314, 10, 2, 2.50),
	(564, 315, 1, 1, 4.00),
	(565, 317, 20, 1, 9.00),
	(566, 317, 20, 1, 9.00),
	(567, 318, 9, 1, 4.00),
	(568, 319, 6, 3, 12.00),
	(569, 319, 3, 1, 2.50),
	(570, 319, 2, 1, 9.00),
	(571, 320, 19, 1, 3.50),
	(572, 320, 17, 1, 4.00),
	(573, 320, 17, 1, 4.00),
	(574, 321, 7, 1, 4.50),
	(575, 321, 8, 1, 2.00),
	(576, 321, 4, 1, 3.50),
	(577, 322, 29, 1, 6.00),
	(578, 322, 29, 1, 6.00),
	(579, 322, 28, 3, 90.00),
	(580, 323, 30, 1, 3.50),
	(581, 323, 29, 1, 6.00),
	(582, 323, 29, 1, 6.00),
	(583, 324, 3, 1, 2.50),
	(584, 324, 7, 1, 4.50),
	(585, 324, 6, 1, 12.00),
	(586, 326, 30, 1, 3.50),
	(587, 326, 26, 1, 12.00),
	(588, 326, 26, 1, 12.00),
	(589, 327, 13, 1, 8.00),
	(590, 327, 11, 1, 5.00),
	(591, 327, 9, 1, 4.00),
	(592, 328, 26, 1, 12.00),
	(593, 328, 27, 1, 10.00),
	(594, 329, 16, 1, 4.00),
	(595, 329, 15, 1, 8.50),
	(596, 330, 29, 1, 6.00),
	(597, 330, 26, 1, 12.00),
	(598, 331, 7, 1, 4.50),
	(599, 331, 5, 1, 8.00),
	(600, 331, 5, 1, 8.00),
	(601, 332, 10, 1, 2.50),
	(602, 333, 9, 1, 4.00),
	(603, 333, 10, 1, 2.50),
	(604, 333, 10, 1, 2.50),
	(605, 334, 7, 3, 4.50),
	(606, 336, 30, 1, 3.50),
	(607, 336, 27, 1, 10.00),
	(608, 337, 7, 1, 4.50),
	(609, 337, 3, 1, 2.50),
	(610, 337, 4, 1, 3.50),
	(611, 339, 1, 2, 4.00),
	(612, 339, 5, 1, 8.00),
	(613, 340, 9, 1, 4.00),
	(614, 340, 9, 1, 4.00),
	(615, 340, 12, 1, 3.50),
	(616, 341, 19, 2, 3.50),
	(617, 341, 18, 1, 2.50),
	(618, 341, 19, 1, 3.50),
	(619, 342, 30, 3, 3.50),
	(620, 344, 2, 2, 9.00),
	(621, 345, 3, 1, 2.50),
	(622, 345, 1, 1, 4.00),
	(623, 346, 21, 1, 6.00),
	(624, 346, 23, 1, 4.50),
	(625, 346, 20, 1, 9.00),
	(626, 347, 2, 1, 9.00),
	(627, 347, 7, 2, 4.50),
	(628, 347, 1, 2, 4.00),
	(629, 348, 16, 1, 4.00),
	(630, 348, 15, 1, 8.50),
	(631, 348, 16, 1, 4.00),
	(632, 349, 30, 1, 3.50),
	(633, 351, 10, 1, 2.50),
	(634, 351, 9, 2, 4.00),
	(635, 351, 9, 2, 4.00),
	(636, 352, 21, 1, 6.00),
	(637, 354, 1, 1, 4.00),
	(638, 355, 16, 2, 4.00),
	(639, 355, 18, 1, 2.50),
	(640, 355, 14, 1, 9.50),
	(641, 356, 30, 1, 3.50),
	(642, 357, 2, 1, 9.00),
	(643, 358, 7, 1, 4.50),
	(644, 358, 6, 1, 12.00),
	(645, 358, 7, 1, 4.50),
	(646, 359, 20, 1, 9.00),
	(647, 359, 24, 1, 5.50),
	(648, 359, 23, 2, 4.50),
	(649, 360, 23, 1, 4.50),
	(650, 362, 2, 1, 9.00),
	(651, 362, 4, 1, 3.50),
	(652, 363, 2, 2, 9.00),
	(653, 363, 7, 1, 4.50),
	(654, 363, 6, 1, 12.00),
	(655, 364, 14, 1, 9.50),
	(656, 364, 19, 1, 3.50),
	(657, 365, 3, 1, 2.50),
	(658, 366, 16, 2, 4.00),
	(659, 367, 6, 1, 12.00),
	(660, 367, 1, 1, 4.00),
	(661, 368, 21, 2, 6.00),
	(662, 368, 24, 1, 5.50),
	(663, 370, 20, 1, 9.00),
	(664, 370, 25, 2, 2.50),
	(665, 370, 24, 1, 5.50),
	(666, 371, 4, 1, 3.50),
	(667, 371, 3, 1, 2.50),
	(668, 372, 3, 1, 2.50),
	(669, 372, 2, 1, 9.00),
	(670, 372, 4, 2, 3.50),
	(671, 374, 6, 1, 12.00),
	(672, 374, 1, 1, 4.00),
	(673, 374, 3, 2, 2.50),
	(674, 375, 15, 1, 8.50),
	(675, 375, 16, 1, 4.00),
	(676, 375, 18, 1, 2.50),
	(677, 376, 25, 1, 2.50),
	(678, 376, 24, 1, 5.50),
	(679, 376, 25, 2, 2.50),
	(680, 377, 14, 1, 9.50),
	(681, 378, 1, 1, 4.00),
	(682, 378, 2, 1, 9.00),
	(683, 378, 2, 2, 9.00),
	(684, 379, 8, 2, 2.00),
	(685, 380, 2, 1, 9.00),
	(686, 380, 5, 1, 8.00),
	(687, 381, 4, 1, 3.50),
	(688, 381, 1, 1, 4.00),
	(689, 382, 20, 2, 9.00),
	(690, 382, 20, 1, 9.00),
	(691, 383, 26, 1, 12.00),
	(692, 385, 10, 1, 2.50),
	(693, 386, 21, 1, 6.00),
	(694, 386, 22, 1, 8.50),
	(695, 386, 25, 1, 2.50),
	(696, 388, 2, 1, 9.00),
	(697, 389, 23, 1, 4.50),
	(698, 389, 25, 1, 2.50),
	(699, 389, 21, 1, 6.00),
	(700, 390, 5, 2, 8.00),
	(701, 390, 4, 1, 3.50),
	(702, 390, 1, 1, 4.00),
	(703, 391, 3, 1, 2.50),
	(704, 392, 7, 1, 4.50),
	(705, 392, 5, 2, 8.00),
	(706, 393, 27, 2, 10.00),
	(707, 394, 10, 1, 2.50),
	(708, 394, 9, 1, 4.00),
	(709, 394, 11, 2, 5.00),
	(710, 395, 2, 1, 9.00),
	(711, 396, 22, 2, 8.50),
	(712, 396, 20, 3, 9.00),
	(713, 397, 1, 1, 4.00),
	(714, 398, 29, 1, 6.00),
	(715, 398, 27, 3, 10.00),
	(716, 398, 30, 1, 3.50),
	(717, 399, 17, 1, 4.00),
	(718, 400, 6, 1, 12.00),
	(719, 400, 7, 1, 4.50),
	(720, 401, 6, 1, 12.00),
	(721, 401, 8, 1, 2.00),
	(722, 403, 21, 1, 6.00),
	(723, 403, 22, 1, 8.50),
	(724, 403, 24, 1, 5.50),
	(725, 404, 15, 1, 8.50),
	(726, 404, 14, 1, 9.50),
	(727, 404, 15, 2, 8.50),
	(728, 405, 11, 1, 5.00),
	(729, 405, 9, 1, 4.00),
	(730, 407, 2, 1, 9.00),
	(731, 408, 14, 1, 9.50),
	(732, 408, 18, 2, 2.50),
	(733, 408, 14, 1, 9.50),
	(734, 411, 26, 1, 12.00),
	(735, 411, 26, 1, 12.00),
	(736, 411, 26, 1, 12.00),
	(737, 412, 17, 1, 4.00),
	(738, 413, 27, 1, 10.00),
	(739, 414, 12, 1, 3.50),
	(740, 414, 11, 1, 5.00),
	(741, 415, 1, 2, 4.00),
	(742, 415, 2, 1, 9.00),
	(743, 416, 20, 1, 9.00),
	(744, 417, 20, 3, 9.00),
	(745, 417, 25, 1, 2.50),
	(746, 417, 20, 1, 9.00),
	(747, 418, 3, 1, 2.50),
	(748, 419, 3, 1, 2.50),
	(749, 419, 4, 1, 3.50),
	(750, 420, 1, 1, 4.00),
	(751, 421, 1, 1, 4.00),
	(752, 421, 7, 2, 4.50),
	(753, 422, 3, 1, 2.50),
	(754, 422, 1, 1, 4.00),
	(755, 423, 18, 2, 2.50),
	(756, 423, 14, 1, 9.50),
	(757, 424, 18, 1, 2.50),
	(758, 425, 5, 1, 8.00),
	(759, 425, 3, 1, 2.50),
	(760, 426, 29, 1, 6.00),
	(761, 426, 29, 1, 6.00),
	(762, 426, 26, 2, 12.00),
	(763, 427, 26, 1, 12.00),
	(764, 427, 29, 1, 6.00),
	(765, 428, 26, 1, 12.00),
	(766, 429, 14, 1, 9.50),
	(767, 429, 17, 2, 4.00),
	(768, 429, 18, 3, 2.50),
	(769, 430, 1, 1, 4.00),
	(770, 430, 2, 1, 9.00),
	(771, 430, 1, 1, 4.00),
	(772, 431, 29, 2, 6.00),
	(773, 431, 26, 2, 12.00),
	(774, 431, 30, 2, 3.50),
	(775, 432, 11, 2, 5.00),
	(776, 432, 9, 1, 4.00),
	(777, 432, 9, 1, 4.00),
	(778, 434, 4, 1, 3.50),
	(779, 435, 1, 1, 4.00),
	(780, 435, 1, 1, 4.00),
	(781, 436, 16, 1, 4.00),
	(782, 436, 17, 1, 4.00),
	(783, 437, 30, 1, 3.50),
	(784, 438, 17, 1, 4.00),
	(785, 438, 15, 3, 8.50),
	(786, 439, 2, 1, 9.00),
	(787, 440, 21, 2, 6.00),
	(788, 441, 25, 1, 2.50),
	(789, 441, 23, 2, 4.50),
	(790, 442, 17, 1, 4.00),
	(791, 442, 14, 1, 9.50),
	(792, 443, 17, 1, 4.00),
	(793, 443, 16, 1, 4.00),
	(794, 445, 29, 1, 6.00),
	(795, 445, 30, 1, 3.50),
	(796, 445, 26, 3, 12.00),
	(797, 446, 7, 3, 4.50),
	(798, 446, 4, 1, 3.50),
	(799, 447, 20, 1, 9.00),
	(800, 447, 22, 3, 8.50),
	(801, 448, 24, 1, 5.50),
	(802, 448, 21, 2, 6.00),
	(803, 449, 5, 1, 8.00),
	(804, 449, 1, 1, 4.00),
	(805, 449, 3, 1, 2.50),
	(806, 450, 12, 1, 3.50),
	(807, 450, 9, 1, 4.00),
	(808, 450, 11, 1, 5.00),
	(809, 451, 7, 1, 4.50),
	(810, 451, 1, 1, 4.00),
	(811, 452, 30, 1, 3.50),
	(812, 453, 21, 1, 6.00),
	(813, 454, 6, 1, 12.00),
	(814, 455, 16, 1, 4.00),
	(815, 455, 15, 1, 8.50),
	(816, 455, 18, 1, 2.50),
	(817, 456, 26, 3, 12.00),
	(818, 456, 26, 1, 12.00),
	(819, 458, 6, 1, 12.00),
	(820, 458, 2, 1, 9.00),
	(821, 458, 4, 1, 3.50),
	(822, 459, 26, 1, 12.00),
	(823, 459, 29, 1, 6.00),
	(824, 459, 30, 1, 3.50),
	(825, 460, 26, 1, 12.00),
	(826, 461, 5, 1, 8.00),
	(827, 461, 1, 1, 4.00),
	(828, 463, 14, 1, 9.50),
	(829, 463, 17, 1, 4.00),
	(830, 463, 14, 1, 9.50),
	(831, 464, 1, 3, 4.00),
	(832, 464, 2, 1, 9.00),
	(833, 465, 18, 1, 2.50),
	(834, 466, 27, 1, 10.00),
	(835, 466, 26, 1, 12.00),
	(836, 466, 27, 1, 10.00),
	(837, 467, 14, 1, 9.50),
	(838, 467, 18, 1, 2.50),
	(839, 467, 15, 1, 8.50),
	(840, 468, 15, 1, 8.50),
	(841, 469, 4, 1, 3.50),
	(842, 469, 2, 1, 9.00),
	(843, 470, 20, 1, 9.00),
	(844, 471, 16, 1, 4.00),
	(845, 472, 19, 1, 3.50),
	(846, 472, 16, 1, 4.00),
	(847, 472, 18, 1, 2.50),
	(848, 473, 21, 1, 6.00),
	(849, 473, 21, 1, 6.00),
	(850, 473, 22, 2, 8.50),
	(851, 474, 30, 1, 3.50),
	(852, 474, 27, 2, 10.00),
	(853, 474, 30, 1, 3.50);

